ID, king_code, king_year, king_month, jyear, jmonth, jday, JDat00h, moon_age
0,k001,0,1,-625,4,5,1492870.5,2
1,k001,0,2,-625,5,5,1492900.5,2
2,k001,0,3,-625,6,4,1492930.5,2
3,k001,0,4,-625,7,3,1492959.5,2
4,k001,0,5,-625,8,2,1492989.5,2
5,k001,0,6,-625,8,31,1493018.5,2
6,k001,0,7,-625,9,29,1493047.5,1
7,k001,0,8,-625,10,29,1493077.5,2
8,k001,0,9,-625,11,27,1493106.5,1
9,k001,0,10,-625,12,27,1493136.5,2
10,k001,0,11,-624,1,25,1493165.5,1
11,k001,0,12,-624,2,24,1493195.5,2
12,k001,1,1,-624,3,24,1493224.5,1
13,k001,1,2,-624,4,23,1493254.5,2
14,k001,1,3,-624,5,23,1493284.5,2
15,k001,1,4,-624,6,21,1493313.5,2
16,k001,1,5,-624,7,21,1493343.5,2
17,k001,1,6,-624,8,19,1493372.5,2
18,k001,1,7,-624,9,18,1493402.5,2
19,k001,1,8,-624,10,18,1493432.5,2
20,k001,1,9,-624,11,16,1493461.5,2
21,k001,1,10,-624,12,16,1493491.5,2
22,k001,1,11,-623,1,14,1493520.5,2
23,k001,1,12,-623,2,12,1493549.5,1
24,k001,2,1,-623,3,14,1493579.5,2
25,k001,2,2,-623,4,12,1493608.5,1
26,k001,2,3,-623,5,12,1493638.5,2
27,k001,2,4,-623,6,10,1493667.5,1
28,k001,2,5,-623,7,10,1493697.5,2
29,k001,2,6,-623,8,9,1493727.5,2
30,k001,2,7,-623,9,7,1493756.5,2
31,k001,2,8,-623,10,7,1493786.5,2
32,k001,2,9,-623,11,6,1493816.5,3
33,k001,2,10,-623,12,5,1493845.5,2
34,k001,2,11,-622,1,4,1493875.5,3
35,k001,2,12,-622,2,2,1493904.5,2
36,k001,2,12.5,-622,3,3,1493933.5,1
37,k001,3,1,-622,4,2,1493963.5,2
38,k001,3,2,-622,5,1,1493992.5,1
39,k001,3,3,-622,5,31,1494022.5,2
40,k001,3,4,-622,6,29,1494051.5,1
41,k001,3,5,-622,7,29,1494081.5,2
42,k001,3,6,-622,8,27,1494110.5,1
43,k001,3,7,-622,9,26,1494140.5,2
44,k001,3,8,-622,10,26,1494170.5,2
45,k001,3,9,-622,11,25,1494200.5,3
46,k001,3,10,-622,12,24,1494229.5,2
47,k001,3,11,-621,1,23,1494259.5,3
48,k001,3,12,-621,2,21,1494288.5,2
49,k001,4,1,-621,3,22,1494317.5,2
50,k001,4,2,-621,4,21,1494347.5,2
51,k001,4,3,-621,5,20,1494376.5,1
52,k001,4,4,-621,6,18,1494405.5,1
53,k001,4,5,-621,7,18,1494435.5,1
54,k001,4,6,-621,8,16,1494464.5,1
55,k001,4,7,-621,9,15,1494494.5,1
56,k001,4,8,-621,10,15,1494524.5,2
57,k001,4,9,-621,11,14,1494554.5,2
58,k001,4,10,-621,12,13,1494583.5,2
59,k001,4,11,-620,1,12,1494613.5,2
60,k001,4,12,-620,2,11,1494643.5,3
61,k001,5,1,-620,3,11,1494672.5,2
62,k001,5,2,-620,4,9,1494701.5,2
63,k001,5,3,-620,5,9,1494731.5,2
64,k001,5,4,-620,6,7,1494760.5,2
65,k001,5,5,-620,7,6,1494789.5,1
66,k001,5,6,-620,8,5,1494819.5,2
67,k001,5,6.5,-620,9,3,1494848.5,1
68,k001,5,7,-620,10,3,1494878.5,1
69,k001,5,8,-620,11,2,1494908.5,2
70,k001,5,9,-620,12,2,1494938.5,2
71,k001,5,10,-619,1,1,1494968.5,3
72,k001,5,11,-619,1,30,1494997.5,2
73,k001,5,12,-619,3,1,1495027.5,3
74,k001,6,1,-619,3,30,1495056.5,2
75,k001,6,2,-619,4,28,1495085.5,2
76,k001,6,3,-619,5,28,1495115.5,2
77,k001,6,4,-619,6,26,1495144.5,2
78,k001,6,5,-619,7,25,1495173.5,1
79,k001,6,6,-619,8,24,1495203.5,2
80,k001,6,7,-619,9,22,1495232.5,1
81,k001,6,8,-619,10,22,1495262.5,2
82,k001,6,9,-619,11,21,1495292.5,2
83,k001,6,10,-619,12,21,1495322.5,3
84,k001,6,11,-618,1,19,1495351.5,2
85,k001,6,12,-618,2,18,1495381.5,2
86,k001,7,1,-618,3,19,1495410.5,2
87,k001,7,2,-618,4,18,1495440.5,2
88,k001,7,3,-618,5,17,1495469.5,2
89,k001,7,4,-618,6,16,1495499.5,2
90,k001,7,5,-618,7,15,1495528.5,2
91,k001,7,6,-618,8,13,1495557.5,1
92,k001,7,7,-618,9,12,1495587.5,2
93,k001,7,8,-618,10,12,1495617.5,2
94,k001,7,9,-618,11,10,1495646.5,2
95,k001,7,10,-618,12,10,1495676.5,2
96,k001,7,11,-617,1,8,1495705.5,2
97,k001,7,12,-617,2,7,1495735.5,2
98,k001,7,12.5,-617,3,8,1495764.5,2
99,k001,8,1,-617,4,7,1495794.5,2
100,k001,8,2,-617,5,7,1495824.5,2
101,k001,8,3,-617,6,5,1495853.5,2
102,k001,8,4,-617,7,5,1495883.5,2
103,k001,8,5,-617,8,3,1495912.5,2
104,k001,8,6,-617,9,1,1495941.5,1
105,k001,8,6.5,-617,10,1,1495971.5,2
106,k001,8,8,-617,10,31,1496001.5,2
107,k001,8,9,-617,11,29,1496030.5,2
108,k001,8,10,-617,12,28,1496059.5,1
109,k001,8,11,-616,1,27,1496089.5,2
110,k001,8,12,-616,2,25,1496118.5,1
111,k001,9,1,-616,3,26,1496148.5,2
112,k001,9,2,-616,4,25,1496178.5,2
113,k001,9,3,-616,5,24,1496207.5,2
114,k001,9,4,-616,6,23,1496237.5,2
115,k001,9,5,-616,7,23,1496267.5,3
116,k001,9,6,-616,8,21,1496296.5,2
117,k001,9,7,-616,9,20,1496326.5,2
118,k001,9,8,-616,10,19,1496355.5,2
119,k001,9,9,-616,11,18,1496385.5,2
120,k001,9,10,-616,12,17,1496414.5,2
121,k001,9,11,-615,1,15,1496443.5,1
122,k001,9,12,-615,2,14,1496473.5,2
123,k001,10,1,-615,3,15,1496502.5,1
124,k001,10,2,-615,4,14,1496532.5,2
125,k001,10,3,-615,5,13,1496561.5,1
126,k001,10,4,-615,6,12,1496591.5,2
127,k001,10,5,-615,7,12,1496621.5,2
128,k001,10,6,-615,8,11,1496651.5,3
129,k001,10,6.5,-615,9,9,1496680.5,2
130,k001,10,7,-615,10,9,1496710.5,3
131,k001,10,8,-615,11,7,1496739.5,2
132,k001,10,9,-615,12,7,1496769.5,3
133,k001,10,10,-614,1,5,1496798.5,2
134,k001,10,11,-614,2,3,1496827.5,1
135,k001,10,12,-614,3,5,1496857.5,2
136,k001,11,1,-614,4,3,1496886.5,1
137,k001,11,2,-614,5,3,1496916.5,2
138,k001,11,3,-614,6,1,1496945.5,1
139,k001,11,4,-614,7,1,1496975.5,2
140,k001,11,5,-614,7,31,1497005.5,2
141,k001,11,6,-614,8,30,1497035.5,3
142,k001,11,7,-614,9,28,1497064.5,2
143,k001,11,8,-614,10,28,1497094.5,3
144,k001,11,9,-614,11,26,1497123.5,2
145,k001,11,10,-614,12,26,1497153.5,3
146,k001,11,11,-613,1,24,1497182.5,2
147,k001,11,12,-613,2,22,1497211.5,2
148,k001,12,1,-613,3,24,1497241.5,2
149,k001,12,2,-613,4,22,1497270.5,1
150,k001,12,3,-613,5,21,1497299.5,1
151,k001,12,4,-613,6,20,1497329.5,1
152,k001,12,5,-613,7,20,1497359.5,2
153,k001,12,6,-613,8,19,1497389.5,2
154,k001,12,7,-613,9,18,1497419.5,3
155,k001,12,8,-613,10,17,1497448.5,2
156,k001,12,9,-613,11,16,1497478.5,3
157,k001,12,10,-613,12,15,1497507.5,2
158,k001,12,11,-612,1,13,1497536.5,2
159,k001,12,12,-612,2,12,1497566.5,2
160,k001,12,12.5,-612,3,12,1497595.5,2
161,k001,13,1,-612,4,11,1497625.5,2
162,k001,13,2,-612,5,10,1497654.5,2
163,k001,13,3,-612,6,8,1497683.5,1
164,k001,13,4,-612,7,8,1497713.5,2
165,k001,13,5,-612,8,7,1497743.5,2
166,k001,13,6,-612,9,5,1497772.5,1
167,k001,13,7,-612,10,5,1497802.5,2
168,k001,13,8,-612,11,4,1497832.5,2
169,k001,13,9,-612,12,3,1497861.5,2
170,k001,13,10,-611,1,2,1497891.5,2
171,k001,13,11,-611,1,31,1497920.5,2
172,k001,13,12,-611,3,2,1497950.5,2
173,k001,14,1,-611,3,31,1497979.5,2
174,k001,14,2,-611,4,30,1498009.5,2
175,k001,14,3,-611,5,29,1498038.5,2
176,k001,14,4,-611,6,27,1498067.5,1
177,k001,14,5,-611,7,27,1498097.5,2
178,k001,14,6,-611,8,26,1498127.5,2
179,k001,14,7,-611,9,24,1498156.5,2
180,k001,14,8,-611,10,24,1498186.5,2
181,k001,14,9,-611,11,22,1498215.5,2
182,k001,14,10,-611,12,22,1498245.5,2
183,k001,14,11,-610,1,21,1498275.5,2
184,k001,14,12,-610,2,19,1498304.5,2
185,k001,15,1,-610,3,21,1498334.5,2
186,k001,15,2,-610,4,19,1498363.5,2
187,k001,15,3,-610,5,19,1498393.5,2
188,k001,15,4,-610,6,17,1498422.5,2
189,k001,15,5,-610,7,16,1498451.5,1
190,k001,15,6,-610,8,15,1498481.5,2
191,k001,15,6.5,-610,9,13,1498510.5,1
192,k001,15,7,-610,10,13,1498540.5,2
193,k001,15,8,-610,11,11,1498569.5,1
194,k001,15,9,-610,12,11,1498599.5,2
195,k001,15,10,-609,1,10,1498629.5,2
196,k001,15,11,-609,2,9,1498659.5,3
197,k001,15,12,-609,3,10,1498688.5,2
198,k001,16,1,-609,4,9,1498718.5,2
199,k001,16,2,-609,5,8,1498747.5,2
200,k001,16,3,-609,6,7,1498777.5,2
201,k001,16,4,-609,7,6,1498806.5,2
202,k001,16,5,-609,8,5,1498836.5,2
203,k001,16,6,-609,9,3,1498865.5,2
204,k001,16,7,-609,10,2,1498894.5,1
205,k001,16,8,-609,11,1,1498924.5,2
206,k001,16,9,-609,11,30,1498953.5,1
207,k001,16,10,-609,12,30,1498983.5,2
208,k001,16,11,-608,1,29,1499013.5,2
209,k001,16,12,-608,2,27,1499042.5,2
210,k001,17,1,-608,3,28,1499072.5,2
211,k001,17,2,-608,4,27,1499102.5,3
212,k001,17,3,-608,5,26,1499131.5,2
213,k001,17,4,-608,6,25,1499161.5,3
214,k001,17,5,-608,7,24,1499190.5,2
215,k001,17,6,-608,8,23,1499220.5,2
216,k001,17,7,-608,9,21,1499249.5,2
217,k001,17,8,-608,10,20,1499278.5,1
218,k001,17,9,-608,11,19,1499308.5,2
219,k001,17,10,-608,12,18,1499337.5,1
220,k001,17,11,-607,1,17,1499367.5,2
221,k001,17,12,-607,2,15,1499396.5,1
222,k001,18,1,-607,3,17,1499426.5,2
223,k001,18,2,-607,4,16,1499456.5,2
224,k001,18,3,-607,5,15,1499485.5,2
225,k001,18,4,-607,6,14,1499515.5,2
226,k001,18,5,-607,7,14,1499545.5,3
227,k001,18,6,-607,8,12,1499574.5,2
228,k001,18,7,-607,9,10,1499603.5,2
229,k001,18,8,-607,10,10,1499633.5,2
230,k001,18,9,-607,11,8,1499662.5,2
231,k001,18,10,-607,12,8,1499692.5,2
232,k001,18,11,-606,1,6,1499721.5,1
233,k001,18,12,-606,2,5,1499751.5,2
234,k001,19,1,-606,3,6,1499780.5,1
235,k001,19,2,-606,4,5,1499810.5,2
236,k001,19,3,-606,5,4,1499839.5,1
237,k001,19,4,-606,6,3,1499869.5,2
238,k001,19,5,-606,7,3,1499899.5,2
239,k001,19,6,-606,8,1,1499928.5,2
240,k001,19,6.5,-606,8,31,1499958.5,2
241,k001,19,7,-606,9,29,1499987.5,2
242,k001,19,8,-606,10,29,1500017.5,2
243,k001,19,9,-606,11,27,1500046.5,2
244,k001,19,10,-606,12,27,1500076.5,2
245,k001,19,11,-605,1,25,1500105.5,2
246,k001,19,12,-605,2,24,1500135.5,2
247,k001,20,1,-605,3,25,1500164.5,1
248,k001,20,2,-605,4,24,1500194.5,2
249,k001,20,3,-605,5,23,1500223.5,1
250,k001,20,4,-605,6,22,1500253.5,2
251,k001,20,5,-605,7,21,1500282.5,1
252,k001,20,6,-605,8,20,1500312.5,2
253,k001,20,7,-605,9,19,1500342.5,2
254,k001,20,8,-605,10,18,1500371.5,2
255,k001,20,9,-605,11,17,1500401.5,2
256,k001,20,10,-605,12,17,1500431.5,3
257,k001,20,11,-604,1,15,1500460.5,2
258,k001,20,12,-604,2,13,1500489.5,2
259,k001,20,12.5,-604,3,14,1500519.5,2
260,k001,21,1,-604,4,12,1500548.5,2
261,k001,21,2,-604,5,11,1500577.5,1
262,k001,21,3,-604,6,10,1500607.5,2
263,k001,21,4,-604,7,9,1500636.5,1
264,k001,21,5,-604,8,8,1500666.5,1
265,k001,21,6,-604,9,7,1500696.5,2
266,k001,21,7,-604,10,7,1500726.5,2
267,k001,21,8,-604,11,5,1500755.5,2
268,k001,21,9,-604,12,5,1500785.5,2
269,k001,21,10,-603,1,4,1500815.5,3
270,k001,21,11,-603,2,2,1500844.5,2
271,k001,21,12,-603,3,3,1500873.5,2
272,k002,1,1,-603,4,2,1500903.5,2
273,k002,1,2,-603,5,1,1500932.5,2
274,k002,1,3,-603,5,30,1500961.5,1
275,k002,1,4,-603,6,29,1500991.5,2
276,k002,1,5,-603,7,28,1501020.5,1
277,k002,1,6,-603,8,27,1501050.5,2
278,k002,1,7,-603,9,26,1501080.5,2
279,k002,1,8,-603,10,25,1501109.5,2
280,k002,1,9,-603,11,24,1501139.5,2
281,k002,1,10,-603,12,24,1501169.5,2
282,k002,1,11,-602,1,23,1501199.5,3
283,k002,1,12,-602,2,21,1501228.5,2
284,k002,2,1,-602,3,22,1501257.5,2
285,k002,2,2,-602,4,21,1501287.5,2
286,k002,2,3,-602,5,20,1501316.5,2
287,k002,2,4,-602,6,18,1501345.5,1
288,k002,2,5,-602,7,17,1501374.5,1
289,k002,2,6,-602,8,16,1501404.5,1
290,k002,2,6.5,-602,9,15,1501434.5,2
291,k002,2,7,-602,10,15,1501464.5,2
292,k002,2,8,-602,11,13,1501493.5,2
293,k002,2,9,-602,12,13,1501523.5,2
294,k002,2,10,-601,1,12,1501553.5,3
295,k002,2,11,-601,2,10,1501582.5,2
296,k002,2,12,-601,3,12,1501612.5,2
297,k002,3,1,-601,4,10,1501641.5,2
298,k002,3,2,-601,5,10,1501671.5,2
299,k002,3,3,-601,6,8,1501700.5,2
300,k002,3,4,-601,7,7,1501729.5,1
301,k002,3,5,-601,8,6,1501759.5,2
302,k002,3,6,-601,9,4,1501788.5,1
303,k002,3,7,-601,10,4,1501818.5,2
304,k002,3,8,-601,11,3,1501848.5,2
305,k002,3,9,-601,12,2,1501877.5,2
306,k002,3,10,-600,1,1,1501907.5,2
307,k002,3,11,-600,1,30,1501936.5,2
308,k002,3,12,-600,2,29,1501966.5,2
309,k002,4,1,-600,3,30,1501996.5,3
310,k002,4,2,-600,4,28,1502025.5,2
311,k002,4,3,-600,5,28,1502055.5,3
312,k002,4,4,-600,6,26,1502084.5,2
313,k002,4,5,-600,7,25,1502113.5,1
314,k002,4,6,-600,8,24,1502143.5,2
315,k002,4,7,-600,9,22,1502172.5,1
316,k002,4,8,-600,10,22,1502202.5,2
317,k002,4,9,-600,11,21,1502232.5,2
318,k002,4,10,-600,12,20,1502261.5,2
319,k002,4,11,-599,1,19,1502291.5,2
320,k002,4,12,-599,2,17,1502320.5,2
321,k002,5,1,-599,3,19,1502350.5,2
322,k002,5,2,-599,4,17,1502379.5,2
323,k002,5,3,-599,5,17,1502409.5,2
324,k002,5,4,-599,6,15,1502438.5,2
325,k002,5,5,-599,7,15,1502468.5,2
326,k002,5,6,-599,8,13,1502497.5,2
327,k002,5,6.5,-599,9,11,1502526.5,1
328,k002,5,7,-599,10,10,1502555.5,1
329,k002,5,8,-599,11,9,1502585.5,1
330,k002,5,9,-599,12,9,1502615.5,1
331,k002,5,10,-598,1,8,1502645.5,2
332,k002,5,11,-598,2,6,1502674.5,1
333,k002,5,12,-598,3,7,1502703.5,1
334,k002,6,1,-598,4,6,1502733.5,1
335,k002,6,2,-598,5,6,1502763.5,2
336,k002,6,3,-598,6,5,1502793.5,2
337,k002,6,4,-598,7,4,1502822.5,2
338,k002,6,5,-598,8,3,1502852.5,2
339,k002,6,6,-598,9,2,1502882.5,3
340,k002,6,7,-598,10,1,1502911.5,2
341,k002,6,8,-598,10,31,1502941.5,3
342,k002,6,9,-598,11,29,1502970.5,2
343,k002,6,10,-598,12,28,1502999.5,2
344,k002,6,11,-597,1,27,1503029.5,2
345,k002,6,12,-597,2,25,1503058.5,1
346,k002,7,1,-597,3,27,1503088.5,2
347,k002,7,2,-597,4,25,1503117.5,1
348,k002,7,3,-597,5,25,1503147.5,2
349,k002,7,4,-597,6,23,1503176.5,1
350,k002,7,5,-597,7,23,1503206.5,2
351,k002,7,6,-597,8,22,1503236.5,2
352,k002,7,6.5,-597,9,21,1503266.5,3
353,k002,7,7,-597,10,20,1503295.5,2
354,k002,7,8,-597,11,19,1503325.5,3
355,k002,7,9,-597,12,18,1503354.5,2
356,k002,7,10,-596,1,16,1503383.5,2
357,k002,7,11,-596,2,15,1503413.5,2
358,k002,7,12,-596,3,15,1503442.5,2
359,k002,8,1,-596,4,13,1503471.5,1
360,k002,8,2,-596,5,13,1503501.5,2
361,k002,8,3,-596,6,11,1503530.5,1
362,k002,8,4,-596,7,11,1503560.5,1
363,k002,8,5,-596,8,10,1503590.5,2
364,k002,8,6,-596,9,9,1503620.5,2
365,k002,8,7,-596,10,9,1503650.5,3
366,k002,8,8,-596,11,7,1503679.5,2
367,k002,8,9,-596,12,6,1503708.5,2
368,k002,8,10,-595,1,5,1503738.5,2
369,k002,8,11,-595,2,3,1503767.5,2
370,k002,8,12,-595,3,5,1503797.5,2
371,k002,9,1,-595,4,3,1503826.5,2
372,k002,9,2,-595,5,2,1503855.5,1
373,k002,9,3,-595,6,1,1503885.5,2
374,k002,9,4,-595,6,30,1503914.5,1
375,k002,9,5,-595,7,30,1503944.5,2
376,k002,9,6,-595,8,29,1503974.5,2
377,k002,9,6.5,-595,9,28,1504004.5,3
378,k002,9,7,-595,10,28,1504034.5,3
379,k002,9,8,-595,11,26,1504063.5,2
380,k002,9,9,-595,12,25,1504092.5,2
381,k002,9,10,-594,1,24,1504122.5,2
382,k002,9,11,-594,2,22,1504151.5,2
383,k002,9,12,-594,3,24,1504181.5,2
384,k002,10,1,-594,4,22,1504210.5,2
385,k002,10,2,-594,5,21,1504239.5,1
386,k002,10,3,-594,6,20,1504269.5,2
387,k002,10,4,-594,7,19,1504298.5,1
388,k002,10,5,-594,8,18,1504328.5,2
389,k002,10,6,-594,9,17,1504358.5,2
390,k002,10,7,-594,10,16,1504387.5,2
391,k002,10,8,-594,11,15,1504417.5,2
392,k002,10,9,-594,12,15,1504447.5,3
393,k002,10,10,-593,1,13,1504476.5,2
394,k002,10,11,-593,2,12,1504506.5,2
395,k002,10,12,-593,3,13,1504535.5,2
396,k002,11,1,-593,4,12,1504565.5,2
397,k002,11,2,-593,5,11,1504594.5,2
398,k002,11,3,-593,6,9,1504623.5,1
399,k002,11,4,-593,7,9,1504653.5,2
400,k002,11,5,-593,8,7,1504682.5,1
401,k002,11,6,-593,9,6,1504712.5,2
402,k002,11,7,-593,10,6,1504742.5,2
403,k002,11,8,-593,11,4,1504771.5,2
404,k002,11,9,-593,12,4,1504801.5,2
405,k002,11,10,-592,1,2,1504830.5,2
406,k002,11,11,-592,2,1,1504860.5,2
407,k002,11,12,-592,3,2,1504890.5,3
408,k002,11,12.5,-592,3,31,1504919.5,2
409,k002,12,1,-592,4,30,1504949.5,3
410,k002,12,2,-592,5,29,1504978.5,2
411,k002,12,3,-592,6,27,1505007.5,1
412,k002,12,4,-592,7,27,1505037.5,2
413,k002,12,5,-592,8,25,1505066.5,1
414,k002,12,6,-592,9,24,1505096.5,2
415,k002,12,7,-592,10,23,1505125.5,1
416,k002,12,8,-592,11,22,1505155.5,2
417,k002,12,9,-592,12,21,1505184.5,1
418,k002,12,10,-591,1,20,1505214.5,2
419,k002,12,11,-591,2,19,1505244.5,2
420,k002,12,12,-591,3,21,1505274.5,3
421,k002,13,1,-591,4,19,1505303.5,2
422,k002,13,2,-591,5,19,1505333.5,3
423,k002,13,3,-591,6,17,1505362.5,2
424,k002,13,4,-591,7,17,1505392.5,3
425,k002,13,5,-591,8,15,1505421.5,2
426,k002,13,6,-591,9,13,1505450.5,2
427,k002,13,7,-591,10,13,1505480.5,2
428,k002,13,8,-591,11,11,1505509.5,1
429,k002,13,9,-591,12,10,1505538.5,1
430,k002,13,10,-590,1,9,1505568.5,1
431,k002,13,11,-590,2,8,1505598.5,2
432,k002,13,12,-590,3,10,1505628.5,2
433,k002,14,1,-590,4,8,1505657.5,2
434,k002,14,2,-590,5,8,1505687.5,2
435,k002,14,3,-590,6,7,1505717.5,3
436,k002,14,4,-590,7,6,1505746.5,2
437,k002,14,5,-590,8,5,1505776.5,3
438,k002,14,6,-590,9,3,1505805.5,2
439,k002,14,7,-590,10,2,1505834.5,2
440,k002,14,8,-590,11,1,1505864.5,2
441,k002,14,9,-590,11,30,1505893.5,2
442,k002,14,10,-590,12,29,1505922.5,1
443,k002,14,11,-589,1,28,1505952.5,1
444,k002,14,12,-589,2,27,1505982.5,2
445,k002,14,12.5,-589,3,28,1506011.5,1
446,k002,15,1,-589,4,27,1506041.5,2
447,k002,15,2,-589,5,27,1506071.5,2
448,k002,15,3,-589,6,25,1506100.5,2
449,k002,15,4,-589,7,25,1506130.5,2
450,k002,15,5,-589,8,23,1506159.5,2
451,k002,15,6,-589,9,22,1506189.5,2
452,k002,15,7,-589,10,21,1506218.5,2
453,k002,15,8,-589,11,20,1506248.5,2
454,k002,15,9,-589,12,19,1506277.5,2
455,k002,15,10,-588,1,18,1506307.5,2
456,k002,15,11,-588,2,16,1506336.5,2
457,k002,15,12,-588,3,16,1506365.5,1
458,k002,16,1,-588,4,15,1506395.5,2
459,k002,16,2,-588,5,15,1506425.5,2
460,k002,16,3,-588,6,13,1506454.5,1
461,k002,16,4,-588,7,13,1506484.5,2
462,k002,16,5,-588,8,11,1506513.5,1
463,k002,16,6,-588,9,10,1506543.5,2
464,k002,16,7,-588,10,10,1506573.5,2
465,k002,16,8,-588,11,8,1506602.5,2
466,k002,16,9,-588,12,8,1506632.5,2
467,k002,16,10,-587,1,6,1506661.5,2
468,k002,16,11,-587,2,5,1506691.5,2
469,k002,16,12,-587,3,6,1506720.5,2
470,k002,17,1,-587,4,4,1506749.5,1
471,k002,17,2,-587,5,4,1506779.5,2
472,k002,17,3,-587,6,2,1506808.5,1
473,k002,17,4,-587,7,2,1506838.5,2
474,k002,17,5,-587,7,31,1506867.5,1
475,k002,17,6,-587,8,30,1506897.5,2
476,k002,17,7,-587,9,29,1506927.5,2
477,k002,17,8,-587,10,29,1506957.5,2
478,k002,17,9,-587,11,27,1506986.5,2
479,k002,17,10,-587,12,27,1507016.5,2
480,k002,17,11,-586,1,25,1507045.5,2
481,k002,17,12,-586,2,24,1507075.5,2
482,k002,17,12.5,-586,3,25,1507104.5,2
483,k002,18,1,-586,4,23,1507133.5,1
484,k002,18,2,-586,5,23,1507163.5,2
485,k002,18,3,-586,6,21,1507192.5,1
486,k002,18,4,-586,7,21,1507222.5,2
487,k002,18,5,-586,8,19,1507251.5,1
488,k002,18,6,-586,9,18,1507281.5,2
489,k002,18,7,-586,10,18,1507311.5,2
490,k002,18,8,-586,11,17,1507341.5,3
491,k002,18,9,-586,12,16,1507370.5,2
492,k002,18,10,-585,1,15,1507400.5,2
493,k002,18,11,-585,2,13,1507429.5,2
494,k002,18,12,-585,3,15,1507459.5,2
495,k002,19,1,-585,4,13,1507488.5,2
496,k002,19,2,-585,5,12,1507517.5,1
497,k002,19,3,-585,6,11,1507547.5,2
498,k002,19,4,-585,7,10,1507576.5,1
499,k002,19,5,-585,8,8,1507605.5,1
500,k002,19,6,-585,9,7,1507635.5,1
501,k002,19,7,-585,10,7,1507665.5,2
502,k002,19,8,-585,11,6,1507695.5,2
503,k002,19,9,-585,12,6,1507725.5,3
504,k002,19,10,-584,1,4,1507754.5,2
505,k002,19,11,-584,2,3,1507784.5,3
506,k002,19,12,-584,3,3,1507813.5,2
507,k002,20,1,-584,4,2,1507843.5,3
508,k002,20,2,-584,5,1,1507872.5,2
509,k002,20,3,-584,5,30,1507901.5,1
510,k002,20,4,-584,6,29,1507931.5,2
511,k002,20,5,-584,7,28,1507960.5,1
512,k002,20,6,-584,8,26,1507989.5,1
513,k002,20,7,-584,9,25,1508019.5,1
514,k002,20,8,-584,10,25,1508049.5,2
515,k002,20,9,-584,11,24,1508079.5,2
516,k002,20,10,-584,12,23,1508108.5,2
517,k002,20,11,-583,1,22,1508138.5,2
518,k002,20,12,-583,2,21,1508168.5,3
519,k002,21,1,-583,3,22,1508197.5,2
520,k002,21,2,-583,4,21,1508227.5,3
521,k002,21,3,-583,5,20,1508256.5,2
522,k002,21,4,-583,6,18,1508285.5,2
523,k002,21,5,-583,7,18,1508315.5,2
524,k002,21,6,-583,8,16,1508344.5,2
525,k002,21,6.5,-583,9,14,1508373.5,1
526,k002,21,7,-583,10,14,1508403.5,1
527,k002,21,8,-583,11,13,1508433.5,2
528,k002,21,9,-583,12,13,1508463.5,2
529,k002,21,10,-582,1,11,1508492.5,2
530,k002,21,11,-582,2,10,1508522.5,2
531,k002,21,12,-582,3,11,1508551.5,2
532,k002,22,1,-582,4,10,1508581.5,2
533,k002,22,2,-582,5,9,1508610.5,2
534,k002,22,3,-582,6,8,1508640.5,2
535,k002,22,4,-582,7,7,1508669.5,2
536,k002,22,5,-582,8,6,1508699.5,2
537,k002,22,6,-582,9,4,1508728.5,2
538,k002,22,7,-582,10,4,1508758.5,2
539,k002,22,8,-582,11,2,1508787.5,2
540,k002,22,9,-582,12,2,1508817.5,2
541,k002,22,10,-582,12,31,1508846.5,1
542,k002,22,11,-581,1,30,1508876.5,2
543,k002,22,12,-581,2,28,1508905.5,1
544,k002,23,1,-581,3,30,1508935.5,2
545,k002,23,2,-581,4,29,1508965.5,2
546,k002,23,3,-581,5,28,1508994.5,2
547,k002,23,4,-581,6,27,1509024.5,2
548,k002,23,5,-581,7,26,1509053.5,2
549,k002,23,6,-581,8,25,1509083.5,2
550,k002,23,7,-581,9,23,1509112.5,2
551,k002,23,8,-581,10,23,1509142.5,2
552,k002,23,9,-581,11,21,1509171.5,2
553,k002,23,10,-581,12,21,1509201.5,2
554,k002,23,11,-580,1,19,1509230.5,2
555,k002,23,12,-580,2,18,1509260.5,2
556,k002,23,12.5,-580,3,18,1509289.5,2
557,k002,24,1,-580,4,17,1509319.5,2
558,k002,24,2,-580,5,16,1509348.5,1
559,k002,24,3,-580,6,15,1509378.5,2
560,k002,24,4,-580,7,15,1509408.5,2
561,k002,24,5,-580,8,13,1509437.5,2
562,k002,24,6,-580,9,12,1509467.5,2
563,k002,24,7,-580,10,12,1509497.5,3
564,k002,24,8,-580,11,10,1509526.5,2
565,k002,24,9,-580,12,9,1509555.5,2
566,k002,24,10,-579,1,8,1509585.5,2
567,k002,24,11,-579,2,6,1509614.5,2
568,k002,24,12,-579,3,7,1509643.5,1
569,k002,25,1,-579,4,6,1509673.5,2
570,k002,25,2,-579,5,5,1509702.5,1
571,k002,25,3,-579,6,4,1509732.5,2
572,k002,25,4,-579,7,4,1509762.5,2
573,k002,25,5,-579,8,3,1509792.5,3
574,k002,25,6,-579,9,1,1509821.5,2
575,k002,25,7,-579,10,1,1509851.5,2
576,k002,25,8,-579,10,31,1509881.5,3
577,k002,25,9,-579,11,29,1509910.5,2
578,k002,25,10,-579,12,28,1509939.5,2
579,k002,25,11,-578,1,27,1509969.5,2
580,k002,25,12,-578,2,25,1509998.5,2
581,k002,26,1,-578,3,26,1510027.5,1
582,k002,26,2,-578,4,25,1510057.5,2
583,k002,26,3,-578,5,24,1510086.5,1
584,k002,26,4,-578,6,23,1510116.5,2
585,k002,26,5,-578,7,23,1510146.5,2
586,k002,26,6,-578,8,22,1510176.5,3
587,k002,26,7,-578,9,20,1510205.5,2
588,k002,26,8,-578,10,20,1510235.5,3
589,k002,26,9,-578,11,19,1510265.5,3
590,k002,26,10,-578,12,18,1510294.5,2
591,k002,26,11,-577,1,16,1510323.5,2
592,k002,26,12,-577,2,15,1510353.5,2
593,k002,26,12.5,-577,3,16,1510382.5,2
594,k002,27,1,-577,4,14,1510411.5,1
595,k002,27,2,-577,5,14,1510441.5,2
596,k002,27,3,-577,6,12,1510470.5,1
597,k002,27,4,-577,7,12,1510500.5,2
598,k002,27,5,-577,8,10,1510529.5,1
599,k002,27,6,-577,9,9,1510559.5,2
600,k002,27,7,-577,10,9,1510589.5,2
601,k002,27,8,-577,11,8,1510619.5,3
602,k002,27,9,-577,12,7,1510648.5,2
603,k002,27,10,-576,1,6,1510678.5,3
604,k002,27,11,-576,2,4,1510707.5,2
605,k002,27,12,-576,3,5,1510737.5,3
606,k002,28,1,-576,4,3,1510766.5,2
607,k002,28,2,-576,5,2,1510795.5,1
608,k002,28,3,-576,6,1,1510825.5,2
609,k002,28,4,-576,6,30,1510854.5,1
610,k002,28,5,-576,7,30,1510884.5,2
611,k002,28,6,-576,8,28,1510913.5,1
612,k002,28,7,-576,9,27,1510943.5,2
613,k002,28,8,-576,10,27,1510973.5,2
614,k002,28,9,-576,11,25,1511002.5,2
615,k002,28,10,-576,12,25,1511032.5,2
616,k002,28,11,-575,1,24,1511062.5,3
617,k002,28,12,-575,2,22,1511091.5,2
618,k002,28,12.5,-575,3,24,1511121.5,3
619,k002,29,1,-575,4,22,1511150.5,2
620,k002,29,2,-575,5,21,1511179.5,2
621,k002,29,3,-575,6,20,1511209.5,2
622,k002,29,4,-575,7,19,1511238.5,2
623,k002,29,5,-575,8,18,1511268.5,2
624,k002,29,6,-575,9,16,1511297.5,1
625,k002,29,7,-575,10,16,1511327.5,2
626,k002,29,8,-575,11,14,1511356.5,1
627,k002,29,9,-575,12,14,1511386.5,2
628,k002,29,10,-574,1,13,1511416.5,2
629,k002,29,11,-574,2,11,1511445.5,2
630,k002,29,12,-574,3,13,1511475.5,2
631,k002,30,1,-574,4,12,1511505.5,3
632,k002,30,2,-574,5,11,1511534.5,2
633,k002,30,3,-574,6,9,1511563.5,2
634,k002,30,4,-574,7,9,1511593.5,2
635,k002,30,5,-574,8,7,1511622.5,2
636,k002,30,6,-574,9,6,1511652.5,2
637,k002,30,7,-574,10,5,1511681.5,2
638,k002,30,8,-574,11,4,1511711.5,2
639,k002,30,9,-574,12,3,1511740.5,1
640,k002,30,10,-573,1,2,1511770.5,2
641,k002,30,11,-573,1,31,1511799.5,1
642,k002,30,12,-573,3,2,1511829.5,2
643,k002,31,1,-573,4,1,1511859.5,2
644,k002,31,2,-573,4,30,1511888.5,2
645,k002,31,3,-573,5,30,1511918.5,2
646,k002,31,4,-573,6,28,1511947.5,2
647,k002,31,5,-573,7,28,1511977.5,2
648,k002,31,6,-573,8,26,1512006.5,2
649,k002,31,6.5,-573,9,25,1512036.5,2
650,k002,31,7,-573,10,24,1512065.5,2
651,k002,31,8,-573,11,22,1512094.5,1
652,k002,31,9,-573,12,22,1512124.5,2
653,k002,31,10,-572,1,20,1512153.5,1
654,k002,31,11,-572,2,19,1512183.5,2
655,k002,31,12,-572,3,20,1512213.5,2
656,k002,32,1,-572,4,19,1512243.5,2
657,k002,32,2,-572,5,18,1512272.5,2
658,k002,32,3,-572,6,17,1512302.5,2
659,k002,32,4,-572,7,16,1512331.5,2
660,k002,32,5,-572,8,15,1512361.5,2
661,k002,32,6,-572,9,13,1512390.5,2
662,k002,32,7,-572,10,13,1512420.5,2
663,k002,32,8,-572,11,11,1512449.5,2
664,k002,32,9,-572,12,10,1512478.5,1
665,k002,32,10,-571,1,9,1512508.5,2
666,k002,32,11,-571,2,7,1512537.5,1
667,k002,32,12,-571,3,9,1512567.5,2
668,k002,33,1,-571,4,8,1512597.5,2
669,k002,33,2,-571,5,7,1512626.5,2
670,k002,33,3,-571,6,6,1512656.5,2
671,k002,33,4,-571,7,6,1512686.5,3
672,k002,33,5,-571,8,4,1512715.5,2
673,k002,33,6,-571,9,3,1512745.5,2
674,k002,33,7,-571,10,2,1512774.5,2
675,k002,33,8,-571,11,1,1512804.5,2
676,k002,33,9,-571,11,30,1512833.5,2
677,k002,33,10,-571,12,29,1512862.5,1
678,k002,33,11,-570,1,28,1512892.5,2
679,k002,33,12,-570,2,26,1512921.5,1
680,k002,33,12.5,-570,3,28,1512951.5,2
681,k002,34,1,-570,4,26,1512980.5,1
682,k002,34,2,-570,5,26,1513010.5,2
683,k002,34,3,-570,6,25,1513040.5,2
684,k002,34,4,-570,7,24,1513069.5,2
685,k002,34,5,-570,8,23,1513099.5,2
686,k002,34,6,-570,9,22,1513129.5,3
687,k002,34,7,-570,10,21,1513158.5,2
688,k002,34,8,-570,11,20,1513188.5,2
689,k002,34,9,-570,12,19,1513217.5,2
690,k002,34,10,-569,1,18,1513247.5,2
691,k002,34,11,-569,2,16,1513276.5,2
692,k002,34,12,-569,3,17,1513305.5,1
693,k002,35,1,-569,4,16,1513335.5,2
694,k002,35,2,-569,5,15,1513364.5,1
695,k002,35,3,-569,6,14,1513394.5,2
696,k002,35,4,-569,7,13,1513423.5,1
697,k002,35,5,-569,8,12,1513453.5,2
698,k002,35,6,-569,9,10,1513482.5,1
699,k002,35,7,-569,10,10,1513512.5,2
700,k002,35,8,-569,11,9,1513542.5,2
701,k002,35,9,-569,12,9,1513572.5,3
702,k002,35,10,-568,1,7,1513601.5,2
703,k002,35,11,-568,2,6,1513631.5,3
704,k002,35,12,-568,3,6,1513660.5,2
705,k002,36,1,-568,4,4,1513689.5,1
706,k002,36,2,-568,5,4,1513719.5,2
707,k002,36,3,-568,6,2,1513748.5,1
708,k002,36,4,-568,7,1,1513777.5,1
709,k002,36,5,-568,7,31,1513807.5,1
710,k002,36,6,-568,8,30,1513837.5,2
711,k002,36,7,-568,9,28,1513866.5,1
712,k002,36,8,-568,10,28,1513896.5,2
713,k002,36,9,-568,11,27,1513926.5,2
714,k002,36,10,-568,12,27,1513956.5,3
715,k002,36,11,-567,1,25,1513985.5,2
716,k002,36,12,-567,2,24,1514015.5,3
717,k002,36,12.5,-567,3,25,1514044.5,2
718,k002,37,1,-567,4,23,1514073.5,2
719,k002,37,2,-567,5,23,1514103.5,2
720,k002,37,3,-567,6,21,1514132.5,2
721,k002,37,4,-567,7,20,1514161.5,1
722,k002,37,5,-567,8,19,1514191.5,1
723,k002,37,6,-567,9,17,1514220.5,1
724,k002,37,7,-567,10,17,1514250.5,1
725,k002,37,8,-567,11,16,1514280.5,2
726,k002,37,9,-567,12,16,1514310.5,2
727,k002,37,10,-566,1,15,1514340.5,3
728,k002,37,11,-566,2,13,1514369.5,2
729,k002,37,12,-566,3,15,1514399.5,3
730,k002,38,1,-566,4,13,1514428.5,2
731,k002,38,2,-566,5,12,1514457.5,2
732,k002,38,3,-566,6,11,1514487.5,2
733,k002,38,4,-566,7,10,1514516.5,2
734,k002,38,5,-566,8,8,1514545.5,1
735,k002,38,6,-566,9,7,1514575.5,2
736,k002,38,7,-566,10,6,1514604.5,1
737,k002,38,8,-566,11,5,1514634.5,1
738,k002,38,9,-566,12,5,1514664.5,2
739,k002,38,10,-565,1,4,1514694.5,2
740,k002,38,11,-565,2,2,1514723.5,2
741,k002,38,12,-565,3,4,1514753.5,2
742,k002,39,1,-565,4,2,1514782.5,2
743,k002,39,2,-565,5,2,1514812.5,2
744,k002,39,3,-565,5,31,1514841.5,2
745,k002,39,4,-565,6,29,1514870.5,1
746,k002,39,5,-565,7,29,1514900.5,2
747,k002,39,6,-565,8,27,1514929.5,1
748,k002,39,7,-565,9,26,1514959.5,2
749,k002,39,8,-565,10,25,1514988.5,1
750,k002,39,9,-565,11,24,1515018.5,2
751,k002,39,10,-565,12,24,1515048.5,2
752,k002,39,11,-564,1,22,1515077.5,2
753,k002,39,12,-564,2,21,1515107.5,2
754,k002,40,1,-564,3,22,1515137.5,2
755,k002,40,2,-564,4,20,1515166.5,2
756,k002,40,3,-564,5,20,1515196.5,2
757,k002,40,4,-564,6,18,1515225.5,2
758,k002,40,5,-564,7,17,1515254.5,1
759,k002,40,6,-564,8,16,1515284.5,2
760,k002,40,7,-564,9,14,1515313.5,1
761,k002,40,8,-564,10,14,1515343.5,2
762,k002,40,9,-564,11,13,1515373.5,2
763,k002,40,10,-564,12,12,1515402.5,2
764,k002,40,11,-563,1,11,1515432.5,2
765,k002,40,12,-563,2,9,1515461.5,2
766,k002,41,1,-563,3,11,1515491.5,2
767,k002,41,2,-563,4,9,1515520.5,2
768,k002,41,3,-563,5,9,1515550.5,2
769,k002,41,4,-563,6,7,1515579.5,2
770,k002,41,5,-563,7,7,1515609.5,2
771,k002,41,6,-563,8,5,1515638.5,1
772,k002,41,6.5,-563,9,4,1515668.5,2
773,k002,41,7,-563,10,4,1515698.5,2
774,k002,41,8,-563,11,2,1515727.5,2
775,k002,41,9,-563,12,2,1515757.5,2
776,k002,41,10,-563,12,31,1515786.5,2
777,k002,41,11,-562,1,29,1515815.5,1
778,k002,41,12,-562,2,28,1515845.5,2
779,k002,42,1,-562,3,29,1515874.5,1
780,k002,42,2,-562,4,28,1515904.5,2
781,k002,42,3,-562,5,28,1515934.5,2
782,k002,42,4,-562,6,26,1515963.5,2
783,k002,42,5,-562,7,26,1515993.5,2
784,k002,42,6,-562,8,25,1516023.5,3
785,k002,42,7,-562,9,23,1516052.5,2
786,k002,42,8,-562,10,23,1516082.5,2
787,k002,42,9,-562,11,21,1516111.5,2
788,k002,42,10,-562,12,21,1516141.5,2
789,k002,42,11,-561,1,19,1516170.5,2
790,k002,42,12,-561,2,17,1516199.5,1
791,k002,42,12.5,-561,3,19,1516229.5,2
792,k002,43,1,-561,4,17,1516258.5,1
793,k002,43,2,-561,5,17,1516288.5,2
794,k002,43,3,-561,6,15,1516317.5,1
795,k002,43,4,-561,7,15,1516347.5,2
796,k002,43,5,-561,8,14,1516377.5,2
797,k002,43,6,-561,9,13,1516407.5,3
798,k002,43,7,-561,10,13,1516437.5,3
799,k002,43,8,-561,11,11,1516466.5,3
800,k002,43,9,-561,12,10,1516495.5,2
801,k002,43,10,-560,1,9,1516525.5,3
802,k002,43,11,-560,2,7,1516554.5,2
803,k002,43,12,-560,3,7,1516583.5,1
804,k003,1,1,-560,4,6,1516613.5,2
805,k003,1,2,-560,5,5,1516642.5,1
806,k003,1,3,-560,6,3,1516671.5,1
807,k003,1,4,-560,7,3,1516701.5,1
808,k003,1,5,-560,8,2,1516731.5,2
809,k003,1,6,-560,9,1,1516761.5,2
810,k003,1,7,-560,10,1,1516791.5,3
811,k003,1,8,-560,10,30,1516820.5,2
812,k003,1,9,-560,11,29,1516850.5,3
813,k003,1,10,-560,12,28,1516879.5,2
814,k003,1,11,-559,1,27,1516909.5,3
815,k003,1,12,-559,2,25,1516938.5,2
816,k003,2,1,-559,3,26,1516967.5,2
817,k003,2,2,-559,4,24,1516996.5,1
818,k003,2,3,-559,5,24,1517026.5,2
819,k003,2,4,-559,6,22,1517055.5,1
820,k003,2,5,-559,7,22,1517085.5,1
821,k003,2,6,-559,8,21,1517115.5,2
822,k003,2,7,-559,9,20,1517145.5,2
823,k003,2,8,-559,10,20,1517175.5,3
824,k003,2,9,-559,11,18,1517204.5,2
825,k003,2,10,-559,12,18,1517234.5,3
826,k003,2,11,-558,1,16,1517263.5,2
827,k003,2,12,-558,2,15,1517293.5,3
828,k003,2,12.5,-558,3,16,1517322.5,2
829,k004,1,1,-558,4,14,1517351.5,2
830,k004,1,2,-558,5,14,1517381.5,2
831,k004,1,3,-558,6,12,1517410.5,2
832,k004,1,4,-558,7,11,1517439.5,1
833,k004,1,5,-558,8,10,1517469.5,2
834,k004,1,6,-558,9,9,1517499.5,2
835,k004,1,7,-558,10,9,1517529.5,2
836,k004,1,8,-558,11,7,1517558.5,2
837,k004,1,9,-558,12,7,1517588.5,2
838,k004,1,10,-557,1,5,1517617.5,2
839,k004,1,11,-557,2,4,1517647.5,2
840,k004,1,12,-557,3,5,1517676.5,2
841,k004,2,1,-557,4,4,1517706.5,2
842,k004,2,2,-557,5,3,1517735.5,2
843,k004,2,3,-557,6,2,1517765.5,2
844,k004,2,4,-557,7,1,1517794.5,2
845,k004,2,5,-557,7,31,1517824.5,2
846,k004,2,6,-557,8,29,1517853.5,2
847,k004,2,7,-557,9,28,1517883.5,2
848,k004,2,8,-557,10,27,1517912.5,2
849,k004,2,9,-557,11,26,1517942.5,2
850,k004,2,10,-557,12,25,1517971.5,2
851,k004,2,11,-556,1,24,1518001.5,2
852,k004,2,12,-556,2,23,1518031.5,2
853,k004,3,1,-556,3,23,1518060.5,2
854,k004,3,2,-556,4,22,1518090.5,2
855,k004,3,3,-556,5,21,1518119.5,2
856,k004,3,4,-556,6,20,1518149.5,2
857,k004,3,5,-556,7,19,1518178.5,2
858,k004,3,6,-556,8,18,1518208.5,2
859,k004,3,7,-556,9,16,1518237.5,2
860,k004,3,8,-556,10,15,1518266.5,1
861,k004,3,9,-556,11,14,1518296.5,2
862,k004,3,10,-556,12,13,1518325.5,1
863,k004,3,11,-555,1,12,1518355.5,2
864,k004,3,12,-555,2,11,1518385.5,2
865,k004,3,12.5,-555,3,12,1518414.5,2
866,k004,4,1,-555,4,11,1518444.5,2
867,k004,4,2,-555,5,11,1518474.5,3
868,k004,4,3,-555,6,9,1518503.5,2
869,k004,4,4,-555,7,9,1518533.5,2
870,k004,4,5,-555,8,7,1518562.5,2
871,k004,4,6,-555,9,6,1518592.5,2
872,k004,4,7,-555,10,5,1518621.5,2
873,k004,4,8,-555,11,3,1518650.5,1
874,k004,4,9,-555,12,3,1518680.5,2
875,k004,4,10,-554,1,1,1518709.5,1
876,k004,4,11,-554,1,30,1518738.5,1
877,k004,4,12,-554,3,1,1518768.5,1
878,k005,1,1,-554,3,31,1518798.5,2
879,k005,1,2,-554,4,30,1518828.5,2
880,k005,1,3,-554,5,30,1518858.5,3
881,k005,1,4,-554,6,28,1518887.5,2
882,k005,1,5,-554,7,28,1518917.5,3
883,k005,1,6,-554,8,26,1518946.5,2
884,k005,1,7,-554,9,25,1518976.5,3
885,k005,1,8,-554,10,24,1519005.5,2
886,k005,1,9,-554,11,22,1519034.5,1
887,k005,1,10,-554,12,22,1519064.5,2
888,k005,1,11,-553,1,20,1519093.5,1
889,k005,1,12,-553,2,19,1519123.5,2
890,k005,1,12.5,-553,3,20,1519152.5,1
891,k005,2,1,-553,4,19,1519182.5,2
892,k005,2,2,-553,5,19,1519212.5,2
893,k005,2,3,-553,6,17,1519241.5,2
894,k005,2,4,-553,7,17,1519271.5,2
895,k005,2,5,-553,8,15,1519300.5,2
896,k005,2,6,-553,9,14,1519330.5,2
897,k005,2,7,-553,10,14,1519360.5,3
898,k005,2,8,-553,11,12,1519389.5,2
899,k005,2,9,-553,12,11,1519418.5,2
900,k005,2,10,-552,1,10,1519448.5,2
901,k005,2,11,-552,2,8,1519477.5,1
902,k005,2,12,-552,3,9,1519507.5,2
903,k005,3,1,-552,4,7,1519536.5,1
904,k005,3,2,-552,5,7,1519566.5,2
905,k005,3,3,-552,6,5,1519595.5,1
906,k005,3,4,-552,7,5,1519625.5,2
907,k005,3,5,-552,8,3,1519654.5,1
908,k005,3,6,-552,9,2,1519684.5,2
909,k005,3,7,-552,10,2,1519714.5,2
910,k005,3,8,-552,10,31,1519743.5,2
911,k005,3,9,-552,11,30,1519773.5,2
912,k005,3,10,-552,12,29,1519802.5,2
913,k005,3,11,-551,1,28,1519832.5,2
914,k005,3,12,-551,2,26,1519861.5,2
915,k005,3,12.5,-551,3,28,1519891.5,2
916,k005,4,1,-551,4,26,1519920.5,2
917,k005,4,2,-551,5,25,1519949.5,1
918,k005,4,3,-551,6,24,1519979.5,1
919,k005,4,4,-551,7,23,1520008.5,1
920,k005,4,5,-551,8,22,1520038.5,1
921,k005,4,6,-551,9,21,1520068.5,2
922,k005,4,7,-551,10,21,1520098.5,2
923,k005,4,8,-551,11,19,1520127.5,2
924,k005,4,9,-551,12,19,1520157.5,2
925,k005,4,10,-550,1,18,1520187.5,3
926,k005,4,11,-550,2,16,1520216.5,2
927,k005,4,12,-550,3,17,1520245.5,2
928,k005,5,1,-550,4,16,1520275.5,2
929,k005,5,2,-550,5,15,1520304.5,2
930,k005,5,3,-550,6,13,1520333.5,1
931,k005,5,4,-550,7,13,1520363.5,2
932,k005,5,5,-550,8,11,1520392.5,1
933,k005,5,6,-550,9,10,1520422.5,2
934,k005,5,7,-550,10,10,1520452.5,2
935,k005,5,8,-550,11,8,1520481.5,1
936,k005,5,9,-550,12,8,1520511.5,2
937,k005,5,10,-549,1,7,1520541.5,2
938,k005,5,11,-549,2,6,1520571.5,3
939,k005,5,12,-549,3,7,1520600.5,2
940,k005,6,1,-549,4,5,1520629.5,2
941,k005,6,2,-549,5,5,1520659.5,2
942,k005,6,3,-549,6,3,1520688.5,2
943,k005,6,4,-549,7,2,1520717.5,1
944,k005,6,5,-549,8,1,1520747.5,2
945,k005,6,6,-549,8,30,1520776.5,1
946,k005,6,7,-549,9,29,1520806.5,2
947,k005,6,8,-549,10,29,1520836.5,2
948,k005,6,9,-549,11,27,1520865.5,2
949,k005,6,10,-549,12,27,1520895.5,2
950,k005,6,11,-548,1,26,1520925.5,2
951,k005,6,12,-548,2,24,1520954.5,2
952,k005,6,12.5,-548,3,25,1520984.5,2
953,k005,7,1,-548,4,23,1521013.5,2
954,k005,7,2,-548,5,23,1521043.5,2
955,k005,7,3,-548,6,21,1521072.5,2
956,k005,7,4,-548,7,20,1521101.5,1
957,k005,7,5,-548,8,19,1521131.5,2
958,k005,7,6,-548,9,17,1521160.5,1
959,k005,7,7,-548,10,17,1521190.5,2
960,k005,7,8,-548,11,16,1521220.5,2
961,k005,7,9,-548,12,15,1521249.5,2
962,k005,7,10,-547,1,14,1521279.5,2
963,k005,7,11,-547,2,13,1521309.5,3
964,k005,7,12,-547,3,14,1521338.5,2
965,k005,8,1,-547,4,13,1521368.5,3
966,k005,8,2,-547,5,12,1521397.5,2
967,k005,8,3,-547,6,11,1521427.5,2
968,k005,8,4,-547,7,10,1521456.5,2
969,k005,8,5,-547,8,8,1521485.5,1
970,k005,8,6,-547,9,7,1521515.5,2
971,k005,8,7,-547,10,6,1521544.5,1
972,k005,8,8,-547,11,5,1521574.5,2
973,k005,8,9,-547,12,5,1521604.5,2
974,k005,8,10,-546,1,3,1521633.5,2
975,k005,8,11,-546,2,2,1521663.5,2
976,k005,8,12,-546,3,3,1521692.5,2
977,k005,9,1,-546,4,2,1521722.5,2
978,k005,9,2,-546,5,2,1521752.5,3
979,k005,9,3,-546,5,31,1521781.5,2
980,k005,9,4,-546,6,29,1521810.5,2
981,k005,9,5,-546,7,29,1521840.5,2
982,k005,9,6,-546,8,27,1521869.5,2
983,k005,9,7,-546,9,26,1521899.5,2
984,k005,9,8,-546,10,25,1521928.5,1
985,k005,9,9,-546,11,24,1521958.5,2
986,k005,9,10,-546,12,23,1521987.5,1
987,k005,9,11,-545,1,22,1522017.5,2
988,k005,9,12,-545,2,20,1522046.5,1
989,k005,10,1,-545,3,22,1522076.5,2
990,k005,10,2,-545,4,21,1522106.5,2
991,k005,10,3,-545,5,20,1522135.5,2
992,k005,10,4,-545,6,19,1522165.5,2
993,k005,10,5,-545,7,18,1522194.5,2
994,k005,10,6,-545,8,17,1522224.5,2
995,k005,10,6.5,-545,9,15,1522253.5,2
996,k005,10,7,-545,10,15,1522283.5,2
997,k005,10,8,-545,11,14,1522313.5,3
998,k005,10,9,-545,12,13,1522342.5,2
999,k005,10,10,-544,1,11,1522371.5,1
1000,k005,10,11,-544,2,10,1522401.5,2
1001,k005,10,12,-544,3,10,1522430.5,1
1002,k005,11,1,-544,4,9,1522460.5,2
1003,k005,11,2,-544,5,8,1522489.5,1
1004,k005,11,3,-544,6,7,1522519.5,2
1005,k005,11,4,-544,7,6,1522548.5,1
1006,k005,11,5,-544,8,5,1522578.5,2
1007,k005,11,6,-544,9,4,1522608.5,2
1008,k005,11,7,-544,10,3,1522637.5,2
1009,k005,11,8,-544,11,2,1522667.5,2
1010,k005,11,9,-544,12,2,1522697.5,3
1011,k005,11,10,-544,12,31,1522726.5,2
1012,k005,11,11,-543,1,29,1522755.5,2
1013,k005,11,12,-543,2,28,1522785.5,2
1014,k005,12,1,-543,3,29,1522814.5,2
1015,k005,12,2,-543,4,27,1522843.5,1
1016,k005,12,3,-543,5,27,1522873.5,1
1017,k005,12,4,-543,6,25,1522902.5,1
1018,k005,12,5,-543,7,25,1522932.5,1
1019,k005,12,6,-543,8,24,1522962.5,2
1020,k005,12,7,-543,9,23,1522992.5,2
1021,k005,12,8,-543,10,23,1523022.5,3
1022,k005,12,9,-543,11,21,1523051.5,2
1023,k005,12,10,-543,12,21,1523081.5,3
1024,k005,12,11,-542,1,19,1523110.5,2
1025,k005,12,12,-542,2,17,1523139.5,2
1026,k005,12,12.5,-542,3,19,1523169.5,2
1027,k005,13,1,-542,4,17,1523198.5,2
1028,k005,13,2,-542,5,16,1523227.5,1
1029,k005,13,3,-542,6,15,1523257.5,2
1030,k005,13,4,-542,7,14,1523286.5,1
1031,k005,13,5,-542,8,13,1523316.5,2
1032,k005,13,6,-542,9,12,1523346.5,2
1033,k005,13,7,-542,10,12,1523376.5,2
1034,k005,13,8,-542,11,11,1523406.5,3
1035,k005,13,9,-542,12,10,1523435.5,2
1036,k005,13,10,-541,1,9,1523465.5,3
1037,k005,13,11,-541,2,7,1523494.5,2
1038,k005,13,12,-541,3,8,1523523.5,2
1039,k005,14,1,-541,4,6,1523552.5,1
1040,k005,14,2,-541,5,6,1523582.5,2
1041,k005,14,3,-541,6,4,1523611.5,1
1042,k005,14,4,-541,7,4,1523641.5,2
1043,k005,14,5,-541,8,2,1523670.5,1
1044,k005,14,6,-541,9,1,1523700.5,2
1045,k005,14,7,-541,10,1,1523730.5,2
1046,k005,14,8,-541,10,30,1523759.5,2
1047,k005,14,9,-541,11,29,1523789.5,2
1048,k005,14,10,-541,12,29,1523819.5,2
1049,k005,14,11,-540,1,27,1523848.5,2
1050,k005,14,12,-540,2,26,1523878.5,2
1051,k005,15,1,-540,3,26,1523907.5,2
1052,k005,15,2,-540,4,25,1523937.5,2
1053,k005,15,3,-540,5,24,1523966.5,2
1054,k005,15,4,-540,6,22,1523995.5,1
1055,k005,15,5,-540,7,22,1524025.5,2
1056,k005,15,6,-540,8,20,1524054.5,1
1057,k005,15,7,-540,9,19,1524084.5,2
1058,k005,15,8,-540,10,18,1524113.5,1
1059,k005,15,9,-540,11,17,1524143.5,2
1060,k005,15,10,-540,12,17,1524173.5,2
1061,k005,15,11,-539,1,16,1524203.5,3
1062,k005,15,12,-539,2,14,1524232.5,2
1063,k005,15,12.5,-539,3,16,1524262.5,3
1064,k005,16,1,-539,4,14,1524291.5,2
1065,k005,16,2,-539,5,14,1524321.5,2
1066,k005,16,3,-539,6,12,1524350.5,2
1067,k005,16,4,-539,7,11,1524379.5,1
1068,k005,16,5,-539,8,10,1524409.5,2
1069,k005,16,6,-539,9,8,1524438.5,1
1070,k005,16,7,-539,10,8,1524468.5,2
1071,k005,16,8,-539,11,7,1524498.5,2
1072,k005,16,9,-539,12,6,1524527.5,2
1073,k005,16,10,-538,1,5,1524557.5,2
1074,k005,16,11,-538,2,3,1524586.5,2
1075,k005,16,12,-538,3,5,1524616.5,2
1076,k005,17,1,-538,4,4,1524646.5,3
1077,k005,17,2,-538,5,3,1524675.5,2
1078,k005,17,3,-538,6,2,1524705.5,3
1079,k005,17,4,-538,7,1,1524734.5,2
1080,k005,17,5,-538,7,31,1524764.5,3
1081,k005,17,6,-538,8,29,1524793.5,2
1082,k005,17,7,-538,9,27,1524822.5,1
1083,k005,17,8,-538,10,27,1524852.5,2
1084,k005,17,9,-538,11,25,1524881.5,1
1085,k005,17,10,-538,12,24,1524910.5,1
1086,k005,17,11,-537,1,23,1524940.5,1
1087,k005,17,12,-537,2,22,1524970.5,2
1088,k006,1,1,-537,3,24,1525000.5,2
1089,k006,1,2,-537,4,22,1525029.5,2
1090,k006,1,3,-537,5,22,1525059.5,2
1091,k006,1,4,-537,6,20,1525088.5,2
1092,k006,1,5,-537,7,20,1525118.5,2
1093,k006,1,6,-537,8,19,1525148.5,3
1094,k006,1,7,-537,9,17,1525177.5,2
1095,k006,1,8,-537,10,16,1525206.5,2
1096,k006,1,9,-537,11,15,1525236.5,2
1097,k006,1,10,-537,12,14,1525265.5,1
1098,k006,1,11,-536,1,13,1525295.5,2
1099,k006,1,12,-536,2,11,1525324.5,1
1100,k006,2,1,-536,3,12,1525354.5,2
1101,k006,2,2,-536,4,10,1525383.5,1
1102,k006,2,3,-536,5,10,1525413.5,2
1103,k006,2,4,-536,6,9,1525443.5,2
1104,k006,2,5,-536,7,8,1525472.5,2
1105,k006,2,6,-536,8,7,1525502.5,2
1106,k006,2,6.5,-536,9,6,1525532.5,3
1107,k006,2,7,-536,10,5,1525561.5,2
1108,k006,2,8,-536,11,3,1525590.5,2
1109,k006,2,9,-536,12,3,1525620.5,2
1110,k006,2,10,-535,1,1,1525649.5,2
1111,k006,2,11,-535,1,30,1525678.5,1
1112,k006,2,12,-535,3,1,1525708.5,2
1113,k006,3,1,-535,3,31,1525738.5,2
1114,k006,3,2,-535,4,29,1525767.5,1
1115,k006,3,3,-535,5,29,1525797.5,2
1116,k006,3,4,-535,6,28,1525827.5,2
1117,k006,3,5,-535,7,27,1525856.5,2
1118,k006,3,6,-535,8,26,1525886.5,2
1119,k006,3,7,-535,9,25,1525916.5,3
1120,k006,3,8,-535,10,24,1525945.5,2
1121,k006,3,9,-535,11,22,1525974.5,2
1122,k006,3,10,-535,12,22,1526004.5,2
1123,k006,3,11,-534,1,20,1526033.5,2
1124,k006,3,12,-534,2,19,1526063.5,2
1125,k006,3,12.5,-534,3,20,1526092.5,2
1126,k006,4,1,-534,4,18,1526121.5,1
1127,k006,4,2,-534,5,18,1526151.5,2
1128,k006,4,3,-534,6,17,1526181.5,2
1129,k006,4,4,-534,7,16,1526210.5,2
1130,k006,4,5,-534,8,15,1526240.5,2
1131,k006,4,6,-534,9,14,1526270.5,2
1132,k006,4,7,-534,10,13,1526299.5,2
1133,k006,4,8,-534,11,12,1526329.5,2
1134,k006,4,9,-534,12,11,1526358.5,2
1135,k006,4,10,-533,1,9,1526387.5,1
1136,k006,4,11,-533,2,8,1526417.5,2
1137,k006,4,12,-533,3,9,1526446.5,1
1138,k006,5,1,-533,4,8,1526476.5,2
1139,k006,5,2,-533,5,7,1526505.5,1
1140,k006,5,3,-533,6,6,1526535.5,2
1141,k006,5,4,-533,7,6,1526565.5,2
1142,k006,5,5,-533,8,4,1526594.5,2
1143,k006,5,6,-533,9,3,1526624.5,2
1144,k006,5,7,-533,10,2,1526653.5,2
1145,k006,5,8,-533,11,1,1526683.5,2
1146,k006,5,9,-533,12,1,1526713.5,2
1147,k006,5,10,-533,12,30,1526742.5,2
1148,k006,5,11,-532,1,29,1526772.5,2
1149,k006,5,12,-532,2,27,1526801.5,2
1150,k006,6,1,-532,3,28,1526831.5,2
1151,k006,6,2,-532,4,26,1526860.5,2
1152,k006,6,3,-532,5,25,1526889.5,1
1153,k006,6,4,-532,6,24,1526919.5,2
1154,k006,6,5,-532,7,24,1526949.5,2
1155,k006,6,6,-532,8,22,1526978.5,2
1156,k006,6,7,-532,9,20,1527007.5,1
1157,k006,6,8,-532,10,20,1527037.5,2
1158,k006,6,9,-532,11,19,1527067.5,2
1159,k006,6,10,-532,12,19,1527097.5,3
1160,k006,6,11,-531,1,17,1527126.5,2
1161,k006,6,12,-531,2,16,1527156.5,3
1162,k006,6,12.5,-531,3,17,1527185.5,2
1163,k006,7,1,-531,4,16,1527215.5,2
1164,k006,7,2,-531,5,15,1527244.5,2
1165,k006,7,3,-531,6,13,1527273.5,1
1166,k006,7,4,-531,7,13,1527303.5,2
1167,k006,7,5,-531,8,11,1527332.5,1
1168,k006,7,6,-531,9,9,1527361.5,1
1169,k006,7,7,-531,10,9,1527391.5,1
1170,k006,7,8,-531,11,8,1527421.5,2
1171,k006,7,9,-531,12,8,1527451.5,2
1172,k006,7,10,-530,1,6,1527480.5,2
1173,k006,7,11,-530,2,5,1527510.5,2
1174,k006,7,12,-530,3,7,1527540.5,3
1175,k006,8,1,-530,4,5,1527569.5,2
1176,k006,8,2,-530,5,5,1527599.5,3
1177,k006,8,3,-530,6,3,1527628.5,2
1178,k006,8,4,-530,7,2,1527657.5,2
1179,k006,8,5,-530,7,31,1527686.5,1
1180,k006,8,6,-530,8,30,1527716.5,1
1181,k006,8,7,-530,9,28,1527745.5,1
1182,k006,8,8,-530,10,28,1527775.5,1
1183,k006,8,9,-530,11,27,1527805.5,2
1184,k006,8,10,-530,12,27,1527835.5,2
1185,k006,8,11,-529,1,25,1527864.5,2
1186,k006,8,12,-529,2,24,1527894.5,2
1187,k006,9,1,-529,3,26,1527924.5,3
1188,k006,9,2,-529,4,24,1527953.5,2
1189,k006,9,3,-529,5,24,1527983.5,3
1190,k006,9,4,-529,6,22,1528012.5,2
1191,k006,9,5,-529,7,21,1528041.5,2
1192,k006,9,6,-529,8,20,1528071.5,2
1193,k006,9,6.5,-529,9,18,1528100.5,2
1194,k006,9,7,-529,10,18,1528130.5,2
1195,k006,9,8,-529,11,16,1528159.5,1
1196,k006,9,9,-529,12,16,1528189.5,2
1197,k006,9,10,-528,1,14,1528218.5,1
1198,k006,9,11,-528,2,13,1528248.5,2
1199,k006,9,12,-528,3,14,1528278.5,2
1200,k007,1,1,-528,4,12,1528307.5,2
1201,k007,1,2,-528,5,12,1528337.5,2
1202,k007,1,3,-528,6,10,1528366.5,2
1203,k007,1,4,-528,7,10,1528396.5,2
1204,k007,1,5,-528,8,8,1528425.5,2
1205,k007,1,6,-528,9,7,1528455.5,2
1206,k007,1,7,-528,10,6,1528484.5,2
1207,k007,1,8,-528,11,5,1528514.5,2
1208,k007,1,9,-528,12,4,1528543.5,2
1209,k007,1,10,-527,1,3,1528573.5,2
1210,k007,1,11,-527,2,1,1528602.5,2
1211,k007,1,12,-527,3,3,1528632.5,2
1212,k007,2,1,-527,4,1,1528661.5,1
1213,k007,2,2,-527,5,1,1528691.5,2
1214,k007,2,3,-527,5,30,1528720.5,1
1215,k007,2,4,-527,6,29,1528750.5,2
1216,k007,2,5,-527,7,29,1528780.5,2
1217,k007,2,6,-527,8,27,1528809.5,2
1218,k007,2,7,-527,9,26,1528839.5,2
1219,k007,2,8,-527,10,26,1528869.5,3
1220,k007,2,9,-527,11,24,1528898.5,2
1221,k007,2,10,-527,12,23,1528927.5,2
1222,k007,2,11,-526,1,22,1528957.5,2
1223,k007,2,12,-526,2,20,1528986.5,2
1224,k007,3,1,-526,3,21,1529015.5,1
1225,k007,3,2,-526,4,20,1529045.5,2
1226,k007,3,3,-526,5,19,1529074.5,1
1227,k007,3,4,-526,6,18,1529104.5,2
1228,k007,3,5,-526,7,18,1529134.5,2
1229,k007,3,6,-526,8,16,1529163.5,1
1230,k007,3,6.5,-526,9,15,1529193.5,2
1231,k007,3,7,-526,10,15,1529223.5,2
1232,k007,3,8,-526,11,14,1529253.5,3
1233,k007,3,9,-526,12,13,1529282.5,2
1234,k007,3,10,-525,1,11,1529311.5,2
1235,k007,3,11,-525,2,10,1529341.5,2
1236,k007,3,12,-525,3,11,1529370.5,2
1237,k007,4,1,-525,4,9,1529399.5,1
1238,k007,4,2,-525,5,9,1529429.5,2
1239,k007,4,3,-525,6,7,1529458.5,1
1240,k007,4,4,-525,7,7,1529488.5,2
1241,k007,4,5,-525,8,6,1529518.5,2
1242,k007,4,6,-525,9,5,1529548.5,3
1243,k007,4,7,-525,10,5,1529578.5,3
1244,k007,4,8,-525,11,3,1529607.5,2
1245,k007,4,9,-525,12,2,1529636.5,2
1246,k007,4,10,-524,1,1,1529666.5,2
1247,k007,4,11,-524,1,30,1529695.5,2
1248,k007,4,12,-524,2,29,1529725.5,2
1249,k007,5,1,-524,3,29,1529754.5,2
1250,k007,5,2,-524,4,27,1529783.5,1
1251,k007,5,3,-524,5,26,1529812.5,1
1252,k007,5,4,-524,6,25,1529842.5,1
1253,k007,5,5,-524,7,25,1529872.5,2
1254,k007,5,6,-524,8,24,1529902.5,2
1255,k007,5,7,-524,9,23,1529932.5,3
1256,k007,5,8,-524,10,22,1529961.5,2
1257,k007,5,9,-524,11,21,1529991.5,3
1258,k007,5,10,-524,12,20,1530020.5,2
1259,k007,5,11,-523,1,19,1530050.5,3
1260,k007,5,12,-523,2,17,1530079.5,2
1261,k007,5,12.5,-523,3,19,1530109.5,2
1262,k007,6,1,-523,4,17,1530138.5,2
1263,k007,6,2,-523,5,16,1530167.5,1
1264,k007,6,3,-523,6,14,1530196.5,1
1265,k007,6,4,-523,7,14,1530226.5,1
1266,k007,6,5,-523,8,13,1530256.5,2
1267,k007,6,6,-523,9,12,1530286.5,2
1268,k007,6,7,-523,10,11,1530315.5,2
1269,k007,6,8,-523,11,10,1530345.5,2
1270,k007,6,9,-523,12,10,1530375.5,3
1271,k007,6,10,-522,1,8,1530404.5,2
1272,k007,6,11,-522,2,7,1530434.5,3
1273,k007,6,12,-522,3,8,1530463.5,2
1274,k007,7,1,-522,4,7,1530493.5,3
1275,k007,7,2,-522,5,6,1530522.5,2
1276,k007,7,3,-522,6,4,1530551.5,2
1277,k007,7,4,-522,7,4,1530581.5,2
1278,k007,7,5,-522,8,2,1530610.5,1
1279,k007,7,6,-522,9,1,1530640.5,2
1280,k007,7,7,-522,10,1,1530670.5,2
1281,k007,7,8,-522,10,30,1530699.5,2
1282,k007,7,9,-522,11,29,1530729.5,2
1283,k007,7,10,-522,12,28,1530758.5,2
1284,k007,7,11,-521,1,27,1530788.5,2
1285,k007,7,12,-521,2,26,1530818.5,3
1286,k007,8,1,-521,3,27,1530847.5,2
1287,k007,8,2,-521,4,25,1530876.5,2
1288,k007,8,3,-521,5,25,1530906.5,2
1289,k007,8,4,-521,6,23,1530935.5,2
1290,k007,8,5,-521,7,23,1530965.5,2
1291,k007,8,6,-521,8,21,1530994.5,2
1292,k007,8,7,-521,9,20,1531024.5,2
1293,k007,8,8,-521,10,19,1531053.5,1
1294,k007,8,9,-521,11,18,1531083.5,2
1295,k007,8,10,-521,12,17,1531112.5,1
1296,k007,8,11,-520,1,16,1531142.5,2
1297,k007,8,12,-520,2,15,1531172.5,2
1298,k007,8,12.5,-520,3,15,1531201.5,2
1299,k008,1,1,-520,4,14,1531231.5,2
1300,k008,1,2,-520,5,13,1531260.5,2
1301,k008,1,3,-520,6,12,1531290.5,2
1302,k008,1,4,-520,7,11,1531319.5,2
1303,k008,1,5,-520,8,10,1531349.5,2
1304,k008,1,6,-520,9,8,1531378.5,2
1305,k008,1,7,-520,10,8,1531408.5,2
1306,k008,1,8,-520,11,6,1531437.5,2
1307,k008,1,9,-520,12,6,1531467.5,2
1308,k008,1,10,-519,1,4,1531496.5,2
1309,k008,1,11,-519,2,3,1531526.5,2
1310,k008,1,12,-519,3,4,1531555.5,1
1311,k008,2,1,-519,4,3,1531585.5,2
1312,k008,2,2,-519,5,3,1531615.5,2
1313,k008,2,3,-519,6,1,1531644.5,2
1314,k008,2,4,-519,7,1,1531674.5,2
1315,k008,2,5,-519,7,31,1531704.5,3
1316,k008,2,6,-519,8,29,1531733.5,2
1317,k008,2,7,-519,9,27,1531762.5,2
1318,k008,2,8,-519,10,27,1531792.5,2
1319,k008,2,9,-519,11,25,1531821.5,2
1320,k008,2,10,-519,12,24,1531850.5,1
1321,k008,2,11,-518,1,23,1531880.5,2
1322,k008,2,12,-518,2,21,1531909.5,1
1323,k008,3,1,-518,3,23,1531939.5,2
1324,k008,3,2,-518,4,22,1531969.5,2
1325,k008,3,3,-518,5,21,1531998.5,2
1326,k008,3,4,-518,6,20,1532028.5,2
1327,k008,3,5,-518,7,20,1532058.5,2
1328,k008,3,6,-518,8,19,1532088.5,3
1329,k008,3,6.5,-518,9,17,1532117.5,2
1330,k008,3,7,-518,10,16,1532146.5,2
1331,k008,3,8,-518,11,15,1532176.5,2
1332,k008,3,9,-518,12,14,1532205.5,2
1333,k008,3,10,-517,1,12,1532234.5,1
1334,k008,3,11,-517,2,11,1532264.5,2
1335,k008,3,12,-517,3,12,1532293.5,1
1336,k008,4,1,-517,4,11,1532323.5,2
1337,k008,4,2,-517,5,10,1532352.5,1
1338,k008,4,3,-517,6,9,1532382.5,2
1339,k008,4,4,-517,7,9,1532412.5,2
1340,k008,4,5,-517,8,8,1532442.5,3
1341,k008,4,6,-517,9,6,1532471.5,2
1342,k008,4,7,-517,10,6,1532501.5,2
1343,k008,4,8,-517,11,4,1532530.5,2
1344,k008,4,9,-517,12,4,1532560.5,2
1345,k008,4,10,-516,1,2,1532589.5,2
1346,k008,4,11,-516,1,31,1532618.5,1
1347,k008,4,12,-516,3,1,1532648.5,2
1348,k008,5,1,-516,3,30,1532677.5,1
1349,k008,5,2,-516,4,29,1532707.5,2
1350,k008,5,3,-516,5,28,1532736.5,1
1351,k008,5,4,-516,6,27,1532766.5,2
1352,k008,5,5,-516,7,27,1532796.5,2
1353,k008,5,6,-516,8,25,1532825.5,2
1354,k008,5,7,-516,9,24,1532855.5,2
1355,k008,5,8,-516,10,24,1532885.5,3
1356,k008,5,9,-516,11,22,1532914.5,2
1357,k008,5,10,-516,12,22,1532944.5,3
1358,k008,5,11,-515,1,20,1532973.5,2
1359,k008,5,12,-515,2,19,1533003.5,2
1360,k008,5,12.5,-515,3,20,1533032.5,2
1361,k008,6,1,-515,4,18,1533061.5,1
1362,k008,6,2,-515,5,18,1533091.5,2
1363,k008,6,3,-515,6,16,1533120.5,1
1364,k008,6,4,-515,7,16,1533150.5,2
1365,k008,6,5,-515,8,14,1533179.5,1
1366,k008,6,6,-515,9,13,1533209.5,2
1367,k008,6,7,-515,10,13,1533239.5,2
1368,k008,6,8,-515,11,11,1533268.5,2
1369,k008,6,9,-515,12,11,1533298.5,2
1370,k008,6,10,-514,1,10,1533328.5,3
1371,k008,6,11,-514,2,8,1533357.5,2
1372,k008,6,12,-514,3,10,1533387.5,3
1373,k008,7,1,-514,4,8,1533416.5,2
1374,k008,7,2,-514,5,7,1533445.5,2
1375,k008,7,3,-514,6,6,1533475.5,2
1376,k008,7,4,-514,7,5,1533504.5,1
1377,k008,7,5,-514,8,3,1533533.5,1
1378,k008,7,6,-514,9,2,1533563.5,1
1379,k008,7,6.5,-514,10,2,1533593.5,2
1380,k008,7,8,-514,10,31,1533622.5,1
1381,k008,7,9,-514,11,30,1533652.5,2
1382,k008,7,10,-514,12,30,1533682.5,2
1383,k008,7,11,-513,1,29,1533712.5,3
1384,k008,7,12,-513,2,27,1533741.5,2
1385,k008,8,1,-513,3,29,1533771.5,3
1386,k008,8,2,-513,4,27,1533800.5,2
1387,k008,8,3,-513,5,26,1533829.5,2
1388,k008,8,4,-513,6,25,1533859.5,2
1389,k008,8,5,-513,7,24,1533888.5,2
1390,k008,8,6,-513,8,22,1533917.5,1
1391,k008,8,7,-513,9,21,1533947.5,1
1392,k008,8,8,-513,10,20,1533976.5,1
1393,k008,8,9,-513,11,19,1534006.5,1
1394,k008,8,10,-513,12,19,1534036.5,2
1395,k008,8,11,-512,1,18,1534066.5,2
1396,k008,8,12,-512,2,16,1534095.5,2
1397,k008,8,12.5,-512,3,17,1534125.5,2
1398,k008,9,1,-512,4,16,1534155.5,3
1399,k008,9,2,-512,5,15,1534184.5,2
1400,k008,9,3,-512,6,13,1534213.5,2
1401,k008,9,4,-512,7,13,1534243.5,2
1402,k008,9,5,-512,8,11,1534272.5,2
1403,k008,9,6,-512,9,10,1534302.5,2
1404,k008,9,7,-512,10,9,1534331.5,2
1405,k008,9,8,-512,11,7,1534360.5,1
1406,k008,9,9,-512,12,7,1534390.5,2
1407,k008,9,10,-511,1,6,1534420.5,2
1408,k008,9,11,-511,2,5,1534450.5,2
1409,k008,9,12,-511,3,6,1534479.5,2
1410,k008,10,1,-511,4,5,1534509.5,2
1411,k008,10,2,-511,5,4,1534538.5,2
1412,k008,10,3,-511,6,3,1534568.5,2
1413,k008,10,4,-511,7,2,1534597.5,2
1414,k008,10,5,-511,7,31,1534626.5,1
1415,k008,10,6,-511,8,30,1534656.5,2
1416,k008,10,7,-511,9,29,1534686.5,2
1417,k008,10,8,-511,10,28,1534715.5,2
1418,k008,10,9,-511,11,28,1534746.5,3
1419,k008,10,10,-511,12,27,1534775.5,3
1420,k008,10,11,-510,1,25,1534804.5,2
1421,k008,10,12,-510,2,23,1534833.5,2
1422,k008,11,1,-510,3,25,1534863.5,2
1423,k008,11,2,-510,4,23,1534892.5,2
1424,k008,11,3,-510,5,23,1534922.5,2
1425,k008,11,4,-510,6,22,1534952.5,2
1426,k008,11,5,-510,7,21,1534981.5,2
1427,k008,11,6,-510,8,19,1535010.5,1
1428,k008,11,6.5,-510,9,18,1535040.5,2
1429,k008,11,7,-510,10,18,1535070.5,2
1430,k008,11,8,-510,11,16,1535099.5,2
1431,k008,11,9,-510,12,16,1535129.5,2
1432,k008,11,10,-509,1,14,1535158.5,2
1433,k008,11,11,-509,2,12,1535187.5,1
1434,k008,11,12,-509,3,14,1535217.5,2
1435,k008,12,1,-509,4,13,1535247.5,2
1436,k008,12,2,-509,5,12,1535276.5,2
1437,k008,12,3,-509,6,11,1535306.5,2
1438,k008,12,4,-509,7,10,1535335.5,2
1439,k008,12,5,-509,8,9,1535365.5,2
1440,k008,12,6,-509,9,8,1535395.5,2
1441,k008,12,7,-509,10,7,1535424.5,2
1442,k008,12,8,-509,11,6,1535454.5,2
1443,k008,12,9,-509,12,5,1535483.5,2
1444,k008,12,10,-508,1,4,1535513.5,2
1445,k008,12,11,-508,2,2,1535542.5,2
1446,k008,12,12,-508,3,2,1535571.5,1
1447,k008,13,1,-508,4,1,1535601.5,2
1448,k008,13,2,-508,4,30,1535630.5,1
1449,k008,13,3,-508,5,30,1535660.5,2
1450,k008,13,4,-508,6,28,1535689.5,1
1451,k008,13,5,-508,7,28,1535719.5,2
1452,k008,13,6,-508,8,27,1535749.5,2
1453,k008,13,7,-508,9,26,1535779.5,3
1454,k008,13,8,-508,10,25,1535808.5,2
1455,k008,13,9,-508,11,24,1535838.5,3
1456,k008,13,10,-508,12,23,1535867.5,2
1457,k008,13,11,-507,1,22,1535897.5,2
1458,k008,13,12,-507,2,20,1535926.5,2
1459,k008,13,12.5,-507,3,21,1535955.5,1
1460,k008,14,1,-507,4,20,1535985.5,2
1461,k008,14,2,-507,5,19,1536014.5,1
1462,k008,14,3,-507,6,17,1536043.5,1
1463,k008,14,4,-507,7,17,1536073.5,1
1464,k008,14,5,-507,8,16,1536103.5,2
1465,k008,14,6,-507,9,15,1536133.5,2
1466,k008,14,7,-507,10,15,1536163.5,3
1467,k008,14,8,-507,11,14,1536193.5,3
1468,k008,14,9,-507,12,13,1536222.5,3
1469,k008,14,10,-506,1,11,1536251.5,2
1470,k008,14,11,-506,2,10,1536281.5,3
1471,k008,14,12,-506,3,11,1536310.5,2
1472,k008,15,1,-506,4,9,1536339.5,2
1473,k008,15,2,-506,5,8,1536368.5,1
1474,k008,15,3,-506,6,7,1536398.5,1
1475,k008,15,4,-506,7,6,1536427.5,1
1476,k008,15,5,-506,8,5,1536457.5,1
1477,k008,15,6,-506,9,4,1536487.5,2
1478,k008,15,7,-506,10,4,1536517.5,2
1479,k008,15,8,-506,11,3,1536547.5,3
1480,k008,15,9,-506,12,2,1536576.5,2
1481,k008,15,10,-505,1,1,1536606.5,3
1482,k008,15,11,-505,1,30,1536635.5,2
1483,k008,15,12,-505,3,1,1536665.5,3
1484,k008,16,1,-505,3,30,1536694.5,2
1485,k008,16,2,-505,4,28,1536723.5,2
1486,k008,16,3,-505,5,27,1536752.5,1
1487,k008,16,4,-505,6,26,1536782.5,2
1488,k008,16,5,-505,7,25,1536811.5,1
1489,k008,16,6,-505,8,24,1536841.5,1
1490,k008,16,7,-505,9,23,1536871.5,2
1491,k008,16,8,-505,10,23,1536901.5,2
1492,k008,16,9,-505,11,21,1536930.5,2
1493,k008,16,10,-505,12,21,1536960.5,2
1494,k008,16,11,-504,1,20,1536990.5,3
1495,k008,16,12,-504,2,18,1537019.5,2
1496,k008,16,12.5,-504,3,18,1537048.5,2
1497,k008,17,1,-504,4,17,1537078.5,2
1498,k008,17,2,-504,5,16,1537107.5,2
1499,k008,17,3,-504,6,14,1537136.5,1
1500,k008,17,4,-504,7,14,1537166.5,2
1501,k008,17,5,-504,8,12,1537195.5,1
1502,k008,17,6,-504,9,11,1537225.5,2
1503,k008,17,7,-504,10,11,1537255.5,2
1504,k008,17,8,-504,11,9,1537284.5,2
1505,k008,17,9,-504,12,9,1537314.5,2
1506,k008,17,10,-503,1,8,1537344.5,2
1507,k008,17,11,-503,2,6,1537373.5,2
1508,k008,17,12,-503,3,8,1537403.5,2
1509,k008,18,1,-503,4,6,1537432.5,2
1510,k008,18,2,-503,5,6,1537462.5,2
1511,k008,18,3,-503,6,4,1537491.5,2
1512,k008,18,4,-503,7,4,1537521.5,2
1513,k008,18,5,-503,8,2,1537550.5,2
1514,k008,18,6,-503,9,1,1537580.5,2
1515,k008,18,7,-503,9,30,1537609.5,2
1516,k008,18,8,-503,10,30,1537639.5,2
1517,k008,18,9,-503,11,28,1537668.5,2
1518,k008,18,10,-503,12,28,1537698.5,2
1519,k008,18,11,-502,1,26,1537727.5,2
1520,k008,18,12,-502,2,25,1537757.5,2
1521,k008,19,1,-502,3,27,1537787.5,3
1522,k008,19,2,-502,4,25,1537816.5,2
1523,k008,19,3,-502,5,25,1537846.5,2
1524,k008,19,4,-502,6,23,1537875.5,2
1525,k008,19,5,-502,7,23,1537905.5,2
1526,k008,19,6,-502,8,21,1537934.5,2
1527,k008,19,6.5,-502,9,20,1537964.5,2
1528,k008,19,7,-502,10,19,1537993.5,2
1529,k008,19,8,-502,11,18,1538023.5,2
1530,k008,19,9,-502,12,17,1538052.5,2
1531,k008,19,10,-501,1,15,1538081.5,1
1532,k008,19,11,-501,2,14,1538111.5,2
1533,k008,19,12,-501,3,16,1538141.5,2
1534,k008,20,1,-501,4,14,1538170.5,2
1535,k008,20,2,-501,5,14,1538200.5,2
1536,k008,20,3,-501,6,13,1538230.5,3
1537,k008,20,4,-501,7,12,1538259.5,2
1538,k008,20,5,-501,8,11,1538289.5,2
1539,k008,20,6,-501,9,9,1538318.5,2
1540,k008,20,7,-501,10,9,1538348.5,2
1541,k008,20,8,-501,11,7,1538377.5,2
1542,k008,20,9,-501,12,6,1538406.5,1
1543,k008,20,10,-500,1,5,1538436.5,2
1544,k008,20,11,-500,2,3,1538465.5,1
1545,k008,20,12,-500,3,4,1538495.5,2
1546,k008,21,1,-500,4,2,1538524.5,1
1547,k008,21,2,-500,5,2,1538554.5,2
1548,k008,21,3,-500,6,1,1538584.5,2
1549,k008,21,4,-500,6,30,1538613.5,2
1550,k008,21,5,-500,7,30,1538643.5,2
1551,k008,21,6,-500,8,29,1538673.5,3
1552,k008,21,7,-500,9,27,1538702.5,2
1553,k008,21,8,-500,10,27,1538732.5,3
1554,k008,21,9,-500,11,25,1538761.5,2
1555,k008,21,10,-500,12,24,1538790.5,1
1556,k008,21,11,-499,1,23,1538820.5,2
1557,k008,21,12,-499,2,21,1538849.5,1
1558,k008,22,1,-499,3,23,1538879.5,2
1559,k008,22,2,-499,4,21,1538908.5,1
1560,k008,22,3,-499,5,21,1538938.5,2
1561,k008,22,4,-499,6,19,1538967.5,1
1562,k008,22,5,-499,7,19,1538997.5,2
1563,k008,22,6,-499,8,18,1539027.5,2
1564,k008,22,7,-499,9,17,1539057.5,3
1565,k008,22,8,-499,10,16,1539086.5,2
1566,k008,22,9,-499,11,15,1539116.5,3
1567,k008,22,10,-499,12,14,1539145.5,2
1568,k008,22,11,-498,1,12,1539174.5,2
1569,k008,22,12,-498,2,11,1539204.5,2
1570,k008,22,12.5,-498,3,12,1539233.5,2
1571,k008,23,1,-498,4,11,1539263.5,2
1572,k008,23,2,-498,5,10,1539292.5,1
1573,k008,23,3,-498,6,9,1539322.5,2
1574,k008,23,4,-498,7,8,1539351.5,1
1575,k008,23,5,-498,8,7,1539381.5,2
1576,k008,23,6,-498,9,6,1539411.5,2
1577,k008,23,7,-498,10,5,1539440.5,2
1578,k008,23,8,-498,11,4,1539470.5,2
1579,k008,23,9,-498,12,3,1539499.5,2
1580,k008,23,10,-497,1,2,1539529.5,2
1581,k008,23,11,-497,1,31,1539558.5,2
1582,k008,23,12,-497,3,2,1539588.5,2
1583,k008,24,1,-497,3,31,1539617.5,2
1584,k008,24,2,-497,4,30,1539647.5,2
1585,k008,24,3,-497,5,29,1539676.5,2
1586,k008,24,4,-497,6,27,1539705.5,1
1587,k008,24,5,-497,7,27,1539735.5,1
1588,k008,24,6,-497,8,26,1539765.5,2
1589,k008,24,7,-497,9,24,1539794.5,1
1590,k008,24,8,-497,10,24,1539824.5,2
1591,k008,24,9,-497,11,23,1539854.5,2
1592,k008,24,10,-497,12,22,1539883.5,2
1593,k008,24,11,-496,1,21,1539913.5,2
1594,k008,24,12,-496,2,20,1539943.5,3
1595,k008,24,12.5,-496,3,20,1539972.5,2
1596,k008,25,1,-496,4,18,1540001.5,2
1597,k008,25,2,-496,5,18,1540031.5,2
1598,k008,25,3,-496,6,16,1540060.5,2
1599,k008,25,4,-496,7,15,1540089.5,1
1600,k008,25,5,-496,8,14,1540119.5,2
1601,k008,25,6,-496,9,12,1540148.5,1
1602,k008,25,7,-496,10,12,1540178.5,2
1603,k008,25,8,-496,11,11,1540208.5,2
1604,k008,25,9,-496,12,10,1540237.5,1
1605,k008,25,10,-495,1,9,1540267.5,2
1606,k008,25,11,-495,2,8,1540297.5,2
1607,k008,25,12,-495,3,9,1540326.5,2
1608,k008,26,1,-495,4,8,1540356.5,2
1609,k008,26,2,-495,5,7,1540385.5,2
1610,k008,26,3,-495,6,6,1540415.5,2
1611,k008,26,4,-495,7,5,1540444.5,2
1612,k008,26,5,-495,8,3,1540473.5,1
1613,k008,26,6,-495,9,2,1540503.5,2
1614,k008,26,7,-495,10,1,1540532.5,1
1615,k008,26,8,-495,10,31,1540562.5,2
1616,k008,26,9,-495,11,29,1540591.5,1
1617,k008,26,10,-495,12,29,1540621.5,2
1618,k008,26,11,-494,1,28,1540651.5,2
1619,k008,26,12,-494,2,26,1540680.5,2
1620,k008,27,1,-494,3,28,1540710.5,2
1621,k008,27,2,-494,4,27,1540740.5,2
1622,k008,27,3,-494,5,26,1540769.5,2
1623,k008,27,4,-494,6,25,1540799.5,2
1624,k008,27,5,-494,7,24,1540828.5,2
1625,k008,27,6,-494,8,22,1540857.5,1
1626,k008,27,7,-494,9,21,1540887.5,2
1627,k008,27,8,-494,10,20,1540916.5,1
1628,k008,27,9,-494,11,19,1540946.5,2
1629,k008,27,10,-494,12,18,1540975.5,1
1630,k008,27,11,-493,1,17,1541005.5,2
1631,k008,27,12,-493,2,16,1541035.5,2
1632,k008,27,12.5,-493,3,17,1541064.5,2
1633,k008,28,1,-493,4,16,1541094.5,2
1634,k008,28,2,-493,5,16,1541124.5,3
1635,k008,28,3,-493,6,14,1541153.5,2
1636,k008,28,4,-493,7,14,1541183.5,2
1637,k008,28,5,-493,8,12,1541212.5,2
1638,k008,28,6,-493,9,10,1541241.5,1
1639,k008,28,7,-493,10,10,1541271.5,2
1640,k008,28,8,-493,11,8,1541300.5,1
1641,k008,28,9,-493,12,8,1541330.5,2
1642,k008,28,10,-492,1,6,1541359.5,1
1643,k008,28,11,-492,2,5,1541389.5,2
1644,k008,28,12,-492,3,6,1541419.5,2
1645,k008,29,1,-492,4,4,1541448.5,2
1646,k008,29,2,-492,5,4,1541478.5,2
1647,k008,29,3,-492,6,2,1541507.5,2
1648,k008,29,4,-492,7,2,1541537.5,2
1649,k008,29,5,-492,7,31,1541566.5,2
1650,k008,29,6,-492,8,30,1541596.5,2
1651,k008,29,7,-492,9,28,1541625.5,2
1652,k008,29,8,-492,10,28,1541655.5,2
1653,k008,29,9,-492,11,26,1541684.5,1
1654,k008,29,10,-492,12,26,1541714.5,2
1655,k008,29,11,-491,1,24,1541743.5,1
1656,k008,29,12,-491,2,23,1541773.5,2
1657,k008,29,12.5,-491,3,24,1541802.5,1
1658,k008,30,1,-491,4,23,1541832.5,2
1659,k008,30,2,-491,5,22,1541861.5,1
1660,k008,30,3,-491,6,21,1541891.5,2
1661,k008,30,4,-491,7,21,1541921.5,2
1662,k008,30,5,-491,8,19,1541950.5,2
1663,k008,30,6,-491,9,18,1541980.5,2
1664,k008,30,7,-491,10,18,1542010.5,3
1665,k008,30,8,-491,11,16,1542039.5,2
1666,k008,30,9,-491,12,16,1542069.5,3
1667,k008,30,10,-490,1,14,1542098.5,2
1668,k008,30,11,-490,2,12,1542127.5,2
1669,k008,30,12,-490,3,14,1542157.5,2
1670,k008,31,1,-490,4,12,1542186.5,1
1671,k008,31,2,-490,5,12,1542216.5,2
1672,k008,31,3,-490,6,10,1542245.5,1
1673,k008,31,4,-490,7,10,1542275.5,2
1674,k008,31,5,-490,8,8,1542304.5,1
1675,k008,31,6,-490,9,7,1542334.5,2
1676,k008,31,7,-490,10,7,1542364.5,2
1677,k008,31,8,-490,11,6,1542394.5,3
1678,k008,31,9,-490,12,5,1542423.5,2
1679,k008,31,10,-489,1,4,1542453.5,3
1680,k008,31,11,-489,2,2,1542482.5,2
1681,k008,31,12,-489,3,3,1542511.5,2
1682,k008,32,1,-489,4,2,1542541.5,2
1683,k008,32,2,-489,5,1,1542570.5,2
1684,k008,32,3,-489,5,30,1542599.5,1
1685,k008,32,4,-489,6,29,1542629.5,1
1686,k008,32,5,-489,7,28,1542658.5,1
1687,k008,32,6,-489,8,27,1542688.5,1
1688,k008,32,7,-489,9,26,1542718.5,2
1689,k008,32,8,-489,10,26,1542748.5,2
1690,k008,32,9,-489,11,25,1542778.5,3
1691,k008,32,10,-489,12,24,1542807.5,2
1692,k008,32,11,-488,1,23,1542837.5,3
1693,k008,32,12,-488,2,21,1542866.5,2
1694,k008,32,12.5,-488,3,21,1542895.5,2
1695,k008,33,1,-488,4,19,1542924.5,1
1696,k008,33,2,-488,5,19,1542954.5,2
1697,k008,33,3,-488,6,17,1542983.5,1
1698,k008,33,4,-488,7,17,1543013.5,2
1699,k008,33,5,-488,8,15,1543042.5,1
1700,k008,33,6,-488,9,14,1543072.5,2
1701,k008,33,7,-488,10,14,1543102.5,2
1702,k008,33,8,-488,11,13,1543132.5,2
1703,k008,33,9,-488,12,13,1543162.5,3
1704,k008,33,10,-487,1,11,1543191.5,2
1705,k008,33,11,-487,2,9,1543220.5,2
1706,k008,33,12,-487,3,11,1543250.5,2
1707,k008,34,1,-487,4,9,1543279.5,2
1708,k008,34,2,-487,5,8,1543308.5,1
1709,k008,34,3,-487,6,7,1543338.5,2
1710,k008,34,4,-487,7,6,1543367.5,1
1711,k008,34,5,-487,8,5,1543397.5,2
1712,k008,34,6,-487,9,3,1543426.5,1
1713,k008,34,7,-487,10,3,1543456.5,2
1714,k008,34,8,-487,11,2,1543486.5,2
1715,k008,34,9,-487,12,2,1543516.5,3
1716,k008,34,10,-487,12,31,1543545.5,2
1717,k008,34,11,-486,1,30,1543575.5,3
1718,k008,34,12,-486,2,28,1543604.5,2
1719,k008,35,1,-486,3,30,1543634.5,2
1720,k008,35,2,-486,4,28,1543663.5,2
1721,k008,35,3,-486,5,28,1543693.5,2
1722,k008,35,4,-486,6,26,1543722.5,2
1723,k008,35,5,-486,7,25,1543751.5,1
1724,k008,35,6,-486,8,24,1543781.5,2
1725,k008,35,7,-486,9,23,1543811.5,2
1726,k008,35,8,-486,10,22,1543840.5,2
1727,k008,35,9,-486,11,21,1543870.5,2
1728,k008,35,10,-486,12,20,1543899.5,2
1729,k008,35,11,-485,1,19,1543929.5,2
1730,k008,35,12,-485,2,17,1543958.5,2
1731,k008,35,12.5,-485,3,19,1543988.5,2
1732,k008,36,1,-485,4,18,1544018.5,3
1733,k008,36,2,-485,5,17,1544047.5,2
1734,k008,36,3,-485,6,15,1544076.5,1
1735,k008,36,4,-485,7,15,1544106.5,2
1736,k008,36,5,-485,8,13,1544135.5,1
1737,k008,36,6,-485,9,12,1544165.5,2
1738,k008,36,7,-485,10,12,1544195.5,2
1739,k008,36,8,-485,11,10,1544224.5,2
1740,k008,36,9,-485,12,9,1544253.5,1
1741,k008,36,10,-484,1,8,1544283.5,2
1742,k008,36,11,-484,2,6,1544312.5,1
1743,k008,36,12,-484,3,7,1544342.5,2
1744,k009,1,1,-484,4,6,1544372.5,2
1745,k009,1,2,-484,5,5,1544401.5,2
1746,k009,1,3,-484,6,4,1544431.5,2
1747,k009,1,4,-484,7,4,1544461.5,3
1748,k009,1,5,-484,8,2,1544490.5,2
1749,k009,1,6,-484,9,1,1544520.5,3
1750,k009,1,7,-484,9,30,1544549.5,2
1751,k009,1,8,-484,10,30,1544579.5,2
1752,k009,1,9,-484,11,28,1544608.5,2
1753,k009,1,10,-484,12,27,1544637.5,1
1754,k009,1,11,-483,1,26,1544667.5,2
1755,k009,1,12,-483,2,24,1544696.5,1
1756,k009,2,1,-483,3,26,1544726.5,2
1757,k009,2,2,-483,4,25,1544756.5,2
1758,k009,2,3,-483,5,24,1544785.5,2
1759,k009,2,4,-483,6,23,1544815.5,2
1760,k009,2,5,-483,7,23,1544845.5,3
1761,k009,2,6,-483,8,21,1544874.5,2
1762,k009,2,6.5,-483,9,20,1544904.5,3
1763,k009,2,7,-483,10,19,1544933.5,2
1764,k009,2,8,-483,11,17,1544962.5,2
1765,k009,2,9,-483,12,17,1544992.5,2
1766,k009,2,10,-482,1,15,1545021.5,2
1767,k009,2,11,-482,2,13,1545050.5,1
1768,k009,2,12,-482,3,15,1545080.5,1
1769,k009,3,1,-482,4,14,1545110.5,2
1770,k009,3,2,-482,5,13,1545139.5,1
1771,k009,3,3,-482,6,12,1545169.5,2
1772,k009,3,4,-482,7,12,1545199.5,2
1773,k009,3,5,-482,8,11,1545229.5,3
1774,k009,3,6,-482,9,9,1545258.5,2
1775,k009,3,7,-482,10,9,1545288.5,3
1776,k009,3,8,-482,11,7,1545317.5,2
1777,k009,3,9,-482,12,6,1545346.5,2
1778,k009,3,10,-481,1,5,1545376.5,2
1779,k009,3,11,-481,2,3,1545405.5,2
1780,k009,3,12,-481,3,4,1545434.5,1
1781,k009,4,1,-481,4,3,1545464.5,2
1782,k009,4,2,-481,5,2,1545493.5,1
1783,k009,4,3,-481,6,1,1545523.5,1
1784,k009,4,4,-481,7,1,1545553.5,2
1785,k009,4,5,-481,7,31,1545583.5,2
1786,k009,4,6,-481,8,29,1545612.5,2
1787,k009,4,7,-481,9,28,1545642.5,2
1788,k009,4,8,-481,10,28,1545672.5,3
1789,k009,4,9,-481,11,26,1545701.5,2
1790,k009,4,10,-481,12,25,1545730.5,2
1791,k009,4,11,-480,1,24,1545760.5,2
1792,k009,4,12,-480,2,22,1545789.5,2
1793,k009,4,12.5,-480,3,22,1545818.5,1
1794,k009,5,1,-480,4,21,1545848.5,2
1795,k009,5,2,-480,5,20,1545877.5,1
1796,k009,5,3,-480,6,19,1545907.5,2
1797,k009,5,4,-480,7,19,1545937.5,2
1798,k009,5,5,-480,8,17,1545966.5,2
1799,k009,5,6,-480,9,16,1545996.5,2
1800,k009,5,7,-480,10,16,1546026.5,2
1801,k009,5,8,-480,11,14,1546055.5,2
1802,k009,5,9,-480,12,14,1546085.5,2
1803,k009,5,10,-479,1,12,1546114.5,2
1804,k009,5,11,-479,2,11,1546144.5,2
1805,k009,5,12,-479,3,12,1546173.5,2
1806,k009,6,1,-479,4,11,1546203.5,2
1807,k009,6,2,-479,5,10,1546232.5,2
1808,k009,6,3,-479,6,8,1546261.5,1
1809,k009,6,4,-479,7,8,1546291.5,2
1810,k009,6,5,-479,8,6,1546320.5,1
1811,k009,6,6,-479,9,5,1546350.5,2
1812,k009,6,7,-479,10,5,1546380.5,2
1813,k009,6,8,-479,11,3,1546409.5,2
1814,k009,6,9,-479,12,3,1546439.5,2
1815,k009,6,10,-478,1,2,1546469.5,3
1816,k009,6,11,-478,1,31,1546498.5,2
1817,k009,6,12,-478,3,2,1546528.5,2
1818,k009,7,1,-478,3,31,1546557.5,2
1819,k009,7,2,-478,4,30,1546587.5,2
1820,k009,7,3,-478,5,29,1546616.5,2
1821,k009,7,4,-478,6,27,1546645.5,1
1822,k009,7,5,-478,7,27,1546675.5,2
1823,k009,7,6,-478,8,25,1546704.5,1
1824,k009,7,7,-478,9,24,1546734.5,2
1825,k009,7,8,-478,10,23,1546763.5,1
1826,k009,7,9,-478,11,22,1546793.5,2
1827,k009,7,10,-478,12,22,1546823.5,2
1828,k009,7,11,-477,1,21,1546853.5,3
1829,k009,7,12,-477,2,19,1546882.5,2
1830,k009,7,12.5,-477,3,21,1546912.5,3
1831,k009,8,1,-477,4,19,1546941.5,2
1832,k009,8,2,-477,5,19,1546971.5,2
1833,k009,8,3,-477,6,17,1547000.5,2
1834,k009,8,4,-477,7,16,1547029.5,1
1835,k009,8,5,-477,8,15,1547059.5,2
1836,k009,8,6,-477,9,13,1547088.5,1
1837,k009,8,7,-477,10,12,1547117.5,1
1838,k009,8,8,-477,11,11,1547147.5,1
1839,k009,8,9,-477,12,11,1547177.5,2
1840,k009,8,10,-476,1,10,1547207.5,2
1841,k009,8,11,-476,2,8,1547236.5,2
1842,k009,8,12,-476,3,9,1547266.5,2
1843,k009,9,1,-476,4,8,1547296.5,3
1844,k009,9,2,-476,5,7,1547325.5,2
1845,k009,9,3,-476,6,6,1547355.5,3
1846,k009,9,4,-476,7,5,1547384.5,2
1847,k009,9,5,-476,8,3,1547413.5,2
1848,k009,9,6,-476,9,2,1547443.5,2
1849,k009,9,7,-476,10,1,1547472.5,1
1850,k009,9,8,-476,10,30,1547501.5,1
1851,k009,9,9,-476,11,29,1547531.5,1
1852,k009,9,10,-476,12,29,1547561.5,2
1853,k009,9,11,-475,1,27,1547590.5,1
1854,k009,9,12,-475,2,26,1547620.5,2
1855,k009,10,1,-475,3,28,1547650.5,2
1856,k009,10,2,-475,4,26,1547679.5,2
1857,k009,10,3,-475,5,26,1547709.5,2
1858,k009,10,4,-475,6,24,1547738.5,2
1859,k009,10,5,-475,7,24,1547768.5,2
1860,k009,10,6,-475,8,22,1547797.5,2
1861,k009,10,7,-475,9,21,1547827.5,2
1862,k009,10,8,-475,10,20,1547856.5,2
1863,k009,10,9,-475,11,19,1547886.5,2
1864,k009,10,10,-475,12,18,1547915.5,2
1865,k009,10,11,-474,1,17,1547945.5,2
1866,k009,10,12,-474,2,15,1547974.5,1
1867,k009,10,12.5,-474,3,17,1548004.5,2
1868,k009,11,1,-474,4,15,1548033.5,1
1869,k009,11,2,-474,5,15,1548063.5,2
1870,k009,11,3,-474,6,14,1548093.5,2
1871,k009,11,4,-474,7,13,1548122.5,2
1872,k009,11,5,-474,8,12,1548152.5,2
1873,k009,11,6,-474,9,10,1548181.5,2
1874,k009,11,7,-474,10,10,1548211.5,2
1875,k009,11,8,-474,11,8,1548240.5,2
1876,k009,11,9,-474,12,8,1548270.5,2
1877,k009,11,10,-473,1,6,1548299.5,2
1878,k009,11,11,-473,2,5,1548329.5,2
1879,k009,11,12,-473,3,6,1548358.5,2
1880,k009,12,1,-473,4,5,1548388.5,2
1881,k009,12,2,-473,5,4,1548417.5,1
1882,k009,12,3,-473,6,3,1548447.5,2
1883,k009,12,4,-473,7,2,1548476.5,1
1884,k009,12,5,-473,8,1,1548506.5,2
1885,k009,12,6,-473,8,31,1548536.5,2
1886,k009,12,7,-473,9,29,1548565.5,2
1887,k009,12,8,-473,10,29,1548595.5,2
1888,k009,12,9,-473,11,28,1548625.5,3
1889,k009,12,10,-473,12,27,1548654.5,2
1890,k009,12,11,-472,1,25,1548683.5,2
1891,k009,12,12,-472,2,24,1548713.5,2
1892,k009,12,12.5,-472,3,24,1548742.5,2
1893,k009,13,1,-472,4,22,1548771.5,1
1894,k009,13,2,-472,5,22,1548801.5,2
1895,k009,13,3,-472,6,20,1548830.5,1
1896,k009,13,4,-472,7,20,1548860.5,2
1897,k009,13,5,-472,8,19,1548890.5,2
1898,k009,13,6,-472,9,18,1548920.5,2
1899,k009,13,7,-472,10,17,1548949.5,2
1900,k009,13,8,-472,11,16,1548979.5,2
1901,k009,13,9,-472,12,16,1549009.5,3
1902,k009,13,10,-471,1,14,1549038.5,2
1903,k009,13,11,-471,2,12,1549067.5,2
1904,k009,13,12,-471,3,13,1549096.5,1
1905,k009,14,1,-471,4,12,1549126.5,2
1906,k009,14,2,-471,5,11,1549155.5,1
1907,k009,14,3,-471,6,10,1549185.5,2
1908,k009,14,4,-471,7,10,1549215.5,2
1909,k009,14,5,-471,8,9,1549245.5,3
1910,k009,14,6,-471,9,7,1549274.5,2
1911,k009,14,7,-471,10,7,1549304.5,3
1912,k009,14,8,-471,11,5,1549333.5,2
1913,k009,14,9,-471,12,5,1549363.5,3
1914,k009,14,10,-470,1,4,1549393.5,3
1915,k009,14,11,-470,2,2,1549422.5,2
1916,k009,14,12,-470,3,3,1549451.5,2
1917,k009,15,1,-470,4,1,1549480.5,1
1918,k009,15,2,-470,5,1,1549510.5,2
1919,k009,15,3,-470,5,30,1549539.5,1
1920,k009,15,4,-470,6,28,1549568.5,1
1921,k009,15,5,-470,7,28,1549598.5,1
1922,k009,15,6,-470,8,27,1549628.5,2
1923,k009,15,7,-470,9,26,1549658.5,2
1924,k009,15,8,-470,10,26,1549688.5,3
1925,k009,15,9,-470,11,24,1549717.5,2
1926,k009,15,10,-470,12,24,1549747.5,3
1927,k009,15,11,-469,1,22,1549776.5,2
1928,k009,15,12,-469,2,21,1549806.5,3
1929,k009,15,12.5,-469,3,22,1549835.5,2
1930,k009,16,1,-469,4,21,1549865.5,2
1931,k009,16,2,-469,5,20,1549894.5,2
1932,k009,16,3,-469,6,18,1549923.5,1
1933,k009,16,4,-469,7,17,1549952.5,1
1934,k009,16,5,-469,8,16,1549982.5,1
1935,k009,16,6,-469,9,15,1550012.5,2
1936,k009,16,7,-469,10,15,1550042.5,2
1937,k009,16,8,-469,11,13,1550071.5,2
1938,k009,16,9,-469,12,13,1550101.5,2
1939,k009,16,10,-468,1,12,1550131.5,3
1940,k009,16,11,-468,2,10,1550160.5,2
1941,k009,16,12,-468,3,11,1550190.5,3
1942,k009,17,1,-468,4,9,1550219.5,2
1943,k009,17,2,-468,5,8,1550248.5,2
1944,k009,17,3,-468,6,7,1550278.5,2
1945,k009,17,4,-468,7,6,1550307.5,2
1946,k009,17,5,-468,8,5,1550337.5,2
1947,k009,17,6,-468,9,3,1550366.5,1
1948,k009,17,7,-468,10,3,1550396.5,2
1949,k009,17,8,-468,11,1,1550425.5,1
1950,k009,17,9,-468,12,1,1550455.5,2
1951,k009,17,10,-468,12,31,1550485.5,2
1952,k009,17,11,-467,1,29,1550514.5,2
1953,k009,17,12,-467,2,28,1550544.5,2
1954,k009,18,1,-467,3,29,1550573.5,2
1955,k009,18,2,-467,4,28,1550603.5,2
1956,k009,18,3,-467,5,27,1550632.5,2
1957,k009,18,4,-467,6,26,1550662.5,2
1958,k009,18,5,-467,7,25,1550691.5,2
1959,k009,18,6,-467,8,24,1550721.5,2
1960,k009,18,7,-467,9,22,1550750.5,2
1961,k009,18,8,-467,10,22,1550780.5,2
1962,k009,18,9,-467,11,20,1550809.5,2
1963,k009,18,10,-467,12,20,1550839.5,2
1964,k009,18,11,-466,1,18,1550868.5,1
1965,k009,18,12,-466,2,17,1550898.5,2
1966,k009,18,12.5,-466,3,18,1550927.5,1
1967,k009,19,1,-466,4,17,1550957.5,2
1968,k009,19,2,-466,5,17,1550987.5,2
1969,k009,19,3,-466,6,15,1551016.5,2
1970,k009,19,4,-466,7,15,1551046.5,2
1971,k009,19,5,-466,8,14,1551076.5,3
1972,k009,19,6,-466,9,12,1551105.5,2
1973,k009,19,7,-466,10,12,1551135.5,3
1974,k009,19,8,-466,11,10,1551164.5,2
1975,k009,19,9,-466,12,9,1551193.5,2
1976,k009,19,10,-465,1,7,1551222.5,1
1977,k009,19,11,-465,2,6,1551252.5,2
1978,k009,19,12,-465,3,7,1551281.5,1
1979,k009,20,1,-465,4,6,1551311.5,1
1980,k009,20,2,-465,5,6,1551341.5,2
1981,k009,20,3,-465,6,4,1551370.5,1
1982,k009,20,4,-465,7,4,1551400.5,2
1983,k009,20,5,-465,8,3,1551430.5,2
1984,k009,20,6,-465,9,2,1551460.5,3
1985,k009,20,7,-465,10,1,1551489.5,2
1986,k009,20,8,-465,10,31,1551519.5,3
1987,k009,20,9,-465,11,29,1551548.5,2
1988,k009,20,10,-465,12,28,1551577.5,2
1989,k009,20,11,-464,1,26,1551606.5,1
1990,k009,20,12,-464,2,25,1551636.5,2
1991,k009,21,1,-464,3,25,1551665.5,1
1992,k009,21,2,-464,4,24,1551695.5,2
1993,k009,21,3,-464,5,24,1551725.5,2
1994,k009,21,4,-464,6,22,1551754.5,2
1995,k009,21,5,-464,7,22,1551784.5,2
1996,k009,21,6,-464,8,21,1551814.5,2
1997,k009,21,6.5,-464,9,20,1551844.5,3
1998,k009,21,7,-464,10,19,1551873.5,2
1999,k009,21,8,-464,11,17,1551902.5,2
2000,k009,21,9,-464,12,17,1551932.5,2
2001,k009,21,10,-463,1,15,1551961.5,2
2002,k009,21,11,-463,2,13,1551990.5,1
2003,k009,21,12,-463,3,15,1552020.5,2
2004,k010,1,1,-463,4,13,1552049.5,1
2005,k010,1,2,-463,5,13,1552079.5,2
2006,k010,1,3,-463,6,11,1552108.5,1
2007,k010,1,4,-463,7,11,1552138.5,2
2008,k010,1,5,-463,8,10,1552168.5,2
2009,k010,1,6,-463,9,9,1552198.5,3
2010,k010,1,7,-463,10,8,1552227.5,2
2011,k010,1,8,-463,11,7,1552257.5,3
2012,k010,1,9,-463,12,6,1552286.5,2
2013,k010,1,10,-462,1,5,1552316.5,2
2014,k010,1,11,-462,2,3,1552345.5,2
2015,k010,1,12,-462,3,4,1552374.5,1
2016,k010,2,1,-462,4,3,1552404.5,2
2017,k010,2,2,-462,5,2,1552433.5,1
2018,k010,2,3,-462,6,1,1552463.5,2
2019,k010,2,4,-462,6,30,1552492.5,1
2020,k010,2,5,-462,7,30,1552522.5,2
2021,k010,2,6,-462,8,29,1552552.5,2
2022,k010,2,7,-462,9,27,1552581.5,2
2023,k010,2,8,-462,10,27,1552611.5,2
2024,k010,2,9,-462,11,26,1552641.5,3
2025,k010,2,10,-462,12,25,1552670.5,2
2026,k010,2,11,-461,1,24,1552700.5,3
2027,k010,2,12,-461,2,22,1552729.5,2
2028,k010,2,12.5,-461,3,24,1552759.5,2
2029,k010,3,1,-461,4,22,1552788.5,2
2030,k010,3,2,-461,5,21,1552817.5,1
2031,k010,3,3,-461,6,20,1552847.5,2
2032,k010,3,4,-461,7,19,1552876.5,1
2033,k010,3,5,-461,8,18,1552906.5,2
2034,k010,3,6,-461,9,16,1552935.5,1
2035,k010,3,7,-461,10,16,1552965.5,2
2036,k010,3,8,-461,11,15,1552995.5,2
2037,k010,3,9,-461,12,14,1553024.5,2
2038,k010,3,10,-460,1,13,1553054.5,2
2039,k010,3,11,-460,2,12,1553084.5,3
2040,k010,3,12,-460,3,12,1553113.5,2
2041,k010,4,1,-460,4,11,1553143.5,3
2042,k010,4,2,-460,5,10,1553172.5,2
2043,k010,4,3,-460,6,8,1553201.5,2
2044,k010,4,4,-460,7,8,1553231.5,2
2045,k010,4,5,-460,8,6,1553260.5,1
2046,k010,4,6,-460,9,5,1553290.5,2
2047,k010,4,7,-460,10,4,1553319.5,1
2048,k010,4,8,-460,11,3,1553349.5,2
2049,k010,4,9,-460,12,2,1553378.5,1
2050,k010,4,10,-459,1,1,1553408.5,2
2051,k010,4,11,-459,1,31,1553438.5,2
2052,k010,4,12,-459,3,1,1553467.5,2
2053,k010,5,1,-459,3,31,1553497.5,2
2054,k010,5,2,-459,4,30,1553527.5,3
2055,k010,5,3,-459,5,29,1553556.5,2
2056,k010,5,4,-459,6,27,1553585.5,2
2057,k010,5,5,-459,7,27,1553615.5,2
2058,k010,5,6,-459,8,25,1553644.5,2
2059,k010,5,7,-459,9,23,1553673.5,1
2060,k010,5,8,-459,10,23,1553703.5,2
2061,k010,5,9,-459,11,21,1553732.5,1
2062,k010,5,10,-459,12,21,1553762.5,1
2063,k010,5,11,-458,1,20,1553792.5,2
2064,k010,5,12,-458,2,19,1553822.5,2
2065,k010,5,12.5,-458,3,20,1553851.5,2
2066,k010,6,1,-458,4,19,1553881.5,2
2067,k010,6,2,-458,5,18,1553910.5,2
2068,k010,6,3,-458,6,17,1553940.5,2
2069,k010,6,4,-458,7,16,1553969.5,2
2070,k010,6,5,-458,8,15,1553999.5,2
2071,k010,6,6,-458,9,13,1554028.5,2
2072,k010,6,7,-458,10,12,1554057.5,1
2073,k010,6,8,-458,11,11,1554087.5,2
2074,k010,6,9,-458,12,10,1554116.5,1
2075,k010,6,10,-457,1,9,1554146.5,2
2076,k010,6,11,-457,2,8,1554176.5,2
2077,k010,6,12,-457,3,9,1554205.5,1
2078,k010,7,1,-457,4,8,1554235.5,2
2079,k010,7,2,-457,5,8,1554265.5,2
2080,k010,7,3,-457,6,6,1554294.5,2
2081,k010,7,4,-457,7,6,1554324.5,2
2082,k010,7,5,-457,8,4,1554353.5,2
2083,k010,7,6,-457,9,3,1554383.5,2
2084,k010,7,7,-457,10,2,1554412.5,2
2085,k010,7,8,-457,10,31,1554441.5,1
2086,k010,7,9,-457,11,30,1554471.5,2
2087,k010,7,10,-457,12,29,1554500.5,1
2088,k010,7,11,-456,1,28,1554530.5,2
2089,k010,7,12,-456,2,27,1554560.5,2
2090,k010,8,1,-456,3,27,1554589.5,2
2091,k010,8,2,-456,4,26,1554619.5,2
2092,k010,8,3,-456,5,25,1554648.5,2
2093,k010,8,4,-456,6,24,1554678.5,2
2094,k010,8,5,-456,7,24,1554708.5,2
2095,k010,8,6,-456,8,22,1554737.5,2
2096,k010,8,7,-456,9,21,1554767.5,2
2097,k010,8,8,-456,10,20,1554796.5,2
2098,k010,8,9,-456,11,19,1554826.5,2
2099,k010,8,10,-456,12,18,1554855.5,2
2100,k010,8,11,-455,1,17,1554885.5,2
2101,k010,8,12,-455,2,15,1554914.5,2
2102,k010,8,12.5,-455,3,16,1554943.5,1
2103,k010,9,1,-455,4,15,1554973.5,2
2104,k010,9,2,-455,5,14,1555002.5,1
2105,k010,9,3,-455,6,13,1555032.5,2
2106,k010,9,4,-455,7,13,1555062.5,2
2107,k010,9,5,-455,8,11,1555091.5,2
2108,k010,9,6,-455,9,10,1555121.5,2
2109,k010,9,7,-455,10,10,1555151.5,3
2110,k010,9,8,-455,11,8,1555180.5,2
2111,k010,9,9,-455,12,8,1555210.5,2
2112,k010,9,10,-454,1,6,1555239.5,2
2113,k010,9,11,-454,2,5,1555269.5,2
2114,k010,9,12,-454,3,6,1555298.5,2
2115,k010,10,1,-454,4,4,1555327.5,1
2116,k010,10,2,-454,5,4,1555357.5,2
2117,k010,10,3,-454,6,2,1555386.5,1
2118,k010,10,4,-454,7,2,1555416.5,2
2119,k010,10,5,-454,7,31,1555445.5,1
2120,k010,10,6,-454,8,30,1555475.5,2
2121,k010,10,7,-454,9,29,1555505.5,2
2122,k010,10,8,-454,10,29,1555535.5,3
2123,k010,10,9,-454,11,27,1555564.5,2
2124,k010,10,10,-454,12,27,1555594.5,3
2125,k010,10,11,-453,1,25,1555623.5,2
2126,k010,10,12,-453,2,24,1555653.5,2
2127,k010,10,12.5,-453,3,25,1555682.5,2
2128,k010,11,1,-453,4,23,1555711.5,1
2129,k010,11,2,-453,5,22,1555740.5,1
2130,k010,11,3,-453,6,21,1555770.5,1
2131,k010,11,4,-453,7,20,1555799.5,1
2132,k010,11,5,-453,8,19,1555829.5,1
2133,k010,11,6,-453,9,18,1555859.5,2
2134,k010,11,7,-453,10,18,1555889.5,2
2135,k010,11,8,-453,11,17,1555919.5,3
2136,k010,11,9,-453,12,16,1555948.5,2
2137,k010,11,10,-452,1,15,1555978.5,3
2138,k010,11,11,-452,2,13,1556007.5,2
2139,k010,11,12,-452,3,14,1556037.5,3
2140,k010,12,1,-452,4,12,1556066.5,2
2141,k010,12,2,-452,5,11,1556095.5,2
2142,k010,12,3,-452,6,9,1556124.5,1
2143,k010,12,4,-452,7,9,1556154.5,1
2144,k010,12,5,-452,8,7,1556183.5,1
2145,k010,12,6,-452,9,6,1556213.5,1
2146,k010,12,7,-452,10,6,1556243.5,2
2147,k010,12,8,-452,11,5,1556273.5,2
2148,k010,12,9,-452,12,5,1556303.5,3
2149,k010,12,10,-451,1,3,1556332.5,2
2150,k010,12,11,-451,2,2,1556362.5,3
2151,k010,12,12,-451,3,3,1556391.5,2
2152,k010,13,1,-451,4,2,1556421.5,3
2153,k010,13,2,-451,5,1,1556450.5,2
2154,k010,13,3,-451,5,30,1556479.5,2
2155,k010,13,4,-451,6,28,1556508.5,1
2156,k010,13,5,-451,7,28,1556538.5,2
2157,k010,13,6,-451,8,26,1556567.5,1
2158,k010,13,7,-451,9,25,1556597.5,2
2159,k010,13,8,-451,10,25,1556627.5,2
2160,k010,13,9,-451,11,24,1556657.5,2
2161,k010,13,10,-451,12,23,1556686.5,2
2162,k010,13,11,-450,1,22,1556716.5,2
2163,k010,13,12,-450,2,20,1556745.5,2
2164,k010,13,12.5,-450,3,22,1556775.5,2
2165,k010,14,1,-450,4,20,1556804.5,2
2166,k010,14,2,-450,5,20,1556834.5,2
2167,k010,14,3,-450,6,18,1556863.5,2
2168,k010,14,4,-450,7,17,1556892.5,1
2169,k010,14,5,-450,8,16,1556922.5,2
2170,k010,14,6,-450,9,15,1556952.5,2
2171,k010,14,7,-450,10,14,1556981.5,2
2172,k010,14,8,-450,11,13,1557011.5,2
2173,k010,14,9,-450,12,12,1557040.5,2
2174,k010,14,10,-449,1,11,1557070.5,2
2175,k010,14,11,-449,2,9,1557099.5,1
2176,k010,14,12,-449,3,11,1557129.5,2
2177,k010,15,1,-449,4,10,1557159.5,2
2178,k010,15,2,-449,5,9,1557188.5,2
2179,k010,15,3,-449,6,8,1557218.5,2
2180,k010,15,4,-449,7,7,1557247.5,2
2181,k010,15,5,-449,8,6,1557277.5,2
2182,k010,15,6,-449,9,4,1557306.5,2
2183,k010,15,7,-449,10,4,1557336.5,2
2184,k010,15,8,-449,11,2,1557365.5,2
2185,k010,15,9,-449,12,1,1557394.5,1
2186,k010,15,10,-449,12,31,1557424.5,2
2187,k010,15,11,-448,1,29,1557453.5,1
2188,k010,15,12,-448,2,28,1557483.5,2
2189,k010,16,1,-448,3,29,1557513.5,2
2190,k010,16,2,-448,4,27,1557542.5,2
2191,k010,16,3,-448,5,27,1557572.5,2
2192,k010,16,4,-448,6,26,1557602.5,2
2193,k010,16,5,-448,7,25,1557631.5,2
2194,k010,16,6,-448,8,24,1557661.5,2
2195,k010,16,7,-448,9,22,1557690.5,2
2196,k010,16,8,-448,10,22,1557720.5,2
2197,k010,16,9,-448,11,20,1557749.5,2
2198,k010,16,10,-448,12,19,1557778.5,1
2199,k010,16,11,-447,1,18,1557808.5,2
2200,k010,16,12,-447,2,16,1557837.5,1
2201,k010,16,12.5,-447,3,18,1557867.5,2
2202,k010,17,1,-447,4,16,1557896.5,1
2203,k010,17,2,-447,5,16,1557926.5,2
2204,k010,17,3,-447,6,15,1557956.5,2
2205,k010,17,4,-447,7,15,1557986.5,3
2206,k010,17,5,-447,8,13,1558015.5,2
2207,k010,17,6,-447,9,12,1558045.5,3
2208,k010,17,7,-447,10,12,1558075.5,3
2209,k010,17,8,-447,11,10,1558104.5,2
2210,k010,17,9,-447,12,9,1558133.5,2
2211,k010,17,10,-446,1,7,1558162.5,1
2212,k010,17,11,-446,2,6,1558192.5,2
2213,k010,17,12,-446,3,7,1558221.5,1
2214,k010,18,1,-446,4,6,1558251.5,2
2215,k010,18,2,-446,5,5,1558280.5,1
2216,k010,18,3,-446,6,4,1558310.5,2
2217,k010,18,4,-446,7,4,1558340.5,2
2218,k010,18,5,-446,8,2,1558369.5,2
2219,k010,18,6,-446,9,1,1558399.5,2
2220,k010,18,7,-446,10,1,1558429.5,3
2221,k010,18,8,-446,10,30,1558458.5,2
2222,k010,18,9,-446,11,29,1558488.5,3
2223,k010,18,10,-446,12,28,1558517.5,2
2224,k010,18,11,-445,1,26,1558546.5,1
2225,k010,18,12,-445,2,25,1558576.5,2
2226,k010,19,1,-445,3,26,1558605.5,1
2227,k010,19,2,-445,4,25,1558635.5,2
2228,k010,19,3,-445,5,24,1558664.5,1
2229,k010,19,4,-445,6,23,1558694.5,2
2230,k010,19,5,-445,7,22,1558723.5,1
2231,k010,19,6,-445,8,21,1558753.5,2
2232,k010,19,7,-445,9,20,1558783.5,2
2233,k010,19,8,-445,10,20,1558813.5,3
2234,k010,19,9,-445,11,18,1558842.5,2
2235,k010,19,10,-445,12,18,1558872.5,3
2236,k010,19,11,-444,1,16,1558901.5,2
2237,k010,19,12,-444,2,14,1558930.5,2
2238,k010,19,12.5,-444,3,15,1558960.5,2
2239,k010,20,1,-444,4,13,1558989.5,2
2240,k010,20,2,-444,5,12,1559018.5,1
2241,k010,20,3,-444,6,11,1559048.5,1
2242,k010,20,4,-444,7,11,1559078.5,2
2243,k010,20,5,-444,8,9,1559107.5,1
2244,k010,20,6,-444,9,8,1559137.5,2
2245,k010,20,7,-444,10,8,1559167.5,2
2246,k010,20,8,-444,11,6,1559196.5,2
2247,k010,20,9,-444,12,6,1559226.5,2
2248,k010,20,10,-443,1,4,1559255.5,2
2249,k010,20,11,-443,2,3,1559285.5,2
2250,k010,20,12,-443,3,4,1559314.5,2
2251,k010,21,1,-443,4,3,1559344.5,2
2252,k010,21,2,-443,5,2,1559373.5,2
2253,k010,21,3,-443,6,1,1559403.5,2
2254,k010,21,4,-443,6,30,1559432.5,2
2255,k010,21,5,-443,7,30,1559462.5,2
2256,k010,21,6,-443,8,28,1559491.5,2
2257,k010,21,7,-443,9,27,1559521.5,2
2258,k010,21,8,-443,10,26,1559550.5,1
2259,k010,21,9,-443,11,25,1559580.5,2
2260,k010,21,10,-443,12,25,1559610.5,2
2261,k010,21,11,-442,1,23,1559639.5,2
2262,k010,21,12,-442,2,22,1559669.5,2
2263,k010,21,12.5,-442,3,23,1559698.5,2
2264,k010,22,1,-442,4,22,1559728.5,2
2265,k010,22,2,-442,5,21,1559757.5,2
2266,k010,22,3,-442,6,20,1559787.5,2
2267,k010,22,4,-442,7,19,1559816.5,2
2268,k010,22,5,-442,8,17,1559845.5,1
2269,k010,22,6,-442,9,16,1559875.5,2
2270,k010,22,7,-442,10,15,1559904.5,1
2271,k010,22,8,-442,11,14,1559934.5,2
2272,k010,22,9,-442,12,14,1559964.5,2
2273,k010,22,10,-441,1,12,1559993.5,1
2274,k010,22,11,-441,2,11,1560023.5,2
2275,k010,22,12,-441,3,13,1560053.5,2
2276,k010,23,1,-441,4,11,1560082.5,2
2277,k010,23,2,-441,5,11,1560112.5,2
2278,k010,23,3,-441,6,9,1560141.5,2
2279,k010,23,4,-441,7,9,1560171.5,2
2280,k010,23,5,-441,8,7,1560200.5,2
2281,k010,23,6,-441,9,5,1560229.5,1
2282,k010,23,7,-441,10,5,1560259.5,2
2283,k010,23,8,-441,11,3,1560288.5,1
2284,k010,23,9,-441,12,3,1560318.5,2
2285,k010,23,10,-440,1,1,1560347.5,1
2286,k010,23,11,-440,1,31,1560377.5,2
2287,k010,23,12,-440,3,1,1560407.5,2
2288,k010,24,1,-440,3,31,1560437.5,3
2289,k010,24,2,-440,4,29,1560466.5,2
2290,k010,24,3,-440,5,29,1560496.5,2
2291,k010,24,4,-440,6,27,1560525.5,2
2292,k010,24,5,-440,7,27,1560555.5,2
2293,k010,24,6,-440,8,25,1560584.5,2
2294,k010,24,7,-440,9,23,1560613.5,1
2295,k010,24,8,-440,10,23,1560643.5,2
2296,k010,24,9,-440,11,21,1560672.5,1
2297,k010,24,10,-440,12,21,1560702.5,2
2298,k010,24,11,-439,1,19,1560731.5,1
2299,k010,24,12,-439,2,18,1560761.5,2
2300,k010,24,12.5,-439,3,19,1560790.5,1
2301,k010,25,1,-439,4,18,1560820.5,2
2302,k010,25,2,-439,5,18,1560850.5,2
2303,k010,25,3,-439,6,17,1560880.5,3
2304,k010,25,4,-439,7,16,1560909.5,2
2305,k010,25,5,-439,8,15,1560939.5,3
2306,k010,25,6,-439,9,13,1560968.5,2
2307,k010,25,7,-439,10,12,1560997.5,1
2308,k010,25,8,-439,11,11,1561027.5,2
2309,k010,25,9,-439,12,10,1561056.5,1
2310,k010,25,10,-438,1,9,1561086.5,2
2311,k010,25,11,-438,2,7,1561115.5,1
2312,k010,25,12,-438,3,9,1561145.5,2
2313,k010,26,1,-438,4,7,1561174.5,1
2314,k010,26,2,-438,5,7,1561204.5,2
2315,k010,26,3,-438,6,6,1561234.5,2
2316,k010,26,4,-438,7,5,1561263.5,2
2317,k010,26,5,-438,8,4,1561293.5,2
2318,k010,26,6,-438,9,2,1561322.5,2
2319,k010,26,7,-438,10,2,1561352.5,2
2320,k010,26,8,-438,10,31,1561381.5,2
2321,k010,26,9,-438,11,30,1561411.5,2
2322,k010,26,10,-438,12,29,1561440.5,1
2323,k010,26,11,-437,1,28,1561470.5,2
2324,k010,26,12,-437,2,26,1561499.5,1
2325,k010,27,1,-437,3,28,1561529.5,2
2326,k010,27,2,-437,4,26,1561558.5,1
2327,k010,27,3,-437,5,26,1561588.5,2
2328,k010,27,4,-437,6,24,1561617.5,1
2329,k010,27,5,-437,7,24,1561647.5,2
2330,k010,27,6,-437,8,23,1561677.5,2
2331,k010,27,7,-437,9,21,1561706.5,2
2332,k010,27,8,-437,10,21,1561736.5,2
2333,k010,27,9,-437,11,20,1561766.5,3
2334,k010,27,10,-437,12,19,1561795.5,2
2335,k010,27,11,-436,1,18,1561825.5,3
2336,k010,27,12,-436,2,16,1561854.5,2
2337,k010,27,12.5,-436,3,16,1561883.5,2
2338,k010,28,1,-436,4,14,1561912.5,1
2339,k010,28,2,-436,5,14,1561942.5,1
2340,k010,28,3,-436,6,12,1561971.5,1
2341,k010,28,4,-436,7,12,1562001.5,1
2342,k010,28,5,-436,8,11,1562031.5,2
2343,k010,28,6,-436,9,9,1562060.5,1
2344,k010,28,7,-436,10,9,1562090.5,2
2345,k010,28,8,-436,11,8,1562120.5,2
2346,k010,28,9,-436,12,8,1562150.5,3
2347,k010,28,10,-435,1,6,1562179.5,2
2348,k010,28,11,-435,2,5,1562209.5,3
2349,k010,28,12,-435,3,6,1562238.5,2
2350,k010,29,1,-435,4,4,1562267.5,2
2351,k010,29,2,-435,5,3,1562296.5,1
2352,k010,29,3,-435,6,2,1562326.5,2
2353,k010,29,4,-435,7,1,1562355.5,1
2354,k010,29,5,-435,7,31,1562385.5,2
2355,k010,29,6,-435,8,29,1562414.5,1
2356,k010,29,7,-435,9,28,1562444.5,1
2357,k010,29,8,-435,10,28,1562474.5,2
2358,k010,29,9,-435,11,27,1562504.5,2
2359,k010,29,10,-435,12,27,1562534.5,3
2360,k010,29,11,-434,1,25,1562563.5,2
2361,k010,29,12,-434,2,24,1562593.5,3
2362,k010,29,12.5,-434,3,25,1562622.5,2
2363,k010,30,1,-434,4,23,1562651.5,2
2364,k010,30,2,-434,5,22,1562680.5,1
2365,k010,30,3,-434,6,21,1562710.5,2
2366,k010,30,4,-434,7,20,1562739.5,1
2367,k010,30,5,-434,8,19,1562769.5,2
2368,k010,30,6,-434,9,17,1562798.5,1
2369,k010,30,7,-434,10,17,1562828.5,2
2370,k010,30,8,-434,11,16,1562858.5,2
2371,k010,30,9,-434,12,16,1562888.5,2
2372,k010,30,10,-433,1,14,1562917.5,2
2373,k010,30,11,-433,2,13,1562947.5,2
2374,k010,30,12,-433,3,14,1562976.5,2
2375,k010,31,1,-433,4,13,1563006.5,2
2376,k010,31,2,-433,5,12,1563035.5,2
2377,k010,31,3,-433,6,10,1563064.5,1
2378,k010,31,4,-433,7,10,1563094.5,2
2379,k010,31,5,-433,8,8,1563123.5,1
2380,k010,31,6,-433,9,7,1563153.5,2
2381,k010,31,7,-433,10,6,1563182.5,1
2382,k010,31,8,-433,11,5,1563212.5,2
2383,k010,31,9,-433,12,5,1563242.5,2
2384,k010,31,10,-432,1,3,1563271.5,2
2385,k010,31,11,-432,2,2,1563301.5,2
2386,k010,31,12,-432,3,3,1563331.5,3
2387,k010,32,1,-432,4,1,1563360.5,2
2388,k010,32,2,-432,5,1,1563390.5,2
2389,k010,32,3,-432,5,30,1563419.5,2
2390,k010,32,4,-432,6,28,1563448.5,1
2391,k010,32,5,-432,7,28,1563478.5,2
2392,k010,32,6,-432,8,26,1563507.5,1
2393,k010,32,7,-432,9,25,1563537.5,2
2394,k010,32,8,-432,10,25,1563567.5,2
2395,k010,32,9,-432,11,23,1563596.5,2
2396,k010,32,10,-432,12,23,1563626.5,2
2397,k010,32,11,-431,1,21,1563655.5,2
2398,k010,32,12,-431,2,20,1563685.5,2
2399,k010,32,12.5,-431,3,21,1563714.5,2
2400,k010,33,1,-431,4,20,1563744.5,2
2401,k010,33,2,-431,5,19,1563773.5,2
2402,k010,33,3,-431,6,18,1563803.5,2
2403,k010,33,4,-431,7,17,1563832.5,2
2404,k010,33,5,-431,8,16,1563862.5,2
2405,k010,33,6,-431,9,15,1563892.5,2
2406,k010,33,7,-431,10,14,1563921.5,2
2407,k010,33,8,-431,11,13,1563951.5,2
2408,k010,33,9,-431,12,12,1563980.5,2
2409,k010,33,10,-430,1,10,1564009.5,1
2410,k010,33,11,-430,2,9,1564039.5,2
2411,k010,33,12,-430,3,10,1564068.5,1
2412,k010,34,1,-430,4,9,1564098.5,2
2413,k010,34,2,-430,5,9,1564128.5,2
2414,k010,34,3,-430,6,7,1564157.5,2
2415,k010,34,4,-430,7,7,1564187.5,2
2416,k010,34,5,-430,8,6,1564217.5,3
2417,k010,34,6,-430,9,4,1564246.5,2
2418,k010,34,7,-430,10,4,1564276.5,3
2419,k010,34,8,-430,11,2,1564305.5,2
2420,k010,34,9,-430,12,2,1564335.5,3
2421,k010,34,10,-430,12,31,1564364.5,2
2422,k010,34,11,-429,1,29,1564393.5,1
2423,k010,34,12,-429,2,28,1564423.5,2
2424,k010,35,1,-429,3,29,1564452.5,1
2425,k010,35,2,-429,4,28,1564482.5,2
2426,k010,35,3,-429,5,27,1564511.5,1
2427,k010,35,4,-429,6,26,1564541.5,2
2428,k010,35,5,-429,7,26,1564571.5,2
2429,k010,35,6,-429,8,25,1564601.5,3
2430,k010,35,7,-429,9,23,1564630.5,2
2431,k010,35,8,-429,10,23,1564660.5,3
2432,k010,35,9,-429,11,21,1564689.5,2
2433,k010,35,10,-429,12,20,1564718.5,2
2434,k010,35,11,-428,1,19,1564748.5,2
2435,k010,35,12,-428,2,17,1564777.5,2
2436,k010,35,12.5,-428,3,17,1564806.5,1
2437,k010,36,1,-428,4,16,1564836.5,1
2438,k010,36,2,-428,5,15,1564865.5,1
2439,k010,36,3,-428,6,14,1564895.5,1
2440,k010,36,4,-428,7,14,1564925.5,2
2441,k010,36,5,-428,8,13,1564955.5,2
2442,k010,36,6,-428,9,12,1564985.5,3
2443,k010,36,7,-428,10,11,1565014.5,2
2444,k010,36,8,-428,11,10,1565044.5,3
2445,k010,36,9,-428,12,9,1565073.5,2
2446,k010,36,10,-427,1,7,1565102.5,2
2447,k010,36,11,-427,2,6,1565132.5,2
2448,k010,36,12,-427,3,7,1565161.5,2
2449,k010,37,1,-427,4,5,1565190.5,1
2450,k010,37,2,-427,5,5,1565220.5,2
2451,k010,37,3,-427,6,3,1565249.5,1
2452,k010,37,4,-427,7,3,1565279.5,2
2453,k010,37,5,-427,8,2,1565309.5,2
2454,k010,37,6,-427,9,1,1565339.5,2
2455,k010,37,7,-427,9,30,1565368.5,2
2456,k010,37,8,-427,10,30,1565398.5,2
2457,k010,37,9,-427,11,29,1565428.5,3
2458,k010,37,10,-427,12,28,1565457.5,2
2459,k010,37,11,-426,1,26,1565486.5,2
2460,k010,37,12,-426,2,25,1565516.5,2
2461,k010,38,1,-426,3,26,1565545.5,2
2462,k010,38,2,-426,4,24,1565574.5,1
2463,k010,38,3,-426,5,24,1565604.5,2
2464,k010,38,4,-426,6,22,1565633.5,1
2465,k010,38,5,-426,7,22,1565663.5,2
2466,k010,38,6,-426,8,21,1565693.5,2
2467,k010,38,7,-426,9,20,1565723.5,3
2468,k010,38,8,-426,10,19,1565752.5,2
2469,k010,38,9,-426,11,18,1565782.5,3
2470,k010,38,10,-426,12,17,1565811.5,2
2471,k010,38,11,-425,1,16,1565841.5,2
2472,k010,38,12,-425,2,14,1565870.5,2
2473,k010,38,12.5,-425,3,16,1565900.5,2
2474,k010,39,1,-425,4,14,1565929.5,2
2475,k010,39,2,-425,5,13,1565958.5,1
2476,k010,39,3,-425,6,12,1565988.5,2
2477,k010,39,4,-425,7,11,1566017.5,1
2478,k010,39,5,-425,8,10,1566047.5,2
2479,k010,39,6,-425,9,8,1566076.5,1
2480,k010,39,7,-425,10,8,1566106.5,2
2481,k010,39,8,-425,11,7,1566136.5,2
2482,k010,39,9,-425,12,6,1566165.5,2
2483,k010,39,10,-424,1,5,1566195.5,2
2484,k010,39,11,-424,2,4,1566225.5,3
2485,k010,39,12,-424,3,4,1566254.5,2
2486,k010,40,1,-424,4,3,1566284.5,2
2487,k010,40,2,-424,5,2,1566313.5,2
2488,k010,40,3,-424,6,1,1566343.5,2
2489,k010,40,4,-424,6,30,1566372.5,2
2490,k010,40,5,-424,7,29,1566401.5,1
2491,k010,40,6,-424,8,28,1566431.5,2
2492,k010,40,7,-424,9,26,1566460.5,1
2493,k010,40,8,-424,10,26,1566490.5,2
2494,k010,40,9,-424,11,24,1566519.5,1
2495,k010,40,10,-424,12,24,1566549.5,2
2496,k010,40,11,-423,1,23,1566579.5,2
2497,k010,40,12,-423,2,21,1566608.5,2
2498,k010,40,12.5,-423,3,23,1566638.5,2
2499,k010,41,1,-423,4,22,1566668.5,3
2500,k010,41,2,-423,5,21,1566697.5,2
2501,k010,41,3,-423,6,20,1566727.5,3
2502,k010,41,4,-423,7,19,1566756.5,2
2503,k010,41,5,-423,8,17,1566785.5,1
2504,k010,41,6,-423,9,16,1566815.5,2
2505,k010,41,7,-423,10,15,1566844.5,1
2506,k010,41,8,-423,11,14,1566874.5,2
2507,k010,41,9,-423,12,13,1566903.5,1
2508,k010,41,10,-422,1,12,1566933.5,2
2509,k010,41,11,-422,2,10,1566962.5,1
2510,k010,41,12,-422,3,12,1566992.5,2
2511,k011,1,1,-422,4,11,1567022.5,2
2512,k011,1,2,-422,5,11,1567052.5,3
2513,k011,1,3,-422,6,9,1567081.5,2
2514,k011,1,4,-422,7,9,1567111.5,3
2515,k011,1,5,-422,8,7,1567140.5,2
2516,k011,1,6,-422,9,5,1567169.5,2
2517,k011,1,7,-422,10,5,1567199.5,2
2518,k011,1,8,-422,11,3,1567228.5,2
2519,k011,1,9,-422,12,3,1567258.5,2
2520,k011,1,10,-421,1,1,1567287.5,1
2521,k011,1,11,-421,1,31,1567317.5,2
2522,k011,1,12,-421,3,1,1567346.5,1
2523,k011,2,1,-421,3,31,1567376.5,2
2524,k011,2,2,-421,4,30,1567406.5,2
2525,k011,2,3,-421,5,29,1567435.5,2
2526,k011,2,4,-421,6,28,1567465.5,2
2527,k011,2,5,-421,7,28,1567495.5,3
2528,k011,2,6,-421,8,26,1567524.5,2
2529,k011,2,7,-421,9,24,1567553.5,2
2530,k011,2,8,-421,10,24,1567583.5,2
2531,k011,2,9,-421,11,22,1567612.5,2
2532,k011,2,10,-421,12,22,1567642.5,2
2533,k011,2,11,-420,1,20,1567671.5,2
2534,k011,2,12,-420,2,19,1567701.5,2
2535,k011,2,12.5,-420,3,19,1567730.5,1
2536,k011,3,1,-420,4,18,1567760.5,2
2537,k011,3,2,-420,5,17,1567789.5,1
2538,k011,3,3,-420,6,16,1567819.5,2
2539,k011,3,4,-420,7,16,1567849.5,2
2540,k011,3,5,-420,8,14,1567878.5,2
2541,k011,3,6,-420,9,13,1567908.5,2
2542,k011,3,7,-420,10,12,1567937.5,2
2543,k011,3,8,-420,11,11,1567967.5,2
2544,k011,3,9,-420,12,10,1567996.5,2
2545,k011,3,10,-419,1,9,1568026.5,2
2546,k011,3,11,-419,2,7,1568055.5,2
2547,k011,3,12,-419,3,9,1568085.5,2
2548,k011,4,1,-419,4,7,1568114.5,2
2549,k011,4,2,-419,5,6,1568143.5,1
2550,k011,4,3,-419,6,5,1568173.5,2
2551,k011,4,4,-419,7,5,1568203.5,2
2552,k011,4,5,-419,8,3,1568232.5,1
2553,k011,4,6,-419,9,2,1568262.5,2
2554,k011,4,7,-419,10,2,1568292.5,2
2555,k011,4,8,-419,10,31,1568321.5,2
2556,k011,4,9,-419,11,30,1568351.5,2
2557,k011,4,10,-419,12,29,1568380.5,2
2558,k011,4,11,-418,1,28,1568410.5,2
2559,k011,4,12,-418,2,26,1568439.5,2
2560,k011,5,1,-418,3,27,1568468.5,1
2561,k011,5,2,-418,4,26,1568498.5,2
2562,k011,5,3,-418,5,25,1568527.5,1
2563,k011,5,4,-418,6,24,1568557.5,2
2564,k011,5,5,-418,7,23,1568586.5,1
2565,k011,5,6,-418,8,22,1568616.5,2
2566,k011,5,7,-418,9,21,1568646.5,2
2567,k011,5,8,-418,10,21,1568676.5,3
2568,k011,5,9,-418,11,19,1568705.5,2
2569,k011,5,10,-418,12,19,1568735.5,2
2570,k011,5,11,-417,1,17,1568764.5,2
2571,k011,5,12,-417,2,16,1568794.5,2
2572,k011,5,12.5,-417,3,17,1568823.5,2
2573,k011,6,1,-417,4,15,1568852.5,1
2574,k011,6,2,-417,5,15,1568882.5,2
2575,k011,6,3,-417,6,13,1568911.5,1
2576,k011,6,4,-417,7,12,1568940.5,1
2577,k011,6,5,-417,8,11,1568970.5,1
2578,k011,6,6,-417,9,10,1569000.5,2
2579,k011,6,7,-417,10,10,1569030.5,2
2580,k011,6,8,-417,11,8,1569059.5,2
2581,k011,6,9,-417,12,8,1569089.5,2
2582,k011,6,10,-416,1,7,1569119.5,3
2583,k011,6,11,-416,2,5,1569148.5,2
2584,k011,6,12,-416,3,6,1569178.5,2
2585,k011,7,1,-416,4,4,1569207.5,2
2586,k011,7,2,-416,5,3,1569236.5,1
2587,k011,7,3,-416,6,2,1569266.5,2
2588,k011,7,4,-416,7,1,1569295.5,1
2589,k011,7,5,-416,7,30,1569324.5,1
2590,k011,7,6,-416,8,29,1569354.5,1
2591,k011,7,7,-416,9,28,1569384.5,2
2592,k011,7,8,-416,10,28,1569414.5,2
2593,k011,7,9,-416,11,26,1569443.5,2
2594,k011,7,10,-416,12,26,1569473.5,2
2595,k011,7,11,-415,1,25,1569503.5,3
2596,k011,7,12,-415,2,23,1569532.5,2
2597,k011,7,12.5,-415,3,25,1569562.5,3
2598,k011,8,1,-415,4,23,1569591.5,2
2599,k011,8,2,-415,5,22,1569620.5,2
2600,k011,8,3,-415,6,21,1569650.5,2
2601,k011,8,4,-415,7,20,1569679.5,1
2602,k011,8,5,-415,8,18,1569708.5,1
2603,k011,8,6,-415,9,17,1569738.5,1
2604,k011,8,7,-415,10,17,1569768.5,2
2605,k011,8,8,-415,11,16,1569798.5,2
2606,k011,8,9,-415,12,15,1569827.5,2
2607,k011,8,10,-414,1,14,1569857.5,2
2608,k011,8,11,-414,2,12,1569886.5,2
2609,k011,8,12,-414,3,14,1569916.5,2
2610,k011,9,1,-414,4,13,1569946.5,3
2611,k011,9,2,-414,5,12,1569975.5,2
2612,k011,9,3,-414,6,10,1570004.5,2
2613,k011,9,4,-414,7,10,1570034.5,2
2614,k011,9,5,-414,8,8,1570063.5,2
2615,k011,9,6,-414,9,7,1570093.5,2
2616,k011,9,7,-414,10,6,1570122.5,2
2617,k011,9,8,-414,11,5,1570152.5,2
2618,k011,9,9,-414,12,4,1570181.5,1
2619,k011,9,10,-413,1,3,1570211.5,2
2620,k011,9,11,-413,2,1,1570240.5,1
2621,k011,9,12,-413,3,3,1570270.5,2
2622,k011,10,1,-413,4,2,1570300.5,2
2623,k011,10,2,-413,5,1,1570329.5,2
2624,k011,10,3,-413,5,31,1570359.5,2
2625,k011,10,4,-413,6,29,1570388.5,2
2626,k011,10,5,-413,7,29,1570418.5,2
2627,k011,10,6,-413,8,27,1570447.5,2
2628,k011,10,7,-413,9,26,1570477.5,2
2629,k011,10,8,-413,10,26,1570507.5,3
2630,k011,10,9,-413,11,24,1570536.5,2
2631,k011,10,10,-413,12,23,1570565.5,2
2632,k011,10,11,-412,1,22,1570595.5,2
2633,k011,10,12,-412,2,20,1570624.5,1
2634,k011,10,12.5,-412,3,21,1570654.5,2
2635,k011,11,1,-412,4,19,1570683.5,1
2636,k011,11,2,-412,5,19,1570713.5,2
2637,k011,11,3,-412,6,18,1570743.5,2
2638,k011,11,4,-412,7,17,1570772.5,2
2639,k011,11,5,-412,8,16,1570802.5,2
2640,k011,11,6,-412,9,15,1570832.5,3
2641,k011,11,7,-412,10,14,1570861.5,2
2642,k011,11,8,-412,11,13,1570891.5,3
2643,k011,11,9,-412,12,12,1570920.5,2
2644,k011,11,10,-411,1,10,1570949.5,2
2645,k011,11,11,-411,2,8,1570978.5,1
2646,k011,11,12,-411,3,10,1571008.5,2
2647,k011,12,1,-411,4,8,1571037.5,1
2648,k011,12,2,-411,5,8,1571067.5,2
2649,k011,12,3,-411,6,7,1571097.5,2
2650,k011,12,4,-411,7,6,1571126.5,1
2651,k011,12,5,-411,8,5,1571156.5,2
2652,k011,12,6,-411,9,4,1571186.5,2
2653,k011,12,7,-411,10,4,1571216.5,3
2654,k011,12,8,-411,11,2,1571245.5,2
2655,k011,12,9,-411,12,2,1571275.5,3
2656,k011,12,10,-411,12,31,1571304.5,2
2657,k011,12,11,-410,1,29,1571333.5,2
2658,k011,12,12,-410,2,27,1571362.5,1
2659,k011,13,1,-410,3,29,1571392.5,2
2660,k011,13,2,-410,4,27,1571421.5,1
2661,k011,13,3,-410,5,27,1571451.5,2
2662,k011,13,4,-410,6,25,1571480.5,1
2663,k011,13,5,-410,7,25,1571510.5,2
2664,k011,13,6,-410,8,24,1571540.5,2
2665,k011,13,7,-410,9,23,1571570.5,3
2666,k011,13,8,-410,10,23,1571600.5,3
2667,k011,13,9,-410,11,21,1571629.5,2
2668,k011,13,10,-410,12,20,1571658.5,2
2669,k011,13,11,-409,1,19,1571688.5,2
2670,k011,13,12,-409,2,17,1571717.5,2
2671,k011,13,12.5,-409,3,18,1571746.5,1
2672,k011,14,1,-409,4,17,1571776.5,2
2673,k011,14,2,-409,5,16,1571805.5,1
2674,k011,14,3,-409,6,15,1571835.5,2
2675,k011,14,4,-409,7,14,1571864.5,1
2676,k011,14,5,-409,8,13,1571894.5,2
2677,k011,14,6,-409,9,12,1571924.5,2
2678,k011,14,7,-409,10,12,1571954.5,3
2679,k011,14,8,-409,11,10,1571983.5,2
2680,k011,14,9,-409,12,10,1572013.5,3
2681,k011,14,10,-408,1,8,1572042.5,2
2682,k011,14,11,-408,2,7,1572072.5,2
2683,k011,14,12,-408,3,7,1572101.5,2
2684,k011,15,1,-408,4,5,1572130.5,1
2685,k011,15,2,-408,5,5,1572160.5,2
2686,k011,15,3,-408,6,3,1572189.5,1
2687,k011,15,4,-408,7,3,1572219.5,2
2688,k011,15,5,-408,8,1,1572248.5,1
2689,k011,15,6,-408,8,31,1572278.5,2
2690,k011,15,7,-408,9,30,1572308.5,2
2691,k011,15,8,-408,10,29,1572337.5,2
2692,k011,15,9,-408,11,28,1572367.5,2
2693,k011,15,10,-408,12,28,1572397.5,3
2694,k011,15,11,-407,1,27,1572427.5,3
2695,k011,15,12,-407,2,25,1572456.5,3
2696,k011,16,1,-407,3,26,1572485.5,2
2697,k011,16,2,-407,4,24,1572514.5,2
2698,k011,16,3,-407,5,24,1572544.5,2
2699,k011,16,4,-407,6,22,1572573.5,1
2700,k011,16,5,-407,7,22,1572603.5,2
2701,k011,16,6,-407,8,20,1572632.5,1
2702,k011,16,6.5,-407,9,19,1572662.5,2
2703,k011,16,7,-407,10,18,1572691.5,1
2704,k011,16,8,-407,11,17,1572721.5,2
2705,k011,16,9,-407,12,17,1572751.5,2
2706,k011,16,10,-406,1,15,1572780.5,2
2707,k011,16,11,-406,2,14,1572810.5,2
2708,k011,16,12,-406,3,16,1572840.5,3
2709,k011,17,1,-406,4,14,1572869.5,2
2710,k011,17,2,-406,5,14,1572899.5,3
2711,k011,17,3,-406,6,12,1572928.5,2
2712,k011,17,4,-406,7,11,1572957.5,2
2713,k011,17,5,-406,8,10,1572987.5,2
2714,k011,17,6,-406,9,8,1573016.5,2
2715,k011,17,7,-406,10,8,1573046.5,2
2716,k011,17,8,-406,11,6,1573075.5,1
2717,k011,17,9,-406,12,6,1573105.5,2
2718,k011,17,10,-405,1,4,1573134.5,1
2719,k011,17,11,-405,2,3,1573164.5,2
2720,k011,17,12,-405,3,5,1573194.5,2
2721,k011,18,1,-405,4,3,1573223.5,2
2722,k011,18,2,-405,5,3,1573253.5,2
2723,k011,18,3,-405,6,2,1573283.5,3
2724,k011,18,4,-405,7,1,1573312.5,2
2725,k011,18,5,-405,7,30,1573341.5,2
2726,k011,18,6,-405,8,29,1573371.5,2
2727,k011,18,7,-405,9,27,1573400.5,2
2728,k011,18,8,-405,10,26,1573429.5,1
2729,k011,18,9,-405,11,25,1573459.5,2
2730,k011,18,10,-405,12,24,1573488.5,1
2731,k011,18,11,-404,1,23,1573518.5,1
2732,k011,18,12,-404,2,22,1573548.5,2
2733,k011,18,12.5,-404,3,22,1573577.5,1
2734,k011,19,1,-404,4,21,1573607.5,2
2735,k011,19,2,-404,5,21,1573637.5,2
2736,k011,19,3,-404,6,19,1573666.5,2
2737,k011,19,4,-404,7,19,1573696.5,2
2738,k011,19,5,-404,8,17,1573725.5,2
2739,k011,19,6,-404,9,16,1573755.5,2
2740,k011,19,7,-404,10,15,1573784.5,2
2741,k011,19,8,-404,11,13,1573813.5,1
2742,k011,19,9,-404,12,13,1573843.5,2
2743,k011,19,10,-403,1,11,1573872.5,1
2744,k011,19,11,-403,2,10,1573902.5,2
2745,k011,19,12,-403,3,12,1573932.5,2
2746,k012,1,1,-403,4,10,1573961.5,2
2747,k012,1,2,-403,5,10,1573991.5,2
2748,k012,1,3,-403,6,9,1574021.5,2
2749,k012,1,4,-403,7,8,1574050.5,2
2750,k012,1,5,-403,8,7,1574080.5,2
2751,k012,1,6,-403,9,5,1574109.5,2
2752,k012,1,7,-403,10,5,1574139.5,2
2753,k012,1,8,-403,11,3,1574168.5,2
2754,k012,1,9,-403,12,2,1574197.5,1
2755,k012,1,10,-402,1,1,1574227.5,2
2756,k012,1,11,-402,1,30,1574256.5,1
2757,k012,1,12,-402,3,1,1574286.5,2
2758,k012,2,1,-402,3,30,1574315.5,1
2759,k012,2,2,-402,4,29,1574345.5,2
2760,k012,2,3,-402,5,29,1574375.5,2
2761,k012,2,4,-402,6,27,1574404.5,2
2762,k012,2,5,-402,7,27,1574434.5,2
2763,k012,2,6,-402,8,26,1574464.5,3
2764,k012,2,7,-402,9,24,1574493.5,2
2765,k012,2,8,-402,10,24,1574523.5,2
2766,k012,2,9,-402,11,22,1574552.5,2
2767,k012,2,10,-402,12,22,1574582.5,2
2768,k012,2,11,-401,1,20,1574611.5,2
2769,k012,2,12,-401,2,18,1574640.5,1
2770,k012,2,12.5,-401,3,20,1574670.5,2
2771,k012,3,1,-401,4,18,1574699.5,1
2772,k012,3,2,-401,5,18,1574729.5,2
2773,k012,3,3,-401,6,16,1574758.5,1
2774,k012,3,4,-401,7,16,1574788.5,2
2775,k012,3,5,-401,8,15,1574818.5,2
2776,k012,3,6,-401,9,13,1574847.5,2
2777,k012,3,7,-401,10,13,1574877.5,2
2778,k012,3,8,-401,11,12,1574907.5,3
2779,k012,3,9,-401,12,11,1574936.5,2
2780,k012,3,10,-400,1,10,1574966.5,2
2781,k012,3,11,-400,2,8,1574995.5,2
2782,k012,3,12,-400,3,8,1575024.5,1
2783,k012,4,1,-400,4,7,1575054.5,2
2784,k012,4,2,-400,5,6,1575083.5,1
2785,k012,4,3,-400,6,5,1575113.5,2
2786,k012,4,4,-400,7,4,1575142.5,1
2787,k012,4,5,-400,8,3,1575172.5,2
2788,k012,4,6,-400,9,1,1575201.5,1
2789,k012,4,7,-400,10,1,1575231.5,2
2790,k012,4,8,-400,10,31,1575261.5,2
2791,k012,4,9,-400,11,30,1575291.5,3
2792,k012,4,10,-400,12,29,1575320.5,2
2793,k012,4,11,-399,1,28,1575350.5,3
2794,k012,4,12,-399,2,26,1575379.5,2
2795,k012,5,1,-399,3,27,1575408.5,2
2796,k012,5,2,-399,4,26,1575438.5,2
2797,k012,5,3,-399,5,25,1575467.5,1
2798,k012,5,4,-399,6,23,1575496.5,1
2799,k012,5,5,-399,7,23,1575526.5,1
2800,k012,5,6,-399,8,21,1575555.5,1
2801,k012,5,7,-399,9,20,1575585.5,1
2802,k012,5,8,-399,10,20,1575615.5,2
2803,k012,5,9,-399,11,19,1575645.5,2
2804,k012,5,10,-399,12,19,1575675.5,3
2805,k012,5,11,-398,1,17,1575704.5,2
2806,k012,5,12,-398,2,16,1575734.5,3
2807,k012,5,12.5,-398,3,17,1575763.5,2
2808,k012,6,1,-398,4,15,1575792.5,2
2809,k012,6,2,-398,5,15,1575822.5,2
2810,k012,6,3,-398,6,13,1575851.5,2
2811,k012,6,4,-398,7,12,1575880.5,1
2812,k012,6,5,-398,8,11,1575910.5,2
2813,k012,6,6,-398,9,9,1575939.5,1
2814,k012,6,7,-398,10,9,1575969.5,1
2815,k012,6,8,-398,11,8,1575999.5,2
2816,k012,6,9,-398,12,8,1576029.5,2
2817,k012,6,10,-397,1,6,1576058.5,2
2818,k012,6,11,-397,2,5,1576088.5,2
2819,k012,6,12,-397,3,7,1576118.5,3
2820,k012,7,1,-397,4,5,1576147.5,2
2821,k012,7,2,-397,5,4,1576176.5,2
2822,k012,7,3,-397,6,3,1576206.5,2
2823,k012,7,4,-397,7,2,1576235.5,2
2824,k012,7,5,-397,7,31,1576264.5,1
2825,k012,7,6,-397,8,30,1576294.5,2
2826,k012,7,7,-397,9,28,1576323.5,1
2827,k012,7,8,-397,10,28,1576353.5,2
2828,k012,7,9,-397,11,27,1576383.5,2
2829,k012,7,10,-397,12,26,1576412.5,1
2830,k012,7,11,-396,1,25,1576442.5,2
2831,k012,7,12,-396,2,24,1576472.5,2
2832,k012,7,12.5,-396,3,24,1576501.5,2
2833,k012,8,1,-396,4,23,1576531.5,2
2834,k012,8,2,-396,5,22,1576560.5,2
2835,k012,8,3,-396,6,21,1576590.5,2
2836,k012,8,4,-396,7,20,1576619.5,2
2837,k012,8,5,-396,8,18,1576648.5,1
2838,k012,8,6,-396,9,17,1576678.5,2
2839,k012,8,7,-396,10,17,1576708.5,2
2840,k012,8,8,-396,11,15,1576737.5,2
2841,k012,8,9,-396,12,15,1576767.5,2
2842,k012,8,10,-395,1,13,1576796.5,2
2843,k012,8,11,-395,2,12,1576826.5,2
2844,k012,8,12,-395,3,13,1576855.5,2
2845,k012,9,1,-395,4,12,1576885.5,2
2846,k012,9,2,-395,5,12,1576915.5,2
2847,k012,9,3,-395,6,10,1576944.5,2
2848,k012,9,4,-395,7,10,1576974.5,2
2849,k012,9,5,-395,8,8,1577003.5,2
2850,k012,9,6,-395,9,7,1577033.5,2
2851,k012,9,7,-395,10,6,1577062.5,2
2852,k012,9,8,-395,11,5,1577092.5,2
2853,k012,9,9,-395,12,4,1577121.5,2
2854,k012,9,10,-394,1,3,1577151.5,2
2855,k012,9,11,-394,2,1,1577180.5,2
2856,k012,9,12,-394,3,2,1577209.5,1
2857,k012,10,1,-394,4,1,1577239.5,2
2858,k012,10,2,-394,5,1,1577269.5,2
2859,k012,10,3,-394,5,30,1577298.5,2
2860,k012,10,4,-394,6,29,1577328.5,2
2861,k012,10,5,-394,7,29,1577358.5,3
2862,k012,10,6,-394,8,27,1577387.5,2
2863,k012,10,7,-394,9,26,1577417.5,2
2864,k012,10,8,-394,10,25,1577446.5,2
2865,k012,10,9,-394,11,24,1577476.5,2
2866,k012,10,10,-394,12,23,1577505.5,2
2867,k012,10,11,-393,1,21,1577534.5,1
2868,k012,10,12,-393,2,20,1577564.5,2
2869,k012,10,12.5,-393,3,21,1577593.5,1
2870,k012,11,1,-393,4,20,1577623.5,2
2871,k012,11,2,-393,5,19,1577652.5,1
2872,k012,11,3,-393,6,18,1577682.5,2
2873,k012,11,4,-393,7,18,1577712.5,2
2874,k012,11,5,-393,8,17,1577742.5,3
2875,k012,11,6,-393,9,15,1577771.5,2
2876,k012,11,7,-393,10,15,1577801.5,3
2877,k012,11,8,-393,11,14,1577831.5,3
2878,k012,11,9,-393,12,13,1577860.5,2
2879,k012,11,10,-392,1,11,1577889.5,2
2880,k012,11,11,-392,2,9,1577918.5,1
2881,k012,11,12,-392,3,10,1577948.5,2
2882,k012,12,1,-392,4,8,1577977.5,1
2883,k012,12,2,-392,5,7,1578006.5,1
2884,k012,12,3,-392,6,6,1578036.5,1
2885,k012,12,4,-392,7,6,1578066.5,2
2886,k012,12,5,-392,8,5,1578096.5,2
2887,k012,12,6,-392,9,4,1578126.5,3
2888,k012,12,7,-392,10,3,1578155.5,2
2889,k012,12,8,-392,11,2,1578185.5,3
2890,k012,12,9,-392,12,1,1578214.5,2
2891,k012,12,10,-392,12,31,1578244.5,3
2892,k012,12,11,-391,1,29,1578273.5,2
2893,k012,12,12,-391,2,27,1578302.5,2
2894,k012,13,1,-391,3,29,1578332.5,2
2895,k012,13,2,-391,4,27,1578361.5,1
2896,k012,13,3,-391,5,26,1578390.5,1
2897,k012,13,4,-391,6,25,1578420.5,1
2898,k012,13,5,-391,7,25,1578450.5,2
2899,k012,13,6,-391,8,23,1578479.5,1
2900,k012,13,7,-391,9,22,1578509.5,2
2901,k012,13,8,-391,10,22,1578539.5,2
2902,k012,13,9,-391,11,21,1578569.5,3
2903,k012,13,10,-391,12,20,1578598.5,2
2904,k012,13,11,-390,1,19,1578628.5,3
2905,k012,13,12,-390,2,17,1578657.5,2
2906,k012,13,12.5,-390,3,18,1578686.5,2
2907,k012,14,1,-390,4,17,1578716.5,2
2908,k012,14,2,-390,5,16,1578745.5,2
2909,k012,14,3,-390,6,14,1578774.5,1
2910,k012,14,4,-390,7,14,1578804.5,2
2911,k012,14,5,-390,8,13,1578834.5,2
2912,k012,14,6,-390,9,11,1578863.5,1
2913,k012,14,7,-390,10,11,1578893.5,2
2914,k012,14,8,-390,11,10,1578923.5,2
2915,k012,14,9,-390,12,9,1578952.5,2
2916,k012,14,10,-389,1,8,1578982.5,2
2917,k012,14,11,-389,2,6,1579011.5,2
2918,k012,14,12,-389,3,8,1579041.5,2
2919,k012,15,1,-389,4,6,1579070.5,2
2920,k012,15,2,-389,5,6,1579100.5,2
2921,k012,15,3,-389,6,4,1579129.5,2
2922,k012,15,4,-389,7,4,1579159.5,2
2923,k012,15,5,-389,8,2,1579188.5,2
2924,k012,15,6,-389,9,1,1579218.5,2
2925,k012,15,7,-389,9,30,1579247.5,2
2926,k012,15,8,-389,10,30,1579277.5,2
2927,k012,15,9,-389,11,28,1579306.5,1
2928,k012,15,10,-389,12,28,1579336.5,2
2929,k012,15,11,-388,1,27,1579366.5,2
2930,k012,15,12,-388,2,25,1579395.5,2
2931,k012,16,1,-388,3,26,1579425.5,2
2932,k012,16,2,-388,4,24,1579454.5,2
2933,k012,16,3,-388,5,24,1579484.5,2
2934,k012,16,4,-388,6,22,1579513.5,2
2935,k012,16,5,-388,7,22,1579543.5,2
2936,k012,16,6,-388,8,20,1579572.5,2
2937,k012,16,6.5,-388,9,19,1579602.5,2
2938,k012,16,7,-388,10,18,1579631.5,2
2939,k012,16,8,-388,11,16,1579660.5,1
2940,k012,16,9,-388,12,16,1579690.5,2
2941,k012,16,10,-387,1,15,1579720.5,2
2942,k012,16,11,-387,2,13,1579749.5,2
2943,k012,16,12,-387,3,15,1579779.5,2
2944,k012,17,1,-387,4,14,1579809.5,2
2945,k012,17,2,-387,5,13,1579838.5,2
2946,k012,17,3,-387,6,12,1579868.5,2
2947,k012,17,4,-387,7,11,1579897.5,2
2948,k012,17,5,-387,8,10,1579927.5,2
2949,k012,17,6,-387,9,8,1579956.5,2
2950,k012,17,7,-387,10,7,1579985.5,1
2951,k012,17,8,-387,11,6,1580015.5,2
2952,k012,17,9,-387,12,5,1580044.5,1
2953,k012,17,10,-386,1,4,1580074.5,2
2954,k012,17,11,-386,2,2,1580103.5,1
2955,k012,17,12,-386,3,4,1580133.5,2
2956,k012,18,1,-386,4,3,1580163.5,2
2957,k012,18,2,-386,5,2,1580192.5,2
2958,k012,18,3,-386,6,1,1580222.5,2
2959,k012,18,4,-386,7,1,1580252.5,3
2960,k012,18,5,-386,7,30,1580281.5,2
2961,k012,18,6,-386,8,29,1580311.5,2
2962,k012,18,7,-386,9,27,1580340.5,2
2963,k012,18,8,-386,10,26,1580369.5,1
2964,k012,18,9,-386,11,25,1580399.5,2
2965,k012,18,10,-386,12,24,1580428.5,1
2966,k012,18,11,-385,1,23,1580458.5,2
2967,k012,18,12,-385,2,21,1580487.5,1
2968,k012,18,12.5,-385,3,23,1580517.5,2
2969,k012,19,1,-385,4,21,1580546.5,1
2970,k012,19,2,-385,5,21,1580576.5,2
2971,k012,19,3,-385,6,20,1580606.5,2
2972,k012,19,4,-385,7,20,1580636.5,3
2973,k012,19,5,-385,8,18,1580665.5,2
2974,k012,19,6,-385,9,17,1580695.5,3
2975,k012,19,7,-385,10,16,1580724.5,2
2976,k012,19,8,-385,11,14,1580753.5,1
2977,k012,19,9,-385,12,14,1580783.5,2
2978,k012,19,10,-384,1,12,1580812.5,1
2979,k012,19,11,-384,2,11,1580842.5,2
2980,k012,19,12,-384,3,11,1580871.5,1
2981,k012,20,1,-384,4,10,1580901.5,2
2982,k012,20,2,-384,5,9,1580930.5,1
2983,k012,20,3,-384,6,8,1580960.5,2
2984,k012,20,4,-384,7,8,1580990.5,2
2985,k012,20,5,-384,8,6,1581019.5,2
2986,k012,20,6,-384,9,5,1581049.5,2
2987,k012,20,7,-384,10,4,1581078.5,2
2988,k012,20,8,-384,11,3,1581108.5,2
2989,k012,20,9,-384,12,3,1581138.5,3
2990,k012,20,10,-383,1,1,1581167.5,2
2991,k012,20,11,-383,1,30,1581196.5,2
2992,k012,20,12,-383,3,1,1581226.5,2
2993,k012,20,12.5,-383,3,30,1581255.5,1
2994,k012,21,1,-383,4,29,1581285.5,2
2995,k012,21,2,-383,5,28,1581314.5,1
2996,k012,21,3,-383,6,27,1581344.5,2
2997,k012,21,4,-383,7,26,1581373.5,1
2998,k012,21,5,-383,8,25,1581403.5,2
2999,k012,21,6,-383,9,24,1581433.5,2
3000,k012,21,7,-383,10,23,1581462.5,2
3001,k012,21,8,-383,11,22,1581492.5,2
3002,k012,21,9,-383,12,21,1581521.5,2
3003,k012,21,10,-382,1,20,1581551.5,2
3004,k012,21,11,-382,2,19,1581581.5,3
3005,k012,21,12,-382,3,20,1581610.5,2
3006,k012,22,1,-382,4,18,1581639.5,2
3007,k012,22,2,-382,5,17,1581668.5,1
3008,k012,22,3,-382,6,16,1581698.5,2
3009,k012,22,4,-382,7,15,1581727.5,1
3010,k012,22,5,-382,8,14,1581757.5,1
3011,k012,22,6,-382,9,13,1581787.5,2
3012,k012,22,7,-382,10,12,1581816.5,1
3013,k012,22,8,-382,11,11,1581846.5,2
3014,k012,22,9,-382,12,11,1581876.5,2
3015,k012,22,10,-381,1,10,1581906.5,3
3016,k012,22,11,-381,2,8,1581935.5,2
3017,k012,22,12,-381,3,10,1581965.5,3
3018,k012,23,1,-381,4,8,1581994.5,2
3019,k012,23,2,-381,5,7,1582023.5,2
3020,k012,23,3,-381,6,5,1582052.5,1
3021,k012,23,4,-381,7,5,1582082.5,2
3022,k012,23,5,-381,8,3,1582111.5,1
3023,k012,23,6,-381,9,2,1582141.5,2
3024,k012,23,7,-381,10,1,1582170.5,1
3025,k012,23,8,-381,10,31,1582200.5,1
3026,k012,23,9,-381,11,30,1582230.5,2
3027,k012,23,10,-381,12,30,1582260.5,2
3028,k012,23,11,-380,1,28,1582289.5,2
3029,k012,23,12,-380,2,27,1582319.5,2
3030,k012,24,1,-380,3,27,1582348.5,2
3031,k012,24,2,-380,4,26,1582378.5,2
3032,k012,24,3,-380,5,25,1582407.5,2
3033,k012,24,4,-380,6,23,1582436.5,1
3034,k012,24,5,-380,7,23,1582466.5,2
3035,k012,24,6,-380,8,21,1582495.5,1
3036,k012,24,7,-380,9,20,1582525.5,2
3037,k012,24,8,-380,10,19,1582554.5,1
3038,k012,24,9,-380,11,18,1582584.5,2
3039,k012,24,10,-380,12,18,1582614.5,2
3040,k012,24,11,-379,1,17,1582644.5,3
3041,k012,24,12,-379,2,15,1582673.5,2
3042,k012,24,12.5,-379,3,17,1582703.5,2
3043,k012,25,1,-379,4,15,1582732.5,2
3044,k012,25,2,-379,5,15,1582762.5,2
3045,k012,25,3,-379,6,13,1582791.5,2
3046,k012,25,4,-379,7,12,1582820.5,1
3047,k012,25,5,-379,8,11,1582850.5,2
3048,k012,25,6,-379,9,9,1582879.5,1
3049,k012,25,7,-379,10,9,1582909.5,2
3050,k012,25,8,-379,11,7,1582938.5,1
3051,k012,25,9,-379,12,7,1582968.5,2
3052,k012,25,10,-378,1,6,1582998.5,2
3053,k012,25,11,-378,2,4,1583027.5,2
3054,k012,25,12,-378,3,6,1583057.5,2
3055,k012,26,1,-378,4,5,1583087.5,3
3056,k012,26,2,-378,5,4,1583116.5,2
3057,k012,26,3,-378,6,3,1583146.5,3
3058,k012,26,4,-378,7,2,1583175.5,2
3059,k012,26,5,-378,7,31,1583204.5,1
3060,k012,26,6,-378,8,30,1583234.5,2
3061,k012,26,7,-378,9,29,1583264.5,2
3062,k012,26,8,-378,10,28,1583293.5,2
3063,k012,26,9,-378,11,27,1583323.5,2
3064,k012,26,10,-378,12,26,1583352.5,2
3065,k012,26,11,-377,1,24,1583381.5,1
3066,k012,26,12,-377,2,23,1583411.5,2
3067,k012,26,12.5,-377,3,25,1583441.5,2
3068,k012,27,1,-377,4,23,1583470.5,2
3069,k012,27,2,-377,5,23,1583500.5,2
3070,k012,27,3,-377,6,21,1583529.5,2
3071,k012,27,4,-377,7,21,1583559.5,2
3072,k012,27,5,-377,8,19,1583588.5,2
3073,k012,27,6,-377,9,18,1583618.5,2
3074,k012,27,7,-377,10,18,1583648.5,2
3075,k012,27,8,-377,11,16,1583677.5,2
3076,k012,27,9,-377,12,16,1583707.5,2
3077,k012,27,10,-376,1,14,1583736.5,2
3078,k012,27,11,-376,2,12,1583765.5,1
3079,k012,27,12,-376,3,13,1583795.5,2
3080,k012,28,1,-376,4,11,1583824.5,1
3081,k012,28,2,-376,5,11,1583854.5,2
3082,k012,28,3,-376,6,9,1583883.5,1
3083,k012,28,4,-376,7,9,1583913.5,2
3084,k012,28,5,-376,8,8,1583943.5,2
3085,k012,28,6,-376,9,7,1583973.5,3
3086,k012,28,7,-376,10,6,1584002.5,2
3087,k012,28,8,-376,11,5,1584032.5,3
3088,k012,28,9,-376,12,4,1584061.5,2
3089,k012,28,10,-375,1,2,1584090.5,2
3090,k012,28,11,-375,2,1,1584120.5,2
3091,k012,28,12,-375,3,2,1584149.5,1
3092,k012,29,1,-375,4,1,1584179.5,2
3093,k012,29,2,-375,4,30,1584208.5,1
3094,k012,29,3,-375,5,29,1584237.5,1
3095,k012,29,4,-375,6,28,1584267.5,1
3096,k012,29,5,-375,7,28,1584297.5,2
3097,k012,29,6,-375,8,27,1584327.5,2
3098,k012,29,7,-375,9,26,1584357.5,3
3099,k012,29,8,-375,10,25,1584386.5,2
3100,k012,29,9,-375,11,24,1584416.5,3
3101,k012,29,10,-375,12,23,1584445.5,2
3102,k012,29,11,-374,1,21,1584474.5,2
3103,k012,29,12,-374,2,20,1584504.5,2
3104,k012,29,12.5,-374,3,21,1584533.5,2
3105,k012,30,1,-374,4,19,1584562.5,1
3106,k012,30,2,-374,5,19,1584592.5,2
3107,k012,30,3,-374,6,17,1584621.5,1
3108,k012,30,4,-374,7,17,1584651.5,1
3109,k012,30,5,-374,8,16,1584681.5,2
3110,k012,30,6,-374,9,15,1584711.5,2
3111,k012,30,7,-374,10,15,1584741.5,3
3112,k012,30,8,-374,11,13,1584770.5,2
3113,k012,30,9,-374,12,13,1584800.5,3
3114,k012,30,10,-373,1,11,1584829.5,2
3115,k012,30,11,-373,2,9,1584858.5,2
3116,k012,30,12,-373,3,11,1584888.5,2
3117,k012,31,1,-373,4,9,1584917.5,2
3118,k012,31,2,-373,5,8,1584946.5,1
3119,k012,31,3,-373,6,7,1584976.5,2
3120,k012,31,4,-373,7,6,1585005.5,1
3121,k012,31,5,-373,8,5,1585035.5,2
3122,k012,31,6,-373,9,4,1585065.5,2
3123,k012,31,7,-373,10,4,1585095.5,2
3124,k012,31,8,-373,11,2,1585124.5,2
3125,k012,31,9,-373,12,2,1585154.5,2
3126,k012,31,10,-373,12,31,1585183.5,2
3127,k012,31,11,-372,1,30,1585213.5,2
3128,k012,31,12,-372,2,28,1585242.5,2
3129,k012,32,1,-372,3,29,1585272.5,2
3130,k012,32,2,-372,4,27,1585301.5,2
3131,k012,32,3,-372,5,26,1585330.5,1
3132,k012,32,4,-372,6,25,1585360.5,2
3133,k012,32,5,-372,7,24,1585389.5,1
3134,k012,32,6,-372,8,23,1585419.5,2
3135,k012,32,7,-372,9,22,1585449.5,2
3136,k012,32,8,-372,10,21,1585478.5,2
3137,k012,32,9,-372,11,20,1585508.5,2
3138,k012,32,10,-372,12,20,1585538.5,3
3139,k012,32,11,-371,1,18,1585567.5,2
3140,k012,32,12,-371,2,17,1585597.5,2
3141,k012,32,12.5,-371,3,18,1585626.5,2
3142,k012,33,1,-371,4,17,1585656.5,2
3143,k012,33,2,-371,5,16,1585685.5,2
3144,k012,33,3,-371,6,14,1585714.5,1
3145,k012,33,4,-371,7,14,1585744.5,2
3146,k012,33,5,-371,8,12,1585773.5,1
3147,k012,33,6,-371,9,11,1585803.5,2
3148,k012,33,7,-371,10,11,1585833.5,2
3149,k012,33,8,-371,11,9,1585862.5,2
3150,k012,33,9,-371,12,9,1585892.5,2
3151,k012,33,10,-370,1,7,1585921.5,2
3152,k012,33,11,-370,2,6,1585951.5,2
3153,k012,33,12,-370,3,8,1585981.5,3
3154,k012,34,1,-370,4,6,1586010.5,2
3155,k012,34,2,-370,5,6,1586040.5,3
3156,k012,34,3,-370,6,4,1586069.5,2
3157,k012,34,4,-370,7,4,1586099.5,2
3158,k012,34,5,-370,8,2,1586128.5,2
3159,k012,34,6,-370,9,1,1586158.5,2
3160,k012,34,7,-370,9,30,1586187.5,2
3161,k012,34,8,-370,10,29,1586216.5,1
3162,k012,34,9,-370,11,28,1586246.5,2
3163,k012,34,10,-370,12,27,1586275.5,1
3164,k012,34,11,-369,1,26,1586305.5,2
3165,k012,34,12,-369,2,25,1586335.5,2
3166,k012,35,1,-369,3,26,1586364.5,2
3167,k012,35,2,-369,4,25,1586394.5,2
3168,k012,35,3,-369,5,25,1586424.5,3
3169,k012,35,4,-369,6,23,1586453.5,2
3170,k012,35,5,-369,7,23,1586483.5,3
3171,k012,35,6,-369,8,21,1586512.5,2
3172,k012,35,6.5,-369,9,20,1586542.5,2
3173,k012,35,7,-369,10,19,1586571.5,2
3174,k012,35,8,-369,11,17,1586600.5,1
3175,k012,35,9,-369,12,17,1586630.5,2
3176,k012,35,10,-368,1,15,1586659.5,1
3177,k012,35,11,-368,2,14,1586689.5,2
3178,k012,35,12,-368,3,14,1586718.5,1
3179,k012,36,1,-368,4,13,1586748.5,2
3180,k012,36,2,-368,5,13,1586778.5,2
3181,k012,36,3,-368,6,11,1586807.5,2
3182,k012,36,4,-368,7,11,1586837.5,2
3183,k012,36,5,-368,8,9,1586866.5,2
3184,k012,36,6,-368,9,8,1586896.5,2
3185,k012,36,7,-368,10,7,1586925.5,2
3186,k012,36,8,-368,11,6,1586955.5,2
3187,k012,36,9,-368,12,5,1586984.5,2
3188,k012,36,10,-367,1,4,1587014.5,2
3189,k012,36,11,-367,2,2,1587043.5,1
3190,k012,36,12,-367,3,4,1587073.5,2
3191,k012,37,1,-367,4,2,1587102.5,1
3192,k012,37,2,-367,5,2,1587132.5,2
3193,k012,37,3,-367,5,31,1587161.5,1
3194,k012,37,4,-367,6,30,1587191.5,2
3195,k012,37,5,-367,7,30,1587221.5,2
3196,k012,37,6,-367,8,29,1587251.5,3
3197,k012,37,7,-367,9,27,1587280.5,2
3198,k012,37,8,-367,10,26,1587309.5,2
3199,k012,37,9,-367,11,25,1587339.5,2
3200,k012,37,10,-367,12,24,1587368.5,2
3201,k012,37,11,-366,1,23,1587398.5,2
3202,k012,37,12,-366,2,21,1587427.5,2
3203,k012,37,12.5,-366,3,22,1587456.5,1
3204,k012,38,1,-366,4,21,1587486.5,2
3205,k012,38,2,-366,5,21,1587516.5,2
3206,k012,38,3,-366,6,19,1587545.5,1
3207,k012,38,4,-366,7,19,1587575.5,2
3208,k012,38,5,-366,8,18,1587605.5,2
3209,k012,38,6,-366,9,16,1587634.5,2
3210,k012,38,7,-366,10,16,1587664.5,2
3211,k012,38,8,-366,11,14,1587693.5,2
3212,k012,38,9,-366,12,14,1587723.5,2
3213,k012,38,10,-365,1,12,1587752.5,2
3214,k012,38,11,-365,2,11,1587782.5,2
3215,k012,38,12,-365,3,12,1587811.5,2
3216,k012,39,1,-365,4,10,1587840.5,1
3217,k012,39,2,-365,5,10,1587870.5,2
3218,k012,39,3,-365,6,8,1587899.5,1
3219,k012,39,4,-365,7,8,1587929.5,2
3220,k012,39,5,-365,8,7,1587959.5,2
3221,k012,39,6,-365,9,5,1587988.5,1
3222,k012,39,7,-365,10,5,1588018.5,2
3223,k012,39,8,-365,11,4,1588048.5,2
3224,k012,39,9,-365,12,3,1588077.5,2
3225,k012,39,10,-364,1,2,1588107.5,2
3226,k012,39,11,-364,1,31,1588136.5,2
3227,k012,39,12,-364,3,1,1588166.5,2
3228,k012,40,1,-364,3,30,1588195.5,2
3229,k012,40,2,-364,4,28,1588224.5,1
3230,k012,40,3,-364,5,28,1588254.5,2
3231,k012,40,4,-364,6,26,1588283.5,1
3232,k012,40,5,-364,7,26,1588313.5,2
3233,k012,40,6,-364,8,24,1588342.5,1
3234,k012,40,7,-364,9,23,1588372.5,2
3235,k012,40,8,-364,10,23,1588402.5,2
3236,k012,40,9,-364,11,21,1588431.5,2
3237,k012,40,10,-364,12,21,1588461.5,2
3238,k012,40,11,-363,1,20,1588491.5,2
3239,k012,40,12,-363,2,18,1588520.5,2
3240,k012,40,12.5,-363,3,20,1588550.5,2
3241,k012,41,1,-363,4,18,1588579.5,2
3242,k012,41,2,-363,5,17,1588608.5,1
3243,k012,41,3,-363,6,16,1588638.5,2
3244,k012,41,4,-363,7,15,1588667.5,1
3245,k012,41,5,-363,8,13,1588696.5,1
3246,k012,41,6,-363,9,12,1588726.5,1
3247,k012,41,7,-363,10,12,1588756.5,2
3248,k012,41,8,-363,11,10,1588785.5,1
3249,k012,41,9,-363,12,10,1588815.5,2
3250,k012,41,10,-362,1,9,1588845.5,2
3251,k012,41,11,-362,2,8,1588875.5,3
3252,k012,41,12,-362,3,9,1588904.5,2
3253,k012,42,1,-362,4,8,1588934.5,3
3254,k012,42,2,-362,5,7,1588963.5,2
3255,k012,42,3,-362,6,5,1588992.5,1
3256,k012,42,4,-362,7,5,1589022.5,2
3257,k012,42,5,-362,8,3,1589051.5,1
3258,k012,42,6,-362,9,1,1589080.5,1
3259,k012,42,7,-362,10,1,1589110.5,1
3260,k012,42,8,-362,10,31,1589140.5,2
3261,k012,42,9,-362,11,29,1589169.5,1
3262,k012,42,10,-362,12,29,1589199.5,2
3263,k012,42,11,-361,1,28,1589229.5,2
3264,k012,42,12,-361,2,27,1589259.5,3
3265,k012,43,1,-361,3,28,1589288.5,2
3266,k012,43,2,-361,4,27,1589318.5,3
3267,k012,43,3,-361,5,26,1589347.5,2
3268,k012,43,4,-361,6,24,1589376.5,2
3269,k012,43,5,-361,7,24,1589406.5,2
3270,k012,43,6,-361,8,22,1589435.5,1
3271,k012,43,7,-361,9,21,1589465.5,2
3272,k012,43,8,-361,10,20,1589494.5,1
3273,k012,43,9,-361,11,19,1589524.5,2
3274,k012,43,10,-361,12,18,1589553.5,1
3275,k012,43,11,-360,1,17,1589583.5,2
3276,k012,43,12,-360,2,16,1589613.5,2
3277,k012,43,12.5,-360,3,16,1589642.5,2
3278,k012,44,1,-360,4,15,1589672.5,2
3279,k012,44,2,-360,5,14,1589701.5,2
3280,k012,44,3,-360,6,13,1589731.5,2
3281,k012,44,4,-360,7,12,1589760.5,2
3282,k012,44,5,-360,8,11,1589790.5,2
3283,k012,44,6,-360,9,9,1589819.5,2
3284,k012,44,7,-360,10,9,1589849.5,2
3285,k012,44,8,-360,11,7,1589878.5,2
3286,k012,44,9,-360,12,7,1589908.5,2
3287,k012,44,10,-359,1,5,1589937.5,1
3288,k012,44,11,-359,2,4,1589967.5,2
3289,k012,44,12,-359,3,5,1589996.5,1
3290,k012,45,1,-359,4,4,1590026.5,2
3291,k012,45,2,-359,5,3,1590055.5,1
3292,k012,45,3,-359,6,2,1590085.5,2
3293,k012,45,4,-359,7,2,1590115.5,2
3294,k012,45,5,-359,7,31,1590144.5,2
3295,k012,45,6,-359,8,30,1590174.5,2
3296,k012,45,7,-359,9,28,1590203.5,2
3297,k012,45,8,-359,10,28,1590233.5,2
3298,k012,45,9,-359,11,26,1590262.5,2
3299,k012,45,10,-359,12,26,1590292.5,2
3300,k012,45,11,-358,1,24,1590321.5,2
3301,k012,45,12,-358,2,23,1590351.5,2
3302,k012,45,12.5,-358,3,24,1590380.5,2
3303,k012,46,1,-358,4,23,1590410.5,2
3304,k012,46,2,-358,5,22,1590439.5,1
3305,k012,46,3,-358,6,21,1590469.5,2
3306,k012,46,4,-358,7,20,1590498.5,1
3307,k012,46,5,-358,8,19,1590528.5,2
3308,k012,46,6,-358,9,18,1590558.5,2
3309,k012,46,7,-358,10,18,1590588.5,3
3310,k012,46,8,-358,11,16,1590617.5,2
3311,k012,46,9,-358,12,16,1590647.5,3
3312,k012,46,10,-357,1,14,1590676.5,2
3313,k012,46,11,-357,2,12,1590705.5,2
3314,k012,46,12,-357,3,13,1590734.5,1
3315,k013,1,1,-357,4,12,1590764.5,2
3316,k013,1,2,-357,5,11,1590793.5,1
3317,k013,1,3,-357,6,10,1590823.5,2
3318,k013,1,4,-357,7,9,1590852.5,1
3319,k013,1,5,-357,8,8,1590882.5,1
3320,k013,1,6,-357,9,7,1590912.5,2
3321,k013,1,7,-357,10,7,1590942.5,2
3322,k013,1,8,-357,11,6,1590972.5,3
3323,k013,1,9,-357,12,5,1591001.5,2
3324,k013,1,10,-356,1,3,1591030.5,2
3325,k013,1,11,-356,2,2,1591060.5,2
3326,k013,1,12,-356,3,2,1591089.5,2
3327,k013,2,1,-356,3,31,1591118.5,1
3328,k013,2,2,-356,4,30,1591148.5,2
3329,k013,2,3,-356,5,29,1591177.5,1
3330,k013,2,4,-356,6,28,1591207.5,2
3331,k013,2,5,-356,7,27,1591236.5,1
3332,k013,2,6,-356,8,26,1591266.5,2
3333,k013,2,7,-356,9,25,1591296.5,2
3334,k013,2,8,-356,10,25,1591326.5,3
3335,k013,2,9,-356,11,24,1591356.5,3
3336,k013,2,10,-356,12,23,1591385.5,2
3337,k013,2,11,-355,1,21,1591414.5,2
3338,k013,2,12,-355,2,20,1591444.5,2
3339,k013,2,12.5,-355,3,21,1591473.5,2
3340,k013,3,1,-355,4,19,1591502.5,1
3341,k013,3,2,-355,5,19,1591532.5,2
3342,k013,3,3,-355,6,17,1591561.5,1
3343,k013,3,4,-355,7,17,1591591.5,2
3344,k013,3,5,-355,8,15,1591620.5,1
3345,k013,3,6,-355,9,14,1591650.5,2
3346,k013,3,7,-355,10,14,1591680.5,2
3347,k013,3,8,-355,11,13,1591710.5,3
3348,k013,3,9,-355,12,12,1591739.5,2
3349,k013,3,10,-354,1,11,1591769.5,3
3350,k013,3,11,-354,2,9,1591798.5,2
3351,k013,3,12,-354,3,11,1591828.5,3
3352,k013,4,1,-354,4,9,1591857.5,2
3353,k013,4,2,-354,5,8,1591886.5,1
3354,k013,4,3,-354,6,7,1591916.5,2
3355,k013,4,4,-354,7,6,1591945.5,1
3356,k013,4,5,-354,8,5,1591975.5,2
3357,k013,4,6,-354,9,3,1592004.5,1
3358,k013,4,7,-354,10,3,1592034.5,2
3359,k013,4,8,-354,11,2,1592064.5,2
3360,k013,4,9,-354,12,1,1592093.5,2
3361,k013,4,10,-354,12,31,1592123.5,2
3362,k013,4,11,-353,1,29,1592152.5,2
3363,k013,4,12,-353,2,28,1592182.5,2
3364,k013,5,1,-353,3,30,1592212.5,3
3365,k013,5,2,-353,4,28,1592241.5,2
3366,k013,5,3,-353,5,27,1592270.5,2
3367,k013,5,4,-353,6,26,1592300.5,2
3368,k013,5,5,-353,7,25,1592329.5,1
3369,k013,5,6,-353,8,24,1592359.5,2
3370,k013,5,7,-353,9,22,1592388.5,1
3371,k013,5,8,-353,10,22,1592418.5,2
3372,k013,5,9,-353,11,20,1592447.5,1
3373,k013,5,10,-353,12,20,1592477.5,2
3374,k013,5,11,-352,1,18,1592506.5,1
3375,k013,5,12,-352,2,17,1592536.5,2
3376,k013,5,12.5,-352,3,18,1592566.5,2
3377,k013,6,1,-352,4,16,1592595.5,2
3378,k013,6,2,-352,5,16,1592625.5,2
3379,k013,6,3,-352,6,15,1592655.5,3
3380,k013,6,4,-352,7,14,1592684.5,2
3381,k013,6,5,-352,8,12,1592713.5,2
3382,k013,6,6,-352,9,11,1592743.5,2
3383,k013,6,7,-352,10,10,1592772.5,2
3384,k013,6,8,-352,11,9,1592802.5,2
3385,k013,6,9,-352,12,8,1592831.5,1
3386,k013,6,10,-351,1,7,1592861.5,2
3387,k013,6,11,-351,2,5,1592890.5,1
3388,k013,6,12,-351,3,7,1592920.5,2
3389,k013,7,1,-351,4,6,1592950.5,2
3390,k013,7,2,-351,5,5,1592979.5,2
3391,k013,7,3,-351,6,4,1593009.5,2
3392,k013,7,4,-351,7,4,1593039.5,3
3393,k013,7,5,-351,8,2,1593068.5,2
3394,k013,7,6,-351,9,1,1593098.5,3
3395,k013,7,7,-351,9,30,1593127.5,2
3396,k013,7,8,-351,10,29,1593156.5,2
3397,k013,7,9,-351,11,27,1593185.5,1
3398,k013,7,10,-351,12,27,1593215.5,2
3399,k013,7,11,-350,1,25,1593244.5,1
3400,k013,7,12,-350,2,24,1593274.5,2
3401,k013,8,1,-350,3,26,1593304.5,2
3402,k013,8,2,-350,4,24,1593333.5,1
3403,k013,8,3,-350,5,24,1593363.5,2
3404,k013,8,4,-350,6,23,1593393.5,2
3405,k013,8,5,-350,7,23,1593423.5,3
3406,k013,8,6,-350,8,21,1593452.5,2
3407,k013,8,6.5,-350,9,20,1593482.5,3
3408,k013,8,7,-350,10,19,1593511.5,2
3409,k013,8,8,-350,11,17,1593540.5,2
3410,k013,8,9,-350,12,16,1593569.5,1
3411,k013,8,10,-349,1,15,1593599.5,2
3412,k013,8,11,-349,2,13,1593628.5,1
3413,k013,8,12,-349,3,15,1593658.5,2
3414,k013,9,1,-349,4,13,1593687.5,1
3415,k013,9,2,-349,5,13,1593717.5,2
3416,k013,9,3,-349,6,12,1593747.5,2
3417,k013,9,4,-349,7,12,1593777.5,2
3418,k013,9,5,-349,8,10,1593806.5,2
3419,k013,9,6,-349,9,9,1593836.5,2
3420,k013,9,7,-349,10,8,1593865.5,2
3421,k013,9,8,-349,11,7,1593895.5,2
3422,k013,9,9,-349,12,6,1593924.5,2
3423,k013,9,10,-348,1,5,1593954.5,2
3424,k013,9,11,-348,2,3,1593983.5,2
3425,k013,9,12,-348,3,3,1594012.5,1
3426,k013,10,1,-348,4,2,1594042.5,2
3427,k013,10,2,-348,5,1,1594071.5,1
3428,k013,10,3,-348,5,31,1594101.5,2
3429,k013,10,4,-348,6,30,1594131.5,2
3430,k013,10,5,-348,7,29,1594160.5,2
3431,k013,10,6,-348,8,28,1594190.5,2
3432,k013,10,7,-348,9,27,1594220.5,3
3433,k013,10,8,-348,10,26,1594249.5,2
3434,k013,10,9,-348,11,25,1594279.5,2
3435,k013,10,10,-348,12,24,1594308.5,2
3436,k013,10,11,-347,1,23,1594338.5,2
3437,k013,10,12,-347,2,21,1594367.5,2
3438,k013,10,12.5,-347,3,22,1594396.5,1
3439,k013,11,1,-347,4,21,1594426.5,2
3440,k013,11,2,-347,5,20,1594455.5,1
3441,k013,11,3,-347,6,19,1594485.5,2
3442,k013,11,4,-347,7,18,1594514.5,1
3443,k013,11,5,-347,8,17,1594544.5,2
3444,k013,11,6,-347,9,16,1594574.5,2
3445,k013,11,7,-347,10,15,1594603.5,2
3446,k013,11,8,-347,11,14,1594633.5,2
3447,k013,11,9,-347,12,14,1594663.5,3
3448,k013,11,10,-346,1,12,1594692.5,2
3449,k013,11,11,-346,2,11,1594722.5,3
3450,k013,11,12,-346,3,12,1594751.5,2
3451,k013,12,1,-346,4,10,1594780.5,1
3452,k013,12,2,-346,5,10,1594810.5,2
3453,k013,12,3,-346,6,8,1594839.5,1
3454,k013,12,4,-346,7,8,1594869.5,2
3455,k013,12,5,-346,8,6,1594898.5,1
3456,k013,12,6,-346,9,5,1594928.5,2
3457,k013,12,7,-346,10,4,1594957.5,1
3458,k013,12,8,-346,11,3,1594987.5,2
3459,k013,12,9,-346,12,3,1595017.5,2
3460,k013,12,10,-345,1,2,1595047.5,3
3461,k013,12,11,-345,1,31,1595076.5,2
3462,k013,12,12,-345,3,2,1595106.5,3
3463,k013,13,1,-345,3,31,1595135.5,2
3464,k013,13,2,-345,4,29,1595164.5,2
3465,k013,13,3,-345,5,29,1595194.5,2
3466,k013,13,4,-345,6,27,1595223.5,1
3467,k013,13,5,-345,7,26,1595252.5,1
3468,k013,13,6,-345,8,25,1595282.5,1
3469,k013,13,7,-345,9,23,1595311.5,1
3470,k013,13,8,-345,10,23,1595341.5,1
3471,k013,13,9,-345,11,22,1595371.5,2
3472,k013,13,10,-345,12,22,1595401.5,2
3473,k013,13,11,-344,1,20,1595430.5,2
3474,k013,13,12,-344,2,19,1595460.5,2
3475,k013,13,12.5,-344,3,20,1595490.5,3
3476,k013,14,1,-344,4,18,1595519.5,2
3477,k013,14,2,-344,5,17,1595548.5,2
3478,k013,14,3,-344,6,16,1595578.5,2
3479,k013,14,4,-344,7,15,1595607.5,2
3480,k013,14,5,-344,8,13,1595636.5,1
3481,k013,14,6,-344,9,12,1595666.5,2
3482,k013,14,7,-344,10,11,1595695.5,1
3483,k013,14,8,-344,11,10,1595725.5,1
3484,k013,14,9,-344,12,10,1595755.5,2
3485,k013,14,10,-343,1,8,1595784.5,1
3486,k013,14,11,-343,2,7,1595814.5,2
3487,k013,14,12,-343,3,9,1595844.5,2
3488,k013,15,1,-343,4,7,1595873.5,2
3489,k013,15,2,-343,5,7,1595903.5,2
3490,k013,15,3,-343,6,5,1595932.5,2
3491,k013,15,4,-343,7,5,1595962.5,2
3492,k013,15,5,-343,8,3,1595991.5,2
3493,k013,15,6,-343,9,1,1596020.5,1
3494,k013,15,7,-343,10,1,1596050.5,2
3495,k013,15,8,-343,10,30,1596079.5,1
3496,k013,15,9,-343,11,29,1596109.5,2
3497,k013,15,10,-343,12,29,1596139.5,2
3498,k013,15,11,-342,1,27,1596168.5,2
3499,k013,15,12,-342,2,26,1596198.5,2
3500,k013,16,1,-342,3,27,1596227.5,1
3501,k013,16,2,-342,4,26,1596257.5,2
3502,k013,16,3,-342,5,26,1596287.5,2
3503,k013,16,4,-342,6,24,1596316.5,2
3504,k013,16,5,-342,7,24,1596346.5,2
3505,k013,16,6,-342,8,22,1596375.5,2
3506,k013,16,7,-342,9,21,1596405.5,2
3507,k013,16,8,-342,10,20,1596434.5,2
3508,k013,16,9,-342,11,19,1596464.5,2
3509,k013,16,10,-342,12,18,1596493.5,2
3510,k013,16,11,-341,1,17,1596523.5,2
3511,k013,16,12,-341,2,15,1596552.5,2
3512,k013,16,12.5,-341,3,17,1596582.5,2
3513,k013,17,1,-341,4,15,1596611.5,2
3514,k013,17,2,-341,5,15,1596641.5,2
3515,k013,17,3,-341,6,13,1596670.5,1
3516,k013,17,4,-341,7,13,1596700.5,2
3517,k013,17,5,-341,8,12,1596730.5,2
3518,k013,17,6,-341,9,10,1596759.5,2
3519,k013,17,7,-341,10,10,1596789.5,2
3520,k013,17,8,-341,11,8,1596818.5,2
3521,k013,17,9,-341,12,8,1596848.5,2
3522,k013,17,10,-340,1,6,1596877.5,2
3523,k013,17,11,-340,2,4,1596906.5,1
3524,k013,17,12,-340,3,5,1596936.5,2
3525,k013,18,1,-340,4,3,1596965.5,1
3526,k013,18,2,-340,5,3,1596995.5,2
3527,k013,18,3,-340,6,1,1597024.5,1
3528,k013,18,4,-340,7,1,1597054.5,2
3529,k013,18,5,-340,7,31,1597084.5,2
3530,k013,18,6,-340,8,30,1597114.5,3
3531,k013,18,7,-340,9,28,1597143.5,2
3532,k013,18,8,-340,10,28,1597173.5,2
3533,k013,18,9,-340,11,27,1597203.5,3
3534,k013,18,10,-340,12,26,1597232.5,2
3535,k013,18,11,-339,1,24,1597261.5,2
3536,k013,18,12,-339,2,22,1597290.5,1
3537,k013,18,12.5,-339,3,24,1597320.5,2
3538,k013,19,1,-339,4,22,1597349.5,1
3539,k013,19,2,-339,5,22,1597379.5,2
3540,k013,19,3,-339,6,20,1597408.5,1
3541,k013,19,4,-339,7,20,1597438.5,2
3542,k013,19,5,-339,8,19,1597468.5,2
3543,k013,19,6,-339,9,18,1597498.5,3
3544,k013,19,7,-339,10,17,1597527.5,2
3545,k013,19,8,-339,11,16,1597557.5,3
3546,k013,19,9,-339,12,15,1597586.5,2
3547,k013,19,10,-338,1,14,1597616.5,3
3548,k013,19,11,-338,2,12,1597645.5,2
3549,k013,19,12,-338,3,13,1597674.5,1
3550,k013,20,1,-338,4,12,1597704.5,2
3551,k013,20,2,-338,5,11,1597733.5,1
3552,k013,20,3,-338,6,9,1597762.5,1
3553,k013,20,4,-338,7,9,1597792.5,1
3554,k013,20,5,-338,8,8,1597822.5,2
3555,k013,20,6,-338,9,7,1597852.5,2
3556,k013,20,7,-338,10,7,1597882.5,3
3557,k013,20,8,-338,11,5,1597911.5,2
3558,k013,20,9,-338,12,5,1597941.5,3
3559,k013,20,10,-337,1,3,1597970.5,2
3560,k013,20,11,-337,2,2,1598000.5,3
3561,k013,20,12,-337,3,3,1598029.5,2
3562,k013,21,1,-337,4,1,1598058.5,2
3563,k013,21,2,-337,5,1,1598088.5,2
3564,k013,21,3,-337,5,30,1598117.5,1
3565,k013,21,4,-337,6,28,1598146.5,1
3566,k013,21,5,-337,7,28,1598176.5,1
3567,k013,21,6,-337,8,27,1598206.5,2
3568,k013,21,7,-337,9,26,1598236.5,2
3569,k013,21,8,-337,10,25,1598265.5,2
3570,k013,21,9,-337,11,24,1598295.5,2
3571,k013,21,10,-337,12,24,1598325.5,3
3572,k013,21,11,-336,1,22,1598354.5,2
3573,k013,21,12,-336,2,21,1598384.5,3
3574,k013,21,12.5,-336,3,21,1598413.5,2
3575,k014,1,1,-336,4,19,1598442.5,2
3576,k014,1,2,-336,5,19,1598472.5,2
3577,k014,1,3,-336,6,17,1598501.5,2
3578,k014,1,4,-336,7,16,1598530.5,1
3579,k014,1,5,-336,8,15,1598560.5,2
3580,k014,1,6,-336,9,14,1598590.5,2
3581,k014,1,7,-336,10,13,1598619.5,1
3582,k014,1,8,-336,11,12,1598649.5,2
3583,k014,1,9,-336,12,12,1598679.5,2
3584,k014,1,10,-335,1,10,1598708.5,2
3585,k014,1,11,-335,2,9,1598738.5,2
3586,k014,1,12,-335,3,10,1598767.5,2
3587,k014,2,1,-335,4,9,1598797.5,2
3588,k014,2,2,-335,5,8,1598826.5,2
3589,k014,2,3,-335,6,7,1598856.5,2
3590,k014,2,4,-335,7,6,1598885.5,2
3591,k014,2,5,-335,8,5,1598915.5,2
3592,k014,2,6,-335,9,3,1598944.5,2
3593,k014,2,7,-335,10,3,1598974.5,2
3594,k014,2,8,-335,11,1,1599003.5,2
3595,k014,2,9,-335,12,1,1599033.5,2
3596,k014,2,10,-335,12,30,1599062.5,2
3597,k014,2,11,-334,1,29,1599092.5,2
3598,k014,2,12,-334,2,28,1599122.5,2
3599,k015,1,1,-334,3,29,1599151.5,2
3600,k015,1,2,-334,4,28,1599181.5,2
3601,k015,1,3,-334,5,27,1599210.5,2
3602,k015,1,4,-334,6,26,1599240.5,2
3603,k015,1,5,-334,7,25,1599269.5,2
3604,k015,1,6,-334,8,24,1599299.5,2
3605,k015,1,7,-334,9,22,1599328.5,2
3606,k015,1,8,-334,10,22,1599358.5,2
3607,k015,1,9,-334,11,20,1599387.5,2
3608,k015,1,10,-334,12,19,1599416.5,1
3609,k015,1,11,-333,1,18,1599446.5,2
3610,k015,1,12,-333,2,17,1599476.5,2
3611,k015,1,12.5,-333,3,18,1599505.5,2
3612,k015,2,1,-333,4,17,1599535.5,2
3613,k015,2,2,-333,5,17,1599565.5,2
3614,k015,2,3,-333,6,15,1599594.5,2
3615,k015,2,4,-333,7,15,1599624.5,2
3616,k015,2,5,-333,8,13,1599653.5,2
3617,k015,2,6,-333,9,12,1599683.5,2
3618,k015,2,7,-333,10,11,1599712.5,2
3619,k015,2,8,-333,11,9,1599741.5,1
3620,k015,2,9,-333,12,9,1599771.5,2
3621,k015,2,10,-332,1,7,1599800.5,1
3622,k015,2,11,-332,2,6,1599830.5,2
3623,k015,2,12,-332,3,6,1599859.5,1
3624,k015,3,1,-332,4,5,1599889.5,2
3625,k015,3,2,-332,5,5,1599919.5,2
3626,k015,3,3,-332,6,3,1599948.5,2
3627,k015,3,4,-332,7,3,1599978.5,2
3628,k015,3,5,-332,8,2,1600008.5,3
3629,k015,3,6,-332,8,31,1600037.5,2
3630,k015,3,7,-332,9,30,1600067.5,2
3631,k015,3,8,-332,10,29,1600096.5,2
3632,k015,3,9,-332,11,27,1600125.5,1
3633,k015,3,10,-332,12,27,1600155.5,2
3634,k015,3,11,-331,1,25,1600184.5,1
3635,k015,3,12,-331,2,24,1600214.5,2
3636,k015,4,1,-331,3,25,1600243.5,1
3637,k015,4,2,-331,4,24,1600273.5,2
3638,k015,4,3,-331,5,23,1600302.5,1
3639,k015,4,4,-331,6,22,1600332.5,2
3640,k015,4,5,-331,7,22,1600362.5,2
3641,k015,4,6,-331,8,21,1600392.5,3
3642,k015,4,6.5,-331,9,19,1600421.5,2
3643,k015,4,7,-331,10,19,1600451.5,3
3644,k015,4,8,-331,11,17,1600480.5,2
3645,k015,4,9,-331,12,16,1600509.5,2
3646,k015,4,10,-330,1,15,1600539.5,2
3647,k015,4,11,-330,2,13,1600568.5,1
3648,k015,4,12,-330,3,15,1600598.5,2
3649,k015,5,1,-330,4,13,1600627.5,1
3650,k015,5,2,-330,5,13,1600657.5,2
3651,k015,5,3,-330,6,11,1600686.5,1
3652,k015,5,4,-330,7,11,1600716.5,2
3653,k015,5,5,-330,8,10,1600746.5,2
3654,k015,5,6,-330,9,8,1600775.5,2
3655,k015,5,7,-330,10,8,1600805.5,2
3656,k015,5,8,-330,11,6,1600834.5,2
3657,k015,5,9,-330,12,6,1600864.5,2
3658,k015,5,10,-329,1,5,1600894.5,3
3659,k015,5,11,-329,2,3,1600923.5,2
3660,k015,5,12,-329,3,4,1600952.5,2
3661,k016,7,1,-329,4,3,1600982.5,2
3662,k016,7,2,-329,5,2,1601011.5,1
3663,k016,7,3,-329,6,1,1601041.5,2
3664,k016,7,4,-329,6,30,1601070.5,1
3665,k016,7,5,-329,7,30,1601100.5,2
3666,k016,7,6,-329,8,28,1601129.5,1
3667,k016,7,7,-329,9,27,1601159.5,2
3668,k016,7,8,-329,10,27,1601189.5,2
3669,k016,7,9,-329,11,25,1601218.5,2
3670,k016,7,10,-329,12,25,1601248.5,2
3671,k016,7,11,-328,1,24,1601278.5,3
3672,k016,7,12,-328,2,22,1601307.5,2
3673,k016,7,12.5,-328,3,22,1601336.5,2
3674,k016,8,1,-328,4,21,1601366.5,2
3675,k016,8,2,-328,5,20,1601395.5,2
3676,k016,8,3,-328,6,18,1601424.5,1
3677,k016,8,4,-328,7,18,1601454.5,2
3678,k016,8,5,-328,8,16,1601483.5,1
3679,k016,8,6,-328,9,15,1601513.5,1
3680,k016,8,7,-328,10,15,1601543.5,2
3681,k016,8,8,-328,11,13,1601572.5,1
3682,k016,8,9,-328,12,13,1601602.5,2
3683,k016,8,10,-327,1,12,1601632.5,2
3684,k016,8,11,-327,2,11,1601662.5,3
3685,k016,8,12,-327,3,12,1601691.5,2
3686,k016,9,1,-327,4,10,1601720.5,2
3687,k016,9,2,-327,5,10,1601750.5,2
3688,k016,9,3,-327,6,8,1601779.5,2
3689,k016,9,4,-327,7,7,1601808.5,1
3690,k016,9,5,-327,8,6,1601838.5,2
3691,k016,9,6,-327,9,4,1601867.5,1
3692,k016,9,7,-327,10,4,1601897.5,2
3693,k016,9,8,-327,11,2,1601926.5,1
3694,k016,9,9,-327,12,2,1601956.5,2
3695,k016,9,10,-326,1,1,1601986.5,2
3696,k016,9,11,-326,1,31,1602016.5,2
3697,k016,9,12,-326,3,1,1602045.5,2
3698,k016,10,1,-326,3,31,1602075.5,2
3699,k016,10,2,-326,4,29,1602104.5,2
3700,k016,10,3,-326,5,29,1602134.5,2
3701,k016,10,4,-326,6,27,1602163.5,2
3702,k016,10,5,-326,7,26,1602192.5,1
3703,k016,10,6,-326,8,25,1602222.5,2
3704,k016,10,7,-326,9,23,1602251.5,1
3705,k016,10,8,-326,10,23,1602281.5,2
3706,k016,10,9,-326,11,21,1602310.5,1
3707,k016,10,10,-326,12,21,1602340.5,2
3708,k016,10,11,-325,1,20,1602370.5,2
3709,k016,10,12,-325,2,18,1602399.5,2
3710,k016,10,12.5,-325,3,20,1602429.5,2
3711,k016,11,1,-325,4,19,1602459.5,2
3712,k016,11,2,-325,5,18,1602488.5,2
3713,k016,11,3,-325,6,17,1602518.5,2
3714,k016,11,4,-325,7,16,1602547.5,2
3715,k016,11,5,-325,8,14,1602576.5,1
3716,k016,11,6,-325,9,13,1602606.5,2
3717,k016,11,7,-325,10,12,1602635.5,1
3718,k016,11,8,-325,11,11,1602665.5,2
3719,k016,11,9,-325,12,10,1602694.5,1
3720,k016,11,10,-324,1,9,1602724.5,2
3721,k016,11,11,-324,2,8,1602754.5,2
3722,k016,11,12,-324,3,8,1602783.5,2
3723,k016,12,1,-324,4,7,1602813.5,2
3724,k016,12,2,-324,5,6,1602842.5,2
3725,k016,12,3,-324,6,5,1602872.5,2
3726,k016,12,4,-324,7,4,1602901.5,2
3727,k016,12,5,-324,8,3,1602931.5,2
3728,k016,12,6,-324,9,1,1602960.5,1
3729,k016,12,7,-324,10,1,1602990.5,2
3730,k016,12,8,-324,10,31,1603020.5,2
3731,k016,12,9,-324,11,29,1603049.5,2
3732,k016,12,10,-324,12,28,1603078.5,1
3733,k016,12,11,-323,1,27,1603108.5,2
3734,k016,12,12,-323,2,25,1603137.5,1
3735,k016,13,1,-323,3,27,1603167.5,2
3736,k016,13,2,-323,4,25,1603196.5,1
3737,k016,13,3,-323,5,25,1603226.5,2
3738,k016,13,4,-323,6,24,1603256.5,2
3739,k016,13,5,-323,7,23,1603285.5,2
3740,k016,13,6,-323,8,22,1603315.5,2
3741,k016,13,7,-323,9,21,1603345.5,3
3742,k016,13,8,-323,10,20,1603374.5,2
3743,k016,13,9,-323,11,19,1603404.5,3
3744,k016,13,10,-323,12,18,1603433.5,2
3745,k016,13,11,-322,1,16,1603462.5,1
3746,k016,13,12,-322,2,15,1603492.5,2
3747,k016,13,12.5,-322,3,16,1603521.5,1
3748,k016,14,1,-322,4,15,1603551.5,2
3749,k016,14,2,-322,5,14,1603580.5,1
3750,k016,14,3,-322,6,13,1603610.5,2
3751,k016,14,4,-322,7,12,1603639.5,1
3752,k016,14,5,-322,8,11,1603669.5,2
3753,k016,14,6,-322,9,10,1603699.5,2
3754,k016,14,7,-322,10,10,1603729.5,3
3755,k016,14,8,-322,11,8,1603758.5,2
3756,k016,14,9,-322,12,8,1603788.5,3
3757,k016,14,10,-321,1,6,1603817.5,2
3758,k016,14,11,-321,2,4,1603846.5,2
3759,k016,14,12,-321,3,6,1603876.5,2
3760,k017,2,1,-321,4,4,1603905.5,1
3761,k017,2,2,-321,5,4,1603935.5,2
3762,k017,2,3,-321,6,2,1603964.5,1
3763,k017,2,4,-321,7,1,1603993.5,1
3764,k017,2,5,-321,7,31,1604023.5,1
3765,k017,2,6,-321,8,30,1604053.5,2
3766,k017,2,7,-321,9,29,1604083.5,2
3767,k017,2,8,-321,10,29,1604113.5,3
3768,k017,2,9,-321,11,27,1604142.5,2
3769,k017,2,10,-321,12,27,1604172.5,3
3770,k017,2,11,-320,1,25,1604201.5,2
3771,k017,2,12,-320,2,23,1604230.5,2
3772,k017,2,12.5,-320,3,24,1604260.5,2
3773,k017,3,1,-320,4,22,1604289.5,2
3774,k017,3,2,-320,5,21,1604318.5,1
3775,k017,3,3,-320,6,20,1604348.5,2
3776,k017,3,4,-320,7,19,1604377.5,1
3777,k017,3,5,-320,8,18,1604407.5,1
3778,k017,3,6,-320,9,17,1604437.5,2
3779,k017,3,7,-320,10,17,1604467.5,2
3780,k017,3,8,-320,11,16,1604497.5,3
3781,k017,3,9,-320,12,15,1604526.5,2
3782,k017,3,10,-319,1,13,1604555.5,2
3783,k017,3,11,-319,2,12,1604585.5,2
3784,k017,3,12,-319,3,13,1604614.5,2
3785,k017,4,1,-319,4,12,1604644.5,2
3786,k017,4,2,-319,5,11,1604673.5,2
3787,k017,4,3,-319,6,9,1604702.5,1
3788,k017,4,4,-319,7,9,1604732.5,2
3789,k017,4,5,-319,8,7,1604761.5,1
3790,k017,4,6,-319,9,6,1604791.5,2
3791,k017,4,7,-319,10,6,1604821.5,2
3792,k017,4,8,-319,11,5,1604851.5,3
3793,k017,4,9,-319,12,4,1604880.5,2
3794,k017,4,10,-318,1,3,1604910.5,2
3795,k017,4,11,-318,2,1,1604939.5,2
3796,k017,4,12,-318,3,3,1604969.5,2
3797,k017,5,1,-318,4,1,1604998.5,2
3798,k017,5,2,-318,5,1,1605028.5,2
3799,k017,5,3,-318,5,30,1605057.5,2
3800,k017,5,4,-318,6,28,1605086.5,1
3801,k017,5,5,-318,7,28,1605116.5,2
3802,k017,5,6,-318,8,26,1605145.5,1
3803,k017,5,7,-318,9,25,1605175.5,2
3804,k017,5,8,-318,10,25,1605205.5,2
3805,k017,5,9,-318,11,23,1605234.5,2
3806,k017,5,10,-318,12,23,1605264.5,2
3807,k017,5,11,-317,1,21,1605293.5,2
3808,k017,5,12,-317,2,20,1605323.5,2
3809,k017,5,12.5,-317,3,21,1605352.5,1
3810,k017,6,1,-317,4,20,1605382.5,2
3811,k017,6,2,-317,5,20,1605412.5,2
3812,k017,6,3,-317,6,18,1605441.5,2
3813,k017,6,4,-317,7,18,1605471.5,2
3814,k017,6,5,-317,8,16,1605500.5,2
3815,k017,6,6,-317,9,15,1605530.5,2
3816,k017,6,7,-317,10,14,1605559.5,2
3817,k017,6,8,-317,11,13,1605589.5,2
3818,k017,6,9,-317,12,12,1605618.5,2
3819,k017,6,10,-316,1,10,1605647.5,1
3820,k017,6,11,-316,2,9,1605677.5,2
3821,k017,6,12,-316,3,10,1605707.5,2
3822,k017,7,1,-316,4,8,1605736.5,2
3823,k017,7,2,-316,5,8,1605766.5,2
3824,k017,7,3,-316,6,7,1605796.5,3
3825,k017,7,4,-316,7,6,1605825.5,2
3826,k017,7,5,-316,8,5,1605855.5,2
3827,k017,7,6,-316,9,3,1605884.5,2
3828,k017,7,7,-316,10,3,1605914.5,2
3829,k017,7,8,-316,11,1,1605943.5,2
3830,k017,7,9,-316,11,30,1605972.5,1
3831,k017,7,10,-316,12,30,1606002.5,2
3832,k017,7,11,-315,1,28,1606031.5,1
3833,k017,7,12,-315,2,27,1606061.5,2
3834,k017,8,1,-315,3,28,1606090.5,1
3835,k017,8,2,-315,4,27,1606120.5,2
3836,k017,8,3,-315,5,27,1606150.5,2
3837,k017,8,4,-315,6,25,1606179.5,2
3838,k017,8,5,-315,7,25,1606209.5,2
3839,k017,8,6,-315,8,24,1606239.5,3
3840,k017,8,7,-315,9,22,1606268.5,2
3841,k017,8,8,-315,10,22,1606298.5,3
3842,k017,8,9,-315,11,20,1606327.5,2
3843,k017,8,10,-315,12,19,1606356.5,1
3844,k017,8,11,-314,1,18,1606386.5,2
3845,k017,8,12,-314,2,16,1606415.5,1
3846,k017,8,12.5,-314,3,18,1606445.5,2
3847,k018,2,1,-314,4,16,1606474.5,1
3848,k018,2,2,-314,5,16,1606504.5,2
3849,k018,2,3,-314,6,15,1606534.5,2
3850,k018,2,4,-314,7,14,1606563.5,2
3851,k018,2,5,-314,8,13,1606593.5,2
3852,k018,2,6,-314,9,12,1606623.5,3
3853,k018,2,7,-314,10,11,1606652.5,2
3854,k018,2,8,-314,11,10,1606682.5,3
3855,k018,2,9,-314,12,9,1606711.5,2
3856,k018,2,10,-313,1,7,1606740.5,2
3857,k018,2,11,-313,2,6,1606770.5,2
3858,k018,2,12,-313,3,7,1606799.5,1
3859,k018,3,1,-313,4,5,1606828.5,1
3860,k018,3,2,-313,5,5,1606858.5,1
3861,k018,3,3,-313,6,4,1606888.5,2
3862,k018,3,4,-313,7,3,1606917.5,1
3863,k018,3,5,-313,8,2,1606947.5,2
3864,k018,3,6,-313,9,1,1606977.5,2
3865,k018,3,7,-313,10,1,1607007.5,3
3866,k018,3,8,-313,10,30,1607036.5,2
3867,k018,3,9,-313,11,28,1607065.5,2
3868,k018,3,10,-313,12,28,1607095.5,2
3869,k018,3,11,-312,1,26,1607124.5,2
3870,k018,3,12,-312,2,25,1607154.5,2
3871,k018,4,1,-312,3,25,1607183.5,2
3872,k018,4,2,-312,4,23,1607212.5,1
3873,k018,4,3,-312,5,23,1607242.5,2
3874,k018,4,4,-312,6,22,1607272.5,2
3875,k018,4,5,-312,7,21,1607301.5,1
3876,k018,4,6,-312,8,20,1607331.5,2
3877,k018,4,6.5,-312,9,19,1607361.5,2
3878,k018,4,7,-312,10,18,1607390.5,2
3879,k018,4,8,-312,11,17,1607420.5,2
3880,k018,4,9,-312,12,16,1607449.5,2
3881,k018,4,10,-311,1,15,1607479.5,2
3882,k018,4,11,-311,2,13,1607508.5,2
3883,k018,4,12,-311,3,15,1607538.5,2
3884,k018,5,1,-311,4,13,1607567.5,2
3885,k018,5,2,-311,5,12,1607596.5,1
3886,k018,5,3,-311,6,11,1607626.5,2
3887,k018,5,4,-311,7,10,1607655.5,1
3888,k018,5,5,-311,8,9,1607685.5,2
3889,k018,5,6,-311,9,8,1607715.5,2
3890,k018,5,7,-311,10,7,1607744.5,2
3891,k018,5,8,-311,11,6,1607774.5,2
3892,k018,5,9,-311,12,6,1607804.5,2
3893,k018,5,10,-310,1,4,1607833.5,2
3894,k018,5,11,-310,2,3,1607863.5,2
3895,k018,5,12,-310,3,4,1607892.5,2
3896,k019,1,1,-310,4,3,1607922.5,2
3897,k019,1,2,-310,5,2,1607951.5,2
3898,k019,1,3,-310,5,31,1607980.5,1
3899,k019,1,4,-310,6,30,1608010.5,2
3900,k019,1,5,-310,7,29,1608039.5,1
3901,k019,1,6,-310,8,28,1608069.5,2
3902,k019,1,7,-310,9,26,1608098.5,1
3903,k019,1,8,-310,10,26,1608128.5,2
3904,k019,1,9,-310,11,25,1608158.5,2
3905,k019,1,10,-310,12,24,1608187.5,2
3906,k019,1,11,-309,1,23,1608217.5,2
3907,k019,1,12,-309,2,22,1608247.5,2
3908,k019,1,12.5,-309,3,23,1608276.5,2
3909,k019,2,1,-309,4,22,1608306.5,2
3910,k019,2,2,-309,5,21,1608335.5,2
3911,k019,2,3,-309,6,19,1608364.5,1
3912,k019,2,4,-309,7,19,1608394.5,2
3913,k019,2,5,-309,8,17,1608423.5,1
3914,k019,2,6,-309,9,16,1608453.5,2
3915,k019,2,7,-309,10,15,1608482.5,1
3916,k019,2,8,-309,11,14,1608512.5,2
3917,k019,2,9,-309,12,13,1608541.5,1
3918,k019,2,10,-308,1,12,1608571.5,2
3919,k019,2,11,-308,2,11,1608601.5,2
3920,k019,2,12,-308,3,12,1608631.5,3
3921,k019,3,1,-308,4,10,1608660.5,2
3922,k019,3,2,-308,5,10,1608690.5,3
3923,k019,3,3,-308,6,8,1608719.5,2
3924,k019,3,4,-308,7,7,1608748.5,1
3925,k019,3,5,-308,8,6,1608778.5,2
3926,k019,3,6,-308,9,4,1608807.5,1
3927,k019,3,7,-308,10,4,1608837.5,2
3928,k019,3,8,-308,11,2,1608866.5,1
3929,k019,3,9,-308,12,2,1608896.5,2
3930,k019,3,10,-308,12,31,1608925.5,1
3931,k019,3,11,-307,1,30,1608955.5,2
3932,k019,3,12,-307,3,1,1608985.5,2
3933,k019,4,1,-307,3,30,1609014.5,2
3934,k019,4,2,-307,4,29,1609044.5,2
3935,k019,4,3,-307,5,29,1609074.5,3
3936,k019,4,4,-307,6,27,1609103.5,2
3937,k019,4,5,-307,7,26,1609132.5,2
3938,k019,4,6,-307,8,25,1609162.5,2
3939,k019,4,7,-307,9,23,1609191.5,2
3940,k019,4,8,-307,10,23,1609221.5,2
3941,k019,4,9,-307,11,21,1609250.5,1
3942,k019,4,10,-307,12,21,1609280.5,2
3943,k019,4,11,-306,1,19,1609309.5,1
3944,k019,4,12,-306,2,18,1609339.5,2
3945,k019,4,12.5,-306,3,19,1609368.5,1
3946,k019,5,1,-306,4,18,1609398.5,2
3947,k019,5,2,-306,5,18,1609428.5,2
3948,k019,5,3,-306,6,16,1609457.5,2
3949,k019,5,4,-306,7,16,1609487.5,2
3950,k019,5,5,-306,8,14,1609516.5,2
3951,k019,5,6,-306,9,13,1609546.5,2
3952,k019,5,7,-306,10,12,1609575.5,2
3953,k019,5,8,-306,11,11,1609605.5,2
3954,k019,5,9,-306,12,10,1609634.5,2
3955,k019,5,10,-305,1,9,1609664.5,2
3956,k019,5,11,-305,2,7,1609693.5,2
3957,k019,5,12,-305,3,9,1609723.5,2
3958,k019,6,1,-305,4,7,1609752.5,1
3959,k019,6,2,-305,5,7,1609782.5,2
3960,k019,6,3,-305,6,5,1609811.5,1
3961,k019,6,4,-305,7,5,1609841.5,2
3962,k019,6,5,-305,8,4,1609871.5,2
3963,k019,6,6,-305,9,2,1609900.5,2
3964,k019,6,7,-305,10,2,1609930.5,2
3965,k019,6,8,-305,11,1,1609960.5,3
3966,k019,6,9,-305,11,30,1609989.5,2
3967,k019,6,10,-305,12,29,1610018.5,2
3968,k019,6,11,-304,1,28,1610048.5,2
3969,k019,6,12,-304,2,26,1610077.5,2
3970,k019,7,1,-304,3,26,1610106.5,1
3971,k019,7,2,-304,4,25,1610136.5,2
3972,k019,7,3,-304,5,24,1610165.5,1
3973,k019,7,4,-304,6,23,1610195.5,1
3974,k019,7,5,-304,7,23,1610225.5,2
3975,k019,7,6,-304,8,21,1610254.5,1
3976,k019,7,7,-304,9,20,1610284.5,2
3977,k019,7,8,-304,10,20,1610314.5,2
3978,k019,7,9,-304,11,19,1610344.5,3
3979,k019,7,10,-304,12,18,1610373.5,2
3980,k019,7,11,-303,1,16,1610402.5,2
3981,k019,7,12,-303,2,15,1610432.5,2
3982,k019,7,12.5,-303,3,16,1610461.5,2
3983,k019,8,1,-303,4,14,1610490.5,1
3984,k019,8,2,-303,5,14,1610520.5,2
3985,k019,8,3,-303,6,12,1610549.5,1
3986,k019,8,4,-303,7,12,1610579.5,2
3987,k019,8,5,-303,8,10,1610608.5,1
3988,k019,8,6,-303,9,9,1610638.5,2
3989,k019,8,7,-303,10,9,1610668.5,2
3990,k019,8,8,-303,11,8,1610698.5,2
3991,k019,8,9,-303,12,8,1610728.5,3
3992,k019,8,10,-302,1,6,1610757.5,2
3993,k019,8,11,-302,2,4,1610786.5,2
3994,k019,8,12,-302,3,6,1610816.5,2
3995,k019,9,1,-302,4,4,1610845.5,2
3996,k019,9,2,-302,5,3,1610874.5,1
3997,k019,9,3,-302,6,2,1610904.5,2
3998,k019,9,4,-302,7,1,1610933.5,1
3999,k019,9,5,-302,7,30,1610962.5,1
4000,k019,9,6,-302,8,29,1610992.5,1
4001,k019,9,7,-302,9,28,1611022.5,2
4002,k019,9,8,-302,10,28,1611052.5,2
4003,k019,9,9,-302,11,27,1611082.5,3
4004,k019,9,10,-302,12,26,1611111.5,2
4005,k019,9,11,-301,1,25,1611141.5,3
4006,k019,9,12,-301,2,23,1611170.5,2
4007,k019,9,12.5,-301,3,25,1611200.5,2
4008,k019,10,1,-301,4,23,1611229.5,2
4009,k019,10,2,-301,5,22,1611258.5,1
4010,k019,10,3,-301,6,21,1611288.5,2
4011,k019,10,4,-301,7,20,1611317.5,1
4012,k019,10,5,-301,8,19,1611347.5,2
4013,k019,10,6,-301,9,17,1611376.5,1
4014,k019,10,7,-301,10,17,1611406.5,2
4015,k019,10,8,-301,11,16,1611436.5,2
4016,k019,10,9,-301,12,16,1611466.5,3
4017,k019,10,10,-300,1,14,1611495.5,2
4018,k019,10,11,-300,2,13,1611525.5,3
4019,k019,10,12,-300,3,13,1611554.5,2
4020,k019,11,1,-300,4,12,1611584.5,3
4021,k019,11,2,-300,5,11,1611613.5,2
4022,k019,11,3,-300,6,9,1611642.5,1
4023,k019,11,4,-300,7,9,1611672.5,2
4024,k019,11,5,-300,8,7,1611701.5,1
4025,k019,11,6,-300,9,6,1611731.5,2
4026,k019,11,7,-300,10,5,1611760.5,1
4027,k019,11,8,-300,11,4,1611790.5,2
4028,k019,11,9,-300,12,4,1611820.5,2
4029,k019,11,10,-299,1,2,1611849.5,2
4030,k019,11,11,-299,2,1,1611879.5,2
4031,k019,11,12,-299,3,2,1611908.5,2
4032,k019,12,1,-299,4,1,1611938.5,2
4033,k019,12,2,-299,5,1,1611968.5,3
4034,k019,12,3,-299,5,30,1611997.5,2
4035,k019,12,4,-299,6,28,1612026.5,2
4036,k019,12,5,-299,7,28,1612056.5,2
4037,k019,12,6,-299,8,26,1612085.5,2
4038,k019,12,7,-299,9,25,1612115.5,2
4039,k019,12,8,-299,10,24,1612144.5,1
4040,k019,12,9,-299,11,23,1612174.5,2
4041,k019,12,10,-299,12,22,1612203.5,1
4042,k019,12,11,-298,1,21,1612233.5,2
4043,k019,12,12,-298,2,19,1612262.5,1
4044,k019,12,12.5,-298,3,21,1612292.5,2
4045,k019,13,1,-298,4,20,1612322.5,2
4046,k019,13,2,-298,5,19,1612351.5,2
4047,k019,13,3,-298,6,18,1612381.5,2
4048,k019,13,4,-298,7,18,1612411.5,3
4049,k019,13,5,-298,8,16,1612440.5,2
4050,k019,13,6,-298,9,15,1612470.5,3
4051,k019,13,7,-298,10,14,1612499.5,2
4052,k019,13,8,-298,11,12,1612528.5,2
4053,k019,13,9,-298,12,12,1612558.5,2
4054,k019,13,10,-297,1,10,1612587.5,2
4055,k019,13,11,-297,2,9,1612617.5,2
4056,k019,13,12,-297,3,10,1612646.5,1
4057,k019,14,1,-297,4,9,1612676.5,2
4058,k019,14,2,-297,5,8,1612705.5,1
4059,k019,14,3,-297,6,7,1612735.5,2
4060,k019,14,4,-297,7,7,1612765.5,2
4061,k019,14,5,-297,8,6,1612795.5,3
4062,k019,14,6,-297,9,4,1612824.5,2
4063,k019,14,7,-297,10,4,1612854.5,3
4064,k019,14,8,-297,11,2,1612883.5,2
4065,k019,14,9,-297,12,1,1612912.5,2
4066,k019,14,10,-297,12,30,1612941.5,1
4067,k019,14,11,-296,1,29,1612971.5,2
4068,k019,14,12,-296,2,27,1613000.5,1
4069,k019,15,1,-296,3,28,1613030.5,2
4070,k019,15,2,-296,4,26,1613059.5,1
4071,k019,15,3,-296,5,26,1613089.5,1
4072,k019,15,4,-296,6,25,1613119.5,2
4073,k019,15,5,-296,7,25,1613149.5,2
4074,k019,15,6,-296,8,24,1613179.5,3
4075,k019,15,7,-296,9,22,1613208.5,2
4076,k019,15,8,-296,10,22,1613238.5,3
4077,k019,15,9,-296,11,20,1613267.5,2
4078,k019,15,10,-296,12,19,1613296.5,2
4079,k019,15,11,-295,1,18,1613326.5,2
4080,k019,15,12,-295,2,16,1613355.5,2
4081,k019,15,12.5,-295,3,17,1613384.5,1
4082,k019,16,1,-295,4,16,1613414.5,2
4083,k019,16,2,-295,5,15,1613443.5,1
4084,k019,16,3,-295,6,14,1613473.5,2
4085,k019,16,4,-295,7,14,1613503.5,2
4086,k019,16,5,-295,8,13,1613533.5,3
4087,k019,16,6,-295,9,11,1613562.5,2
4088,k019,16,7,-295,10,11,1613592.5,2
4089,k019,16,8,-295,11,9,1613621.5,2
4090,k019,16,9,-295,12,9,1613651.5,2
4091,k019,16,10,-294,1,7,1613680.5,2
4092,k019,16,11,-294,2,6,1613710.5,2
4093,k019,16,12,-294,3,7,1613739.5,2
4094,k019,17,1,-294,4,5,1613768.5,1
4095,k019,17,2,-294,5,5,1613798.5,2
4096,k019,17,3,-294,6,3,1613827.5,1
4097,k019,17,4,-294,7,3,1613857.5,2
4098,k019,17,5,-294,8,1,1613886.5,1
4099,k019,17,6,-294,8,31,1613916.5,2
4100,k019,17,7,-294,9,30,1613946.5,2
4101,k019,17,8,-294,10,30,1613976.5,3
4102,k019,17,9,-294,11,28,1614005.5,2
4103,k019,17,10,-294,12,28,1614035.5,3
4104,k019,17,11,-293,1,26,1614064.5,2
4105,k019,17,12,-293,2,25,1614094.5,2
4106,k019,18,1,-293,3,26,1614123.5,2
4107,k019,18,2,-293,4,24,1614152.5,1
4108,k019,18,3,-293,5,24,1614182.5,2
4109,k019,18,4,-293,6,22,1614211.5,1
4110,k019,18,5,-293,7,22,1614241.5,2
4111,k019,18,6,-293,8,20,1614270.5,1
4112,k019,18,6.5,-293,9,19,1614300.5,2
4113,k019,18,7,-293,10,19,1614330.5,2
4114,k019,18,8,-293,11,18,1614360.5,3
4115,k019,18,9,-293,12,17,1614389.5,2
4116,k019,18,10,-292,1,16,1614419.5,3
4117,k019,18,11,-292,2,14,1614448.5,2
4118,k019,18,12,-292,3,15,1614478.5,3
4119,k019,19,1,-292,4,13,1614507.5,2
4120,k019,19,2,-292,5,12,1614536.5,1
4121,k019,19,3,-292,6,11,1614566.5,2
4122,k019,19,4,-292,7,10,1614595.5,1
4123,k019,19,5,-292,8,9,1614625.5,2
4124,k019,19,6,-292,9,7,1614654.5,1
4125,k019,19,7,-292,10,7,1614684.5,2
4126,k019,19,8,-292,11,5,1614713.5,1
4127,k019,19,9,-292,12,5,1614743.5,2
4128,k019,19,10,-291,1,4,1614773.5,2
4129,k019,19,11,-291,2,2,1614802.5,2
4130,k019,19,12,-291,3,4,1614832.5,2
4131,k019,20,1,-291,4,3,1614862.5,3
4132,k019,20,2,-291,5,2,1614891.5,2
4133,k019,20,3,-291,5,31,1614920.5,2
4134,k019,20,4,-291,6,30,1614950.5,2
4135,k019,20,5,-291,7,29,1614979.5,2
4136,k019,20,6,-291,8,28,1615009.5,2
4137,k019,20,7,-291,9,26,1615038.5,1
4138,k019,20,8,-291,10,25,1615067.5,1
4139,k019,20,9,-291,11,24,1615097.5,1
4140,k019,20,10,-291,12,24,1615127.5,2
4141,k019,20,11,-290,1,23,1615157.5,2
4142,k019,20,12,-290,2,21,1615186.5,2
4143,k019,20,12.5,-290,3,23,1615216.5,2
4144,k019,21,1,-290,4,22,1615246.5,3
4145,k019,21,2,-290,5,21,1615275.5,2
4146,k019,21,3,-290,6,19,1615304.5,2
4147,k019,21,4,-290,7,19,1615334.5,2
4148,k019,21,5,-290,8,17,1615363.5,2
4149,k019,21,6,-290,9,15,1615392.5,1
4150,k019,21,7,-290,10,15,1615422.5,2
4151,k019,21,8,-290,11,13,1615451.5,1
4152,k019,21,9,-290,12,13,1615481.5,2
4153,k019,21,10,-289,1,12,1615511.5,2
4154,k019,21,11,-289,2,10,1615540.5,1
4155,k019,21,12,-289,3,12,1615570.5,2
4156,k019,22,1,-289,4,11,1615600.5,2
4157,k019,22,2,-289,5,10,1615629.5,2
4158,k019,22,3,-289,6,9,1615659.5,2
4159,k019,22,4,-289,7,8,1615688.5,2
4160,k019,22,5,-289,8,7,1615718.5,2
4161,k019,22,6,-289,9,5,1615747.5,2
4162,k019,22,7,-289,10,5,1615777.5,2
4163,k019,22,8,-289,11,3,1615806.5,2
4164,k019,22,9,-289,12,3,1615836.5,2
4165,k019,22,10,-288,1,1,1615865.5,2
4166,k019,22,11,-288,1,31,1615895.5,2
4167,k019,22,12,-288,2,29,1615924.5,2
4168,k019,23,1,-288,3,30,1615954.5,2
4169,k019,23,2,-288,4,28,1615983.5,1
4170,k019,23,3,-288,5,28,1616013.5,2
4171,k019,23,4,-288,6,27,1616043.5,2
4172,k019,23,5,-288,7,26,1616072.5,2
4173,k019,23,6,-288,8,25,1616102.5,2
4174,k019,23,7,-288,9,23,1616131.5,2
4175,k019,23,8,-288,10,23,1616161.5,2
4176,k019,23,9,-288,11,21,1616190.5,2
4177,k019,23,10,-288,12,21,1616220.5,2
4178,k019,23,11,-287,1,19,1616249.5,2
4179,k019,23,12,-287,2,17,1616278.5,1
4180,k019,23,12.5,-287,3,19,1616308.5,2
4181,k019,24,1,-287,4,17,1616337.5,1
4182,k019,24,2,-287,5,17,1616367.5,2
4183,k019,24,3,-287,6,16,1616397.5,2
4184,k019,24,4,-287,7,15,1616426.5,2
4185,k019,24,5,-287,8,14,1616456.5,2
4186,k019,24,6,-287,9,13,1616486.5,2
4187,k019,24,7,-287,10,12,1616515.5,2
4188,k019,24,8,-287,11,11,1616545.5,2
4189,k019,24,9,-287,12,10,1616574.5,2
4190,k019,24,10,-286,1,9,1616604.5,2
4191,k019,24,11,-286,2,7,1616633.5,2
4192,k019,24,12,-286,3,8,1616662.5,1
4193,k019,25,1,-286,4,7,1616692.5,2
4194,k019,25,2,-286,5,6,1616721.5,1
4195,k019,25,3,-286,6,5,1616751.5,2
4196,k019,25,4,-286,7,4,1616780.5,1
4197,k019,25,5,-286,8,3,1616810.5,2
4198,k019,25,6,-286,9,2,1616840.5,2
4199,k019,25,7,-286,10,2,1616870.5,3
4200,k019,25,8,-286,10,31,1616899.5,2
4201,k019,25,9,-286,11,30,1616929.5,3
4202,k019,25,10,-286,12,29,1616958.5,2
4203,k019,25,11,-285,1,28,1616988.5,2
4204,k019,25,12,-285,2,26,1617017.5,2
4205,k019,26,1,-285,3,27,1617046.5,1
4206,k019,26,2,-285,4,26,1617076.5,2
4207,k019,26,3,-285,5,25,1617105.5,1
4208,k019,26,4,-285,6,24,1617135.5,2
4209,k019,26,5,-285,7,23,1617164.5,1
4210,k019,26,6,-285,8,22,1617194.5,2
4211,k019,26,7,-285,9,21,1617224.5,2
4212,k019,26,8,-285,10,21,1617254.5,3
4213,k019,26,9,-285,11,19,1617283.5,2
4214,k019,26,10,-285,12,19,1617313.5,3
4215,k019,26,11,-284,1,17,1617342.5,2
4216,k019,26,12,-284,2,16,1617372.5,3
4217,k019,26,12.5,-284,3,16,1617401.5,2
4218,k019,27,1,-284,4,14,1617430.5,1
4219,k019,27,2,-284,5,14,1617460.5,2
4220,k019,27,3,-284,6,12,1617489.5,1
4221,k019,27,4,-284,7,11,1617518.5,1
4222,k019,27,5,-284,8,10,1617548.5,1
4223,k019,27,6,-284,9,9,1617578.5,2
4224,k019,27,7,-284,10,9,1617608.5,2
4225,k019,27,8,-284,11,7,1617637.5,2
4226,k019,27,9,-284,12,7,1617667.5,2
4227,k019,27,10,-283,1,6,1617697.5,3
4228,k019,27,11,-283,2,4,1617726.5,2
4229,k019,27,12,-283,3,6,1617756.5,3
4230,k019,28,1,-283,4,4,1617785.5,2
4231,k019,28,2,-283,5,3,1617814.5,2
4232,k019,28,3,-283,6,2,1617844.5,2
4233,k019,28,4,-283,7,1,1617873.5,2
4234,k019,28,5,-283,7,30,1617902.5,1
4235,k019,28,6,-283,8,29,1617932.5,1
4236,k019,28,7,-283,9,28,1617962.5,2
4237,k019,28,8,-283,10,28,1617992.5,2
4238,k019,28,9,-283,11,26,1618021.5,2
4239,k019,28,10,-283,12,26,1618051.5,2
4240,k019,28,11,-282,1,24,1618080.5,2
4241,k019,28,12,-282,2,23,1618110.5,2
4242,k019,28,12.5,-282,3,25,1618140.5,3
4243,k019,29,1,-282,4,23,1618169.5,2
4244,k019,29,2,-282,5,22,1618198.5,2
4245,k019,29,3,-282,6,21,1618228.5,2
4246,k019,29,4,-282,7,20,1618257.5,2
4247,k019,29,5,-282,8,19,1618287.5,2
4248,k019,29,6,-282,9,17,1618316.5,2
4249,k019,29,7,-282,10,17,1618346.5,2
4250,k019,29,8,-282,11,15,1618375.5,2
4251,k019,29,9,-282,12,15,1618405.5,2
4252,k019,29,10,-281,1,13,1618434.5,1
4253,k019,29,11,-281,2,12,1618464.5,2
4254,k019,29,12,-281,3,14,1618494.5,2
4255,k019,30,1,-281,4,12,1618523.5,2
4256,k019,30,2,-281,5,12,1618553.5,2
4257,k019,30,3,-281,6,10,1618582.5,2
4258,k019,30,4,-281,7,10,1618612.5,2
4259,k019,30,5,-281,8,8,1618641.5,2
4260,k019,30,6,-281,9,7,1618671.5,2
4261,k019,30,7,-281,10,6,1618700.5,2
4262,k019,30,8,-281,11,5,1618730.5,2
4263,k019,30,9,-281,12,4,1618759.5,2
4264,k019,30,10,-280,1,3,1618789.5,2
4265,k019,30,11,-280,2,1,1618818.5,2
4266,k019,30,12,-280,3,2,1618848.5,2
4267,k019,31,1,-280,3,31,1618877.5,1
4268,k019,31,2,-280,4,30,1618907.5,2
4269,k019,31,3,-280,5,29,1618936.5,1
4270,k019,31,4,-280,6,28,1618966.5,2
4271,k019,31,5,-280,7,28,1618996.5,2
4272,k019,31,6,-280,8,26,1619025.5,2
4273,k019,31,7,-280,9,25,1619055.5,2
4274,k019,31,8,-280,10,24,1619084.5,2
4275,k019,31,9,-280,11,23,1619114.5,2
4276,k019,31,10,-280,12,22,1619143.5,2
4277,k019,31,11,-279,1,20,1619172.5,1
4278,k019,31,12,-279,2,19,1619202.5,2
4279,k019,31,12.5,-279,3,20,1619231.5,1
4280,k019,32,1,-279,4,19,1619261.5,2
4281,k019,32,2,-279,5,19,1619291.5,2
4282,k019,32,3,-279,6,17,1619320.5,2
4283,k019,32,4,-279,7,17,1619350.5,2
4284,k019,32,5,-279,8,16,1619380.5,2
4285,k019,32,6,-279,9,15,1619410.5,3
4286,k019,32,7,-279,10,14,1619439.5,2
4287,k019,32,8,-279,11,12,1619468.5,2
4288,k019,32,9,-279,12,12,1619498.5,2
4289,k019,32,10,-278,1,10,1619527.5,2
4290,k019,32,11,-278,2,8,1619556.5,1
4291,k019,32,12,-278,3,10,1619586.5,2
4292,k019,33,1,-278,4,8,1619615.5,1
4293,k019,33,2,-278,5,8,1619645.5,2
4294,k019,33,3,-278,6,6,1619674.5,1
4295,k019,33,4,-278,7,6,1619704.5,2
4296,k019,33,5,-278,8,5,1619734.5,2
4297,k019,33,6,-278,9,4,1619764.5,3
4298,k019,33,7,-278,10,4,1619794.5,3
4299,k019,33,8,-278,11,2,1619823.5,3
4300,k019,33,9,-278,12,1,1619852.5,2
4301,k019,33,10,-278,12,31,1619882.5,2
4302,k019,33,11,-277,1,29,1619911.5,2
4303,k019,33,12,-277,2,27,1619940.5,1
4304,k019,34,1,-277,3,29,1619970.5,2
4305,k019,34,2,-277,4,27,1619999.5,1
4306,k019,34,3,-277,5,27,1620029.5,2
4307,k019,34,4,-277,6,25,1620058.5,1
4308,k019,34,5,-277,7,25,1620088.5,2
4309,k019,34,6,-277,8,24,1620118.5,2
4310,k019,34,7,-277,9,23,1620148.5,3
4311,k019,34,8,-277,10,22,1620177.5,2
4312,k019,34,9,-277,11,21,1620207.5,3
4313,k019,34,10,-277,12,20,1620236.5,2
4314,k019,34,11,-276,1,19,1620266.5,3
4315,k019,34,12,-276,2,17,1620295.5,2
4316,k019,34,12.5,-276,3,17,1620324.5,1
4317,k019,35,1,-276,4,16,1620354.5,2
4318,k019,35,2,-276,5,15,1620383.5,1
4319,k019,35,3,-276,6,14,1620413.5,2
4320,k019,35,4,-276,7,13,1620442.5,1
4321,k019,35,5,-276,8,12,1620472.5,2
4322,k019,35,6,-276,9,11,1620502.5,2
4323,k019,35,7,-276,10,10,1620531.5,2
4324,k019,35,8,-276,11,9,1620561.5,2
4325,k019,35,9,-276,12,8,1620590.5,2
4326,k019,35,10,-275,1,7,1620620.5,2
4327,k019,35,11,-275,2,6,1620650.5,3
4328,k019,35,12,-275,3,7,1620679.5,2
4329,k019,36,1,-275,4,5,1620708.5,2
4330,k019,36,2,-275,5,5,1620738.5,2
4331,k019,36,3,-275,6,3,1620767.5,2
4332,k019,36,4,-275,7,3,1620797.5,2
4333,k019,36,5,-275,8,1,1620826.5,1
4334,k019,36,6,-275,8,31,1620856.5,2
4335,k019,36,7,-275,9,29,1620885.5,1
4336,k019,36,8,-275,10,29,1620915.5,2
4337,k019,36,9,-275,11,28,1620945.5,2
4338,k019,36,10,-275,12,27,1620974.5,2
4339,k019,36,11,-274,1,26,1621004.5,2
4340,k019,36,12,-274,2,25,1621034.5,3
4341,k019,37,1,-274,3,26,1621063.5,2
4342,k019,37,2,-274,4,24,1621092.5,2
4343,k019,37,3,-274,5,24,1621122.5,2
4344,k019,37,4,-274,6,22,1621151.5,2
4345,k019,37,5,-274,7,22,1621181.5,2
4346,k019,37,6,-274,8,20,1621210.5,2
4347,k019,37,6.5,-274,9,18,1621239.5,1
4348,k019,37,7,-274,10,18,1621269.5,2
4349,k019,37,8,-274,11,17,1621299.5,2
4350,k019,37,9,-274,12,16,1621328.5,1
4351,k019,37,10,-273,1,15,1621358.5,2
4352,k019,37,11,-273,2,14,1621388.5,2
4353,k019,37,12,-273,3,15,1621417.5,2
4354,k019,38,1,-273,4,14,1621447.5,2
4355,k019,38,2,-273,5,13,1621476.5,2
4356,k019,38,3,-273,6,12,1621506.5,2
4357,k019,38,4,-273,7,11,1621535.5,2
4358,k019,38,5,-273,8,10,1621565.5,2
4359,k019,38,6,-273,9,8,1621594.5,2
4360,k019,38,7,-273,10,7,1621623.5,1
4361,k019,38,8,-273,11,6,1621653.5,2
4362,k019,38,9,-273,12,5,1621682.5,1
4363,k019,38,10,-272,1,4,1621712.5,2
4364,k019,38,11,-272,2,3,1621742.5,2
4365,k019,38,12,-272,3,4,1621772.5,2
4366,k019,39,1,-272,4,2,1621801.5,2
4367,k019,39,2,-272,5,2,1621831.5,2
4368,k019,39,3,-272,5,31,1621860.5,2
4369,k019,39,4,-272,6,30,1621890.5,2
4370,k019,39,5,-272,7,29,1621919.5,2
4371,k019,39,6,-272,8,27,1621948.5,1
4372,k019,39,7,-272,9,26,1621978.5,2
4373,k019,39,8,-272,10,25,1622007.5,1
4374,k019,39,9,-272,11,24,1622037.5,2
4375,k019,39,10,-272,12,23,1622066.5,1
4376,k019,39,11,-271,1,22,1622096.5,2
4377,k019,39,12,-271,2,21,1622126.5,2
4378,k019,39,12.5,-271,3,22,1622155.5,2
4379,k019,40,1,-271,4,21,1622185.5,2
4380,k019,40,2,-271,5,21,1622215.5,3
4381,k019,40,3,-271,6,19,1622244.5,2
4382,k019,40,4,-271,7,19,1622274.5,2
4383,k019,40,5,-271,8,17,1622303.5,2
4384,k019,40,6,-271,9,15,1622332.5,1
4385,k019,40,7,-271,10,15,1622362.5,2
4386,k019,40,8,-271,11,13,1622391.5,1
4387,k019,40,9,-271,12,13,1622421.5,2
4388,k019,40,10,-270,1,11,1622450.5,1
4389,k019,40,11,-270,2,10,1622480.5,2
4390,k019,40,12,-270,3,11,1622509.5,1
4391,k019,41,1,-270,4,10,1622539.5,2
4392,k019,41,2,-270,5,10,1622569.5,2
4393,k019,41,3,-270,6,8,1622598.5,2
4394,k019,41,4,-270,7,8,1622628.5,2
4395,k019,41,5,-270,8,6,1622657.5,2
4396,k019,41,6,-270,9,5,1622687.5,2
4397,k019,41,7,-270,10,5,1622717.5,3
4398,k019,41,8,-270,11,3,1622746.5,2
4399,k019,41,9,-270,12,3,1622776.5,2
4400,k019,41,10,-269,1,1,1622805.5,2
4401,k019,41,11,-269,1,30,1622834.5,1
4402,k019,41,12,-269,3,1,1622864.5,2
4403,k019,42,1,-269,3,30,1622893.5,1
4404,k019,42,2,-269,4,29,1622923.5,2
4405,k019,42,3,-269,5,28,1622952.5,1
4406,k019,42,4,-269,6,27,1622982.5,2
4407,k019,42,5,-269,7,27,1623012.5,2
4408,k019,42,6,-269,8,25,1623041.5,2
4409,k019,42,7,-269,9,24,1623071.5,2
4410,k019,42,8,-269,10,24,1623101.5,3
4411,k019,42,9,-269,11,22,1623130.5,2
4412,k019,42,10,-269,12,22,1623160.5,3
4413,k019,42,11,-268,1,20,1623189.5,2
4414,k019,42,12,-268,2,18,1623218.5,1
4415,k019,42,12.5,-268,3,19,1623248.5,2
4416,k019,43,1,-268,4,17,1623277.5,1
4417,k019,43,2,-268,5,17,1623307.5,2
4418,k019,43,3,-268,6,15,1623336.5,1
4419,k019,43,4,-268,7,14,1623365.5,1
4420,k019,43,5,-268,8,13,1623395.5,1
4421,k019,43,6,-268,9,12,1623425.5,2
4422,k019,43,7,-268,10,12,1623455.5,2
4423,k019,43,8,-268,11,11,1623485.5,3
4424,k019,43,9,-268,12,10,1623514.5,2
4425,k019,43,10,-267,1,9,1623544.5,3
4426,k019,43,11,-267,2,7,1623573.5,2
4427,k019,43,12,-267,3,8,1623602.5,2
4428,k019,44,1,-267,4,7,1623632.5,2
4429,k019,44,2,-267,5,6,1623661.5,2
4430,k019,44,3,-267,6,4,1623690.5,1
4431,k019,44,4,-267,7,4,1623720.5,1
4432,k019,44,5,-267,8,2,1623749.5,1
4433,k019,44,6,-267,9,1,1623779.5,1
4434,k019,44,7,-267,10,1,1623809.5,2
4435,k019,44,8,-267,10,31,1623839.5,2
4436,k019,44,9,-267,11,29,1623868.5,2
4437,k019,44,10,-267,12,29,1623898.5,2
4438,k019,44,11,-266,1,28,1623928.5,3
4439,k019,44,12,-266,2,26,1623957.5,2
4440,k019,45,1,-266,3,27,1623986.5,2
4441,k019,45,2,-266,4,26,1624016.5,2
4442,k019,45,3,-266,5,25,1624045.5,2
4443,k019,45,4,-266,6,23,1624074.5,1
4444,k019,45,5,-266,7,23,1624104.5,2
4445,k019,45,6,-266,8,21,1624133.5,1
4446,k019,45,7,-266,9,20,1624163.5,2
4447,k019,45,8,-266,10,20,1624193.5,2
4448,k019,45,9,-266,11,19,1624223.5,2
4449,k019,45,10,-266,12,18,1624252.5,2
4450,k019,45,11,-265,1,17,1624282.5,2
4451,k019,45,12,-265,2,16,1624312.5,3
4452,k019,45,12.5,-265,3,17,1624341.5,2
4453,k019,46,1,-265,4,15,1624370.5,2
4454,k019,46,2,-265,5,15,1624400.5,2
4455,k019,46,3,-265,6,13,1624429.5,2
4456,k019,46,4,-265,7,12,1624458.5,1
4457,k019,46,5,-265,8,11,1624488.5,2
4458,k019,46,6,-265,9,9,1624517.5,1
4459,k019,46,7,-265,10,9,1624547.5,2
4460,k019,46,8,-265,11,8,1624577.5,2
4461,k019,46,9,-265,12,7,1624606.5,2
4462,k019,46,10,-264,1,6,1624636.5,2
4463,k019,46,11,-264,2,5,1624666.5,2
4464,k019,46,12,-264,3,5,1624695.5,2
4465,k019,47,1,-264,4,4,1624725.5,2
4466,k019,47,2,-264,5,3,1624754.5,2
4467,k019,47,3,-264,6,2,1624784.5,2
4468,k019,47,4,-264,7,1,1624813.5,2
4469,k019,47,5,-264,7,30,1624842.5,1
4470,k019,47,6,-264,8,29,1624872.5,2
4471,k019,47,7,-264,9,28,1624902.5,2
4472,k019,47,8,-264,10,27,1624931.5,2
4473,k019,47,9,-264,11,26,1624961.5,2
4474,k019,47,10,-264,12,25,1624990.5,2
4475,k019,47,11,-263,1,24,1625020.5,2
4476,k019,47,12,-263,2,22,1625049.5,2
4477,k019,47,12.5,-263,3,24,1625079.5,2
4478,k019,48,1,-263,4,23,1625109.5,3
4479,k019,48,2,-263,5,22,1625138.5,2
4480,k019,48,3,-263,6,21,1625168.5,2
4481,k019,48,4,-263,7,20,1625197.5,2
4482,k019,48,5,-263,8,18,1625226.5,1
4483,k019,48,6,-263,9,17,1625256.5,2
4484,k019,48,7,-263,10,17,1625286.5,2
4485,k019,48,8,-263,11,15,1625315.5,2
4486,k019,48,9,-263,12,14,1625344.5,1
4487,k019,48,10,-262,1,13,1625374.5,2
4488,k019,48,11,-262,2,11,1625403.5,1
4489,k019,48,12,-262,3,13,1625433.5,2
4490,k019,49,1,-262,4,12,1625463.5,2
4491,k019,49,2,-262,5,11,1625492.5,2
4492,k019,49,3,-262,6,10,1625522.5,2
4493,k019,49,4,-262,7,10,1625552.5,3
4494,k019,49,5,-262,8,8,1625581.5,2
4495,k019,49,6,-262,9,7,1625611.5,3
4496,k019,49,7,-262,10,6,1625640.5,2
4497,k019,49,8,-262,11,5,1625670.5,2
4498,k019,49,9,-262,12,4,1625699.5,2
4499,k019,49,10,-261,1,2,1625728.5,1
4500,k019,49,11,-261,2,1,1625758.5,2
4501,k019,49,12,-261,3,2,1625787.5,1
4502,k019,50,1,-261,4,1,1625817.5,2
4503,k019,50,2,-261,4,30,1625846.5,1
4504,k019,50,3,-261,5,30,1625876.5,2
4505,k019,50,4,-261,6,29,1625906.5,2
4506,k019,50,5,-261,7,29,1625936.5,3
4507,k019,50,6,-261,8,27,1625965.5,2
4508,k019,50,7,-261,9,26,1625995.5,3
4509,k019,50,8,-261,10,25,1626024.5,2
4510,k019,50,9,-261,11,24,1626054.5,3
4511,k019,50,10,-261,12,23,1626083.5,2
4512,k019,50,11,-260,1,21,1626112.5,1
4513,k019,50,12,-260,2,20,1626142.5,2
4514,k019,50,12.5,-260,3,20,1626171.5,1
4515,k019,51,1,-260,4,18,1626200.5,1
4516,k019,51,2,-260,5,18,1626230.5,1
4517,k019,51,3,-260,6,17,1626260.5,2
4518,k019,51,4,-260,7,17,1626290.5,2
4519,k019,51,5,-260,8,15,1626319.5,2
4520,k019,51,6,-260,9,14,1626349.5,2
4521,k019,51,7,-260,10,14,1626379.5,3
4522,k019,51,8,-260,11,12,1626408.5,2
4523,k019,51,9,-260,12,12,1626438.5,3
4524,k019,51,10,-259,1,10,1626467.5,2
4525,k019,51,11,-259,2,8,1626496.5,2
4526,k019,51,12,-259,3,10,1626526.5,2
4527,k019,52,1,-259,4,8,1626555.5,2
4528,k019,52,2,-259,5,7,1626584.5,1
4529,k019,52,3,-259,6,6,1626614.5,1
4530,k019,52,4,-259,7,6,1626644.5,2
4531,k019,52,5,-259,8,4,1626673.5,1
4532,k019,52,6,-259,9,3,1626703.5,2
4533,k019,52,7,-259,10,3,1626733.5,2
4534,k019,52,8,-259,11,2,1626763.5,3
4535,k019,52,9,-259,12,1,1626792.5,2
4536,k019,52,10,-259,12,30,1626821.5,2
4537,k019,52,11,-258,1,29,1626851.5,2
4538,k019,52,12,-258,2,27,1626880.5,2
4539,k019,53,1,-258,3,29,1626910.5,2
4540,k019,53,2,-258,4,27,1626939.5,2
4541,k019,53,3,-258,5,26,1626968.5,1
4542,k019,53,4,-258,6,25,1626998.5,2
4543,k019,53,5,-258,7,25,1627028.5,2
4544,k019,53,6,-258,8,23,1627057.5,2
4545,k019,53,7,-258,9,22,1627087.5,2
4546,k019,53,8,-258,10,22,1627117.5,2
4547,k019,53,9,-258,11,20,1627146.5,2
4548,k019,53,10,-258,12,20,1627176.5,2
4549,k019,53,11,-257,1,18,1627205.5,2
4550,k019,53,12,-257,2,17,1627235.5,2
4551,k019,53,12.5,-257,3,18,1627264.5,2
4552,k019,54,1,-257,4,17,1627294.5,2
4553,k019,54,2,-257,5,16,1627323.5,2
4554,k019,54,3,-257,6,14,1627352.5,1
4555,k019,54,4,-257,7,14,1627382.5,2
4556,k019,54,5,-257,8,12,1627411.5,1
4557,k019,54,6,-257,9,11,1627441.5,2
4558,k019,54,7,-257,10,11,1627471.5,2
4559,k019,54,8,-257,11,9,1627500.5,2
4560,k019,54,9,-257,12,9,1627530.5,2
4561,k019,54,10,-256,1,8,1627560.5,2
4562,k019,54,11,-256,2,6,1627589.5,2
4563,k019,54,12,-256,3,7,1627619.5,2
4564,k019,55,1,-256,4,5,1627648.5,2
4565,k019,55,2,-256,5,5,1627678.5,2
4566,k019,55,3,-256,6,3,1627707.5,2
4567,k019,55,4,-256,7,3,1627737.5,2
4568,k019,55,5,-256,8,1,1627766.5,2
4569,k019,55,6,-256,8,30,1627795.5,1
4570,k019,55,7,-256,9,29,1627825.5,2
4571,k019,55,8,-256,10,28,1627854.5,1
4572,k019,55,9,-256,11,27,1627884.5,2
4573,k019,55,10,-256,12,27,1627914.5,2
4574,k019,55,11,-255,1,25,1627943.5,2
4575,k019,55,12,-255,2,24,1627973.5,2
4576,k019,56,1,-255,3,26,1628003.5,3
4577,k019,56,2,-255,4,24,1628032.5,2
4578,k019,56,3,-255,5,24,1628062.5,2
4579,k019,56,4,-255,6,22,1628091.5,2
4580,k019,56,5,-255,7,22,1628121.5,2
4581,k019,56,6,-255,8,20,1628150.5,2
4582,k019,56,6.5,-255,9,19,1628180.5,2
4583,k019,56,7,-255,10,18,1628209.5,2
4584,k019,56,8,-255,11,16,1628238.5,1
4585,k019,56,9,-255,12,16,1628268.5,2
4586,k019,56,10,-254,1,14,1628297.5,1
4587,k019,56,11,-254,2,13,1628327.5,2
4588,k019,56,12,-254,3,15,1628357.5,2
4589,k019,57,1,-254,4,14,1628387.5,3
4590,k019,57,2,-254,5,13,1628416.5,2
4591,k019,57,3,-254,6,12,1628446.5,3
4592,k019,57,4,-254,7,11,1628475.5,2
4593,k019,57,5,-254,8,10,1628505.5,3
4594,k019,57,6,-254,9,8,1628534.5,2
4595,k019,57,7,-254,10,7,1628563.5,1
4596,k019,57,8,-254,11,6,1628593.5,2
4597,k019,57,9,-254,12,5,1628622.5,1
4598,k019,57,10,-253,1,4,1628652.5,2
4599,k019,57,11,-253,2,2,1628681.5,1
4600,k019,57,12,-253,3,4,1628711.5,2
4601,k019,58,1,-253,4,3,1628741.5,2
4602,k019,58,2,-253,5,2,1628770.5,2
4603,k019,58,3,-253,6,1,1628800.5,2
4604,k019,58,4,-253,6,30,1628829.5,2
4605,k019,58,5,-253,7,30,1628859.5,2
4606,k019,58,6,-253,8,28,1628888.5,2
4607,k019,58,7,-253,9,27,1628918.5,2
4608,k019,58,8,-253,10,26,1628947.5,2
4609,k019,58,9,-253,11,25,1628977.5,2
4610,k019,58,10,-253,12,24,1629006.5,1
4611,k019,58,11,-252,1,23,1629036.5,2
4612,k019,58,12,-252,2,21,1629065.5,1
4613,k019,58,12.5,-252,3,22,1629095.5,2
4614,k019,59,1,-252,4,20,1629124.5,1
4615,k019,59,2,-252,5,20,1629154.5,2
4616,k019,59,3,-252,6,19,1629184.5,2
4617,k019,59,4,-252,7,18,1629213.5,2
4618,k019,59,5,-252,8,17,1629243.5,2
4619,k019,59,6,-252,9,15,1629272.5,2
4620,k019,59,7,-252,10,15,1629302.5,2
4621,k019,59,8,-252,11,13,1629331.5,2
4622,k019,59,9,-252,12,13,1629361.5,2
4623,k019,59,10,-251,1,11,1629390.5,2
4624,k019,59,11,-251,2,10,1629420.5,2
4625,k019,59,12,-251,3,11,1629449.5,2
4626,k019,60,1,-251,4,9,1629478.5,1
4627,k019,60,2,-251,5,9,1629508.5,1
4628,k019,60,3,-251,6,8,1629538.5,2
4629,k019,60,4,-251,7,7,1629567.5,1
4630,k019,60,5,-251,8,6,1629597.5,2
4631,k019,60,6,-251,9,5,1629627.5,2
4632,k019,60,7,-251,10,4,1629656.5,2
4633,k019,60,8,-251,11,3,1629686.5,2
4634,k019,60,9,-251,12,3,1629716.5,3
4635,k019,60,10,-250,1,1,1629745.5,2
4636,k019,60,11,-250,1,30,1629774.5,2
4637,k019,60,12,-250,3,1,1629804.5,2
4638,k019,61,1,-250,3,30,1629833.5,2
4639,k019,61,2,-250,4,28,1629862.5,1
4640,k019,61,3,-250,5,28,1629892.5,2
4641,k019,61,4,-250,6,26,1629921.5,1
4642,k019,61,5,-250,7,26,1629951.5,2
4643,k019,61,6,-250,8,24,1629980.5,1
4644,k019,61,7,-250,9,23,1630010.5,1
4645,k019,61,8,-250,10,23,1630040.5,2
4646,k019,61,9,-250,11,22,1630070.5,2
4647,k019,61,10,-250,12,22,1630100.5,3
4648,k019,61,11,-249,1,20,1630129.5,2
4649,k019,61,12,-249,2,18,1630158.5,2
4650,k019,61,12.5,-249,3,20,1630188.5,2
4651,k019,62,1,-249,4,18,1630217.5,2
4652,k019,62,2,-249,5,17,1630246.5,1
4653,k019,62,3,-249,6,16,1630276.5,2
4654,k019,62,4,-249,7,15,1630305.5,1
4655,k019,62,5,-249,8,14,1630335.5,2
4656,k019,62,6,-249,9,12,1630364.5,1
4657,k019,62,7,-249,10,12,1630394.5,2
4658,k019,62,8,-249,11,11,1630424.5,2
4659,k019,62,9,-249,12,11,1630454.5,2
4660,k019,62,10,-248,1,10,1630484.5,3
4661,k019,62,11,-248,2,8,1630513.5,2
4662,k019,62,12,-248,3,8,1630542.5,2
4663,k019,63,1,-248,4,7,1630572.5,2
4664,k019,63,2,-248,5,6,1630601.5,2
4665,k019,63,3,-248,6,4,1630630.5,1
4666,k019,63,4,-248,7,4,1630660.5,2
4667,k019,63,5,-248,8,2,1630689.5,1
4668,k019,63,6,-248,9,1,1630719.5,2
4669,k019,63,7,-248,9,30,1630748.5,1
4670,k019,63,8,-248,10,30,1630778.5,2
4671,k019,63,9,-248,11,29,1630808.5,2
4672,k019,63,10,-248,12,29,1630838.5,3
4673,k019,63,11,-247,1,27,1630867.5,2
4674,k019,63,12,-247,2,26,1630897.5,3
4675,k019,64,1,-247,3,27,1630926.5,2
4676,k019,64,2,-247,4,26,1630956.5,2
4677,k019,64,3,-247,5,25,1630985.5,2
4678,k019,64,4,-247,6,23,1631014.5,1
4679,k019,64,5,-247,7,23,1631044.5,2
4680,k019,64,6,-247,8,21,1631073.5,1
4681,k019,64,7,-247,9,20,1631103.5,2
4682,k019,64,8,-247,10,19,1631132.5,1
4683,k019,64,9,-247,11,18,1631162.5,2
4684,k019,64,10,-247,12,18,1631192.5,2
4685,k019,64,11,-246,1,16,1631221.5,2
4686,k019,64,12,-246,2,15,1631251.5,2
4687,k019,64,12.5,-246,3,17,1631281.5,3
4688,k019,65,1,-246,4,15,1631310.5,2
4689,k019,65,2,-246,5,15,1631340.5,3
4690,k019,65,3,-246,6,13,1631369.5,2
4691,k019,65,4,-246,7,12,1631398.5,2
4692,k019,65,5,-246,8,10,1631427.5,1
4693,k019,65,6,-246,9,9,1631457.5,1
4694,k019,65,7,-246,10,9,1631487.5,2
4695,k019,65,8,-246,11,8,1631517.5,2
4696,k019,65,9,-246,12,7,1631546.5,2
4697,k019,65,10,-245,1,5,1631575.5,1
4698,k019,65,11,-245,2,4,1631605.5,2
4699,k019,65,12,-245,3,6,1631635.5,2
4700,k019,66,1,-245,4,4,1631664.5,2
4701,k019,66,2,-245,5,4,1631694.5,2
4702,k019,66,3,-245,6,2,1631723.5,2
4703,k019,66,4,-245,7,2,1631753.5,2
4704,k019,66,5,-245,7,31,1631782.5,2
4705,k019,66,6,-245,8,30,1631812.5,2
4706,k019,66,7,-245,9,29,1631842.5,3
4707,k019,66,8,-245,10,28,1631871.5,2
4708,k019,66,9,-245,11,26,1631900.5,1
4709,k019,66,10,-245,12,26,1631930.5,2
4710,k019,66,11,-244,1,24,1631959.5,1
4711,k019,66,12,-244,2,23,1631989.5,2
4712,k019,66,12.5,-244,3,23,1632018.5,1
4713,k019,67,1,-244,4,22,1632048.5,2
4714,k019,67,2,-244,5,22,1632078.5,2
4715,k019,67,3,-244,6,20,1632107.5,2
4716,k019,67,4,-244,7,20,1632137.5,2
4717,k019,67,5,-244,8,19,1632167.5,3
4718,k019,67,6,-244,9,17,1632196.5,2
4719,k019,67,7,-244,10,17,1632226.5,3
4720,k019,67,8,-244,11,15,1632255.5,2
4721,k019,67,9,-244,12,14,1632284.5,2
4722,k019,67,10,-243,1,13,1632314.5,2
4723,k019,67,11,-243,2,11,1632343.5,2
4724,k019,67,12,-243,3,12,1632372.5,1
4725,k019,68,1,-243,4,11,1632402.5,1
4726,k019,68,2,-243,5,11,1632432.5,2
4727,k019,68,3,-243,6,9,1632461.5,1
4728,k019,68,4,-243,7,9,1632491.5,2
4729,k019,68,5,-243,8,8,1632521.5,2
4730,k019,68,6,-243,9,7,1632551.5,3
4731,k019,68,7,-243,10,6,1632580.5,2
4732,k019,68,8,-243,11,5,1632610.5,3
4733,k019,68,9,-243,12,4,1632639.5,2
4734,k019,68,10,-242,1,2,1632668.5,2
4735,k019,68,11,-242,2,1,1632698.5,2
4736,k019,68,12,-242,3,2,1632727.5,2
4737,k019,69,1,-242,3,31,1632756.5,1
4738,k019,69,2,-242,4,30,1632786.5,2
4739,k019,69,3,-242,5,29,1632815.5,1
4740,k019,69,4,-242,6,28,1632845.5,2
4741,k019,69,5,-242,7,28,1632875.5,2
4742,k019,69,6,-242,8,27,1632905.5,2
4743,k019,69,7,-242,9,26,1632935.5,3
4744,k019,69,8,-242,10,25,1632964.5,2
4745,k019,69,9,-242,11,24,1632994.5,3
4746,k019,69,10,-242,12,23,1633023.5,2
4747,k019,69,11,-241,1,21,1633052.5,2
4748,k019,69,12,-241,2,20,1633082.5,2
4749,k019,69,12.5,-241,3,21,1633111.5,2
4750,k019,70,1,-241,4,19,1633140.5,1
4751,k019,70,2,-241,5,19,1633170.5,2
4752,k019,70,3,-241,6,17,1633199.5,1
4753,k019,70,4,-241,7,17,1633229.5,2
4754,k019,70,5,-241,8,16,1633259.5,2
4755,k019,70,6,-241,9,15,1633289.5,3
4756,k019,70,7,-241,10,14,1633318.5,2
4757,k019,70,8,-241,11,13,1633348.5,2
4758,k019,70,9,-241,12,12,1633377.5,2
4759,k019,70,10,-240,1,11,1633407.5,2
4760,k019,70,11,-240,2,9,1633436.5,2
4761,k019,70,12,-240,3,10,1633466.5,2
4762,k019,71,1,-240,4,8,1633495.5,2
4763,k019,71,2,-240,5,7,1633524.5,1
4764,k019,71,3,-240,6,6,1633554.5,2
4765,k019,71,4,-240,7,5,1633583.5,1
4766,k019,71,5,-240,8,4,1633613.5,2
4767,k019,71,6,-240,9,3,1633643.5,2
4768,k019,71,7,-240,10,2,1633672.5,2
4769,k019,71,8,-240,11,1,1633702.5,2
4770,k019,71,9,-240,12,1,1633732.5,3
4771,k019,71,10,-240,12,30,1633761.5,2
4772,k019,71,11,-239,1,29,1633791.5,3
4773,k019,71,12,-239,2,27,1633820.5,2
4774,k019,72,1,-239,3,29,1633850.5,2
4775,k019,72,2,-239,4,27,1633879.5,2
4776,k019,72,3,-239,5,26,1633908.5,1
4777,k019,72,4,-239,6,25,1633938.5,2
4778,k019,72,5,-239,7,24,1633967.5,1
4779,k019,72,6,-239,8,23,1633997.5,2
4780,k019,72,7,-239,9,21,1634026.5,1
4781,k019,72,8,-239,10,21,1634056.5,2
4782,k019,72,9,-239,11,19,1634085.5,1
4783,k019,72,10,-239,12,19,1634115.5,2
4784,k019,72,11,-238,1,18,1634145.5,2
4785,k019,72,12,-238,2,17,1634175.5,3
4786,k019,72,12.5,-238,3,18,1634204.5,2
4787,k019,73,1,-238,4,17,1634234.5,3
4788,k019,73,2,-238,5,16,1634263.5,2
4789,k019,73,3,-238,6,14,1634292.5,2
4790,k019,73,4,-238,7,14,1634322.5,2
4791,k019,73,5,-238,8,12,1634351.5,1
4792,k019,73,6,-238,9,11,1634381.5,2
4793,k019,73,7,-238,10,10,1634410.5,1
4794,k019,73,8,-238,11,9,1634440.5,2
4795,k019,73,9,-238,12,8,1634469.5,1
4796,k019,73,10,-237,1,7,1634499.5,2
4797,k019,73,11,-237,2,6,1634529.5,2
4798,k019,73,12,-237,3,7,1634558.5,2
4799,k019,74,1,-237,4,6,1634588.5,2
4800,k019,74,2,-237,5,6,1634618.5,3
4801,k019,74,3,-237,6,4,1634647.5,2
4802,k019,74,4,-237,7,4,1634677.5,3
4803,k019,74,5,-237,8,2,1634706.5,2
4804,k019,74,6,-237,8,31,1634735.5,2
4805,k019,74,7,-237,9,30,1634765.5,2
4806,k019,74,8,-237,10,29,1634794.5,1
4807,k019,74,9,-237,11,27,1634823.5,1
4808,k019,74,10,-237,12,27,1634853.5,1
4809,k019,74,11,-236,1,26,1634883.5,2
4810,k019,74,12,-236,2,24,1634912.5,1
4811,k019,75,1,-236,3,25,1634942.5,2
4812,k019,75,2,-236,4,24,1634972.5,2
4813,k019,75,3,-236,5,23,1635001.5,2
4814,k019,75,4,-236,6,22,1635031.5,2
4815,k019,75,5,-236,7,22,1635061.5,3
4816,k019,75,6,-236,8,20,1635090.5,2
4817,k019,75,6.5,-236,9,18,1635119.5,2
4818,k019,75,7,-236,10,18,1635149.5,2
4819,k019,75,8,-236,11,16,1635178.5,2
4820,k019,75,9,-236,12,15,1635207.5,1
4821,k019,75,10,-235,1,14,1635237.5,2
4822,k019,75,11,-235,2,13,1635267.5,2
4823,k019,75,12,-235,3,14,1635296.5,1
4824,k019,76,1,-235,4,13,1635326.5,2
4825,k019,76,2,-235,5,13,1635356.5,2
4826,k019,76,3,-235,6,11,1635385.5,2
4827,k019,76,4,-235,7,11,1635415.5,2
4828,k019,76,5,-235,8,9,1635444.5,2
4829,k019,76,6,-235,9,8,1635474.5,2
4830,k019,76,7,-235,10,7,1635503.5,2
4831,k019,76,8,-235,11,6,1635533.5,2
4832,k019,76,9,-235,12,5,1635562.5,2
4833,k019,76,10,-234,1,4,1635592.5,2
4834,k019,76,11,-234,2,2,1635621.5,2
4835,k019,76,12,-234,3,3,1635650.5,1
4836,k019,77,1,-234,4,2,1635680.5,2
4837,k019,77,2,-234,5,2,1635710.5,2
4838,k019,77,3,-234,5,31,1635739.5,2
4839,k019,77,4,-234,6,30,1635769.5,2
4840,k019,77,5,-234,7,30,1635799.5,2
4841,k019,77,6,-234,8,28,1635828.5,2
4842,k019,77,7,-234,9,27,1635858.5,2
4843,k019,77,8,-234,10,26,1635887.5,2
4844,k019,77,9,-234,11,25,1635917.5,2
4845,k019,77,10,-234,12,24,1635946.5,2
4846,k019,77,11,-233,1,23,1635976.5,2
4847,k019,77,12,-233,2,21,1636005.5,2
4848,k019,77,12.5,-233,3,22,1636034.5,1
4849,k019,78,1,-233,4,21,1636064.5,2
4850,k019,78,2,-233,5,20,1636093.5,1
4851,k019,78,3,-233,6,19,1636123.5,2
4852,k019,78,4,-233,7,18,1636152.5,1
4853,k019,78,5,-233,8,17,1636182.5,2
4854,k019,78,6,-233,9,16,1636212.5,2
4855,k019,78,7,-233,10,16,1636242.5,2
4856,k019,78,8,-233,11,14,1636271.5,2
4857,k019,78,9,-233,12,14,1636301.5,2
4858,k019,78,10,-232,1,12,1636330.5,2
4859,k019,78,11,-232,2,11,1636360.5,2
4860,k019,78,12,-232,3,11,1636389.5,2
4861,k019,79,1,-232,4,9,1636418.5,1
4862,k019,79,2,-232,5,9,1636448.5,2
4863,k019,79,3,-232,6,7,1636477.5,1
4864,k019,79,4,-232,7,7,1636507.5,2
4865,k019,79,5,-232,8,5,1636536.5,1
4866,k019,79,6,-232,9,4,1636566.5,2
4867,k019,79,7,-232,10,4,1636596.5,2
4868,k019,79,8,-232,11,3,1636626.5,3
4869,k019,79,9,-232,12,2,1636655.5,2
4870,k019,79,10,-231,1,1,1636685.5,3
4871,k019,79,11,-231,1,30,1636714.5,2
4872,k019,79,12,-231,3,1,1636744.5,2
4873,k019,80,1,-231,3,30,1636773.5,2
4874,k019,80,2,-231,4,28,1636802.5,1
4875,k019,80,3,-231,5,28,1636832.5,2
4876,k019,80,4,-231,6,26,1636861.5,1
4877,k019,80,5,-231,7,25,1636890.5,1
4878,k019,80,6,-231,8,24,1636920.5,1
4879,k019,80,7,-231,9,23,1636950.5,2
4880,k019,80,8,-231,10,23,1636980.5,2
4881,k019,80,9,-231,11,21,1637009.5,2
4882,k019,80,10,-231,12,21,1637039.5,2
4883,k019,80,11,-230,1,20,1637069.5,3
4884,k019,80,12,-230,2,18,1637098.5,2
4885,k019,80,12.5,-230,3,20,1637128.5,3
4886,k019,81,1,-230,4,18,1637157.5,2
4887,k019,81,2,-230,5,17,1637186.5,2
4888,k019,81,3,-230,6,16,1637216.5,2
4889,k019,81,4,-230,7,15,1637245.5,1
4890,k019,81,5,-230,8,13,1637274.5,1
4891,k019,81,6,-230,9,12,1637304.5,1
4892,k019,81,7,-230,10,12,1637334.5,2
4893,k019,81,8,-230,11,11,1637364.5,2
4894,k019,81,9,-230,12,10,1637393.5,2
4895,k019,81,10,-229,1,9,1637423.5,2
4896,k019,81,11,-229,2,8,1637453.5,3
4897,k019,81,12,-229,3,9,1637482.5,2
4898,k019,82,1,-229,4,8,1637512.5,3
4899,k019,82,2,-229,5,7,1637541.5,2
4900,k019,82,3,-229,6,5,1637570.5,2
4901,k019,82,4,-229,7,5,1637600.5,2
4902,k019,82,5,-229,8,3,1637629.5,2
4903,k019,82,6,-229,9,1,1637658.5,1
4904,k019,82,7,-229,10,1,1637688.5,1
4905,k019,82,8,-229,10,31,1637718.5,2
4906,k019,82,9,-229,11,29,1637747.5,1
4907,k019,82,10,-229,12,29,1637777.5,2
4908,k019,82,11,-228,1,28,1637807.5,2
4909,k019,82,12,-228,2,26,1637836.5,2
4910,k019,83,1,-228,3,27,1637866.5,2
4911,k019,83,2,-228,4,25,1637895.5,2
4912,k019,83,3,-228,5,25,1637925.5,2
4913,k019,83,4,-228,6,23,1637954.5,2
4914,k019,83,5,-228,7,23,1637984.5,2
4915,k019,83,6,-228,8,21,1638013.5,2
4916,k019,83,7,-228,9,20,1638043.5,2
4917,k019,83,8,-228,10,19,1638072.5,2
4918,k019,83,9,-228,11,18,1638102.5,2
4919,k019,83,10,-228,12,17,1638131.5,2
4920,k019,83,11,-227,1,16,1638161.5,2
4921,k019,83,12,-227,2,14,1638190.5,1
4922,k019,83,12.5,-227,3,16,1638220.5,2
4923,k019,84,1,-227,4,15,1638250.5,2
4924,k019,84,2,-227,5,14,1638279.5,2
4925,k019,84,3,-227,6,13,1638309.5,2
4926,k019,84,4,-227,7,12,1638338.5,2
4927,k019,84,5,-227,8,11,1638368.5,2
4928,k019,84,6,-227,9,9,1638397.5,2
4929,k019,84,7,-227,10,9,1638427.5,2
4930,k019,84,8,-227,11,7,1638456.5,2
4931,k019,84,9,-227,12,7,1638486.5,2
4932,k019,84,10,-226,1,5,1638515.5,2
4933,k019,84,11,-226,2,3,1638544.5,1
4934,k019,84,12,-226,3,5,1638574.5,2
4935,k019,85,1,-226,4,4,1638604.5,2
4936,k019,85,2,-226,5,3,1638633.5,2
4937,k019,85,3,-226,6,2,1638663.5,2
4938,k019,85,4,-226,7,1,1638692.5,1
4939,k019,85,5,-226,7,31,1638722.5,2
4940,k019,85,6,-226,8,30,1638752.5,2
4941,k019,85,7,-226,9,29,1638782.5,3
4942,k019,85,8,-226,10,28,1638811.5,2
4943,k019,85,9,-226,11,26,1638840.5,2
4944,k019,85,10,-226,12,26,1638870.5,2
4945,k019,85,11,-225,1,24,1638899.5,2
4946,k019,85,12,-225,2,22,1638928.5,1
4947,k019,85,12.5,-225,3,24,1638958.5,2
4948,k019,86,1,-225,4,22,1638987.5,1
4949,k019,86,2,-225,5,22,1639017.5,2
4950,k019,86,3,-225,6,21,1639047.5,2
4951,k019,86,4,-225,7,20,1639076.5,2
4952,k019,86,5,-225,8,19,1639106.5,2
4953,k019,86,6,-225,9,18,1639136.5,2
4954,k019,86,7,-225,10,18,1639166.5,3
4955,k019,86,8,-225,11,16,1639195.5,2
4956,k019,86,9,-225,12,15,1639224.5,2
4957,k019,86,10,-224,1,14,1639254.5,2
4958,k019,86,11,-224,2,12,1639283.5,2
4959,k019,86,12,-224,3,12,1639312.5,1
4960,k019,87,1,-224,4,11,1639342.5,2
4961,k019,87,2,-224,5,10,1639371.5,1
4962,k019,87,3,-224,6,9,1639401.5,2
4963,k019,87,4,-224,7,8,1639430.5,1
4964,k019,87,5,-224,8,7,1639460.5,2
4965,k019,87,6,-224,9,6,1639490.5,2
4966,k019,87,7,-224,10,6,1639520.5,3
4967,k019,87,8,-224,11,5,1639550.5,3
4968,k019,87,9,-224,12,4,1639579.5,3
4969,k019,87,10,-223,1,2,1639608.5,2
4970,k019,87,11,-223,2,1,1639638.5,2
4971,k019,87,12,-223,3,2,1639667.5,2
4972,k019,88,1,-223,3,31,1639696.5,1
4973,k019,88,2,-223,4,30,1639726.5,2
4974,k019,88,3,-223,5,29,1639755.5,1
4975,k019,88,4,-223,6,28,1639785.5,2
4976,k019,88,5,-223,7,27,1639814.5,1
4977,k019,88,6,-223,8,26,1639844.5,2
4978,k019,88,7,-223,9,25,1639874.5,2
4979,k019,88,8,-223,10,25,1639904.5,3
4980,k019,88,9,-223,11,23,1639933.5,2
4981,k019,88,10,-223,12,23,1639963.5,3
4982,k019,88,11,-222,1,21,1639992.5,2
4983,k019,88,12,-222,2,20,1640022.5,3
4984,k019,88,12.5,-222,3,21,1640051.5,2
4985,k019,89,1,-222,4,19,1640080.5,2
4986,k019,89,2,-222,5,19,1640110.5,2
4987,k019,89,3,-222,6,17,1640139.5,1
4988,k019,89,4,-222,7,17,1640169.5,2
4989,k019,89,5,-222,8,15,1640198.5,1
4990,k019,89,6,-222,9,14,1640228.5,2
4991,k019,89,7,-222,10,14,1640258.5,2
4992,k019,89,8,-222,11,12,1640287.5,2
4993,k019,89,9,-222,12,12,1640317.5,2
4994,k019,89,10,-221,1,10,1640346.5,2
4995,k019,89,11,-221,2,9,1640376.5,2
4996,k019,89,12,-221,3,11,1640406.5,3
4997,k019,90,1,-221,4,9,1640435.5,2
4998,k019,90,2,-221,5,8,1640464.5,2
4999,k019,90,3,-221,6,7,1640494.5,2
5000,k019,90,4,-221,7,6,1640523.5,2
5001,k019,90,5,-221,8,5,1640553.5,2
5002,k019,90,6,-221,9,3,1640582.5,1
5003,k019,90,7,-221,10,3,1640612.5,2
5004,k019,90,8,-221,11,1,1640641.5,1
5005,k019,90,9,-221,12,1,1640671.5,2
5006,k019,90,10,-221,12,30,1640700.5,1
5007,k019,90,11,-220,1,29,1640730.5,2
5008,k019,90,12,-220,2,28,1640760.5,2
5009,k019,91,1,-220,3,28,1640789.5,2
5010,k019,91,2,-220,4,27,1640819.5,2
5011,k019,91,3,-220,5,26,1640848.5,2
5012,k019,91,4,-220,6,25,1640878.5,2
5013,k019,91,5,-220,7,24,1640907.5,2
5014,k019,91,6,-220,8,23,1640937.5,2
5015,k019,91,7,-220,9,21,1640966.5,2
5016,k019,91,8,-220,10,20,1640995.5,1
5017,k019,91,9,-220,11,19,1641025.5,2
5018,k019,91,10,-220,12,19,1641055.5,2
5019,k019,91,11,-219,1,17,1641084.5,1
5020,k019,91,12,-219,2,16,1641114.5,2
5021,k019,91,12.5,-219,3,18,1641144.5,2
5022,k019,92,1,-219,4,16,1641173.5,2
5023,k019,92,2,-219,5,16,1641203.5,2
5024,k019,92,3,-219,6,14,1641232.5,2
5025,k019,92,4,-219,7,14,1641262.5,2
5026,k019,92,5,-219,8,12,1641291.5,2
5027,k019,92,6,-219,9,11,1641321.5,2
5028,k019,92,7,-219,10,10,1641350.5,2
5029,k019,92,8,-219,11,8,1641379.5,1
5030,k019,92,9,-219,12,8,1641409.5,2
5031,k019,92,10,-218,1,6,1641438.5,1
5032,k019,92,11,-218,2,5,1641468.5,2
5033,k019,92,12,-218,3,7,1641498.5,2
5034,k019,93,1,-218,4,5,1641527.5,2
5035,k019,93,2,-218,5,5,1641557.5,2
5036,k019,93,3,-218,6,4,1641587.5,2
5037,k019,93,4,-218,7,3,1641616.5,2
5038,k019,93,5,-218,8,2,1641646.5,2
5039,k019,93,6,-218,8,31,1641675.5,2
5040,k019,93,7,-218,9,29,1641704.5,1
5041,k019,93,8,-218,10,29,1641734.5,2
5042,k019,93,9,-218,11,28,1641764.5,2
5043,k019,93,10,-218,12,27,1641793.5,2
5044,k019,93,11,-217,1,25,1641822.5,1
5045,k019,93,12,-217,2,24,1641852.5,2
5046,k019,94,1,-217,3,25,1641881.5,1
5047,k019,94,2,-217,4,24,1641911.5,2
5048,k019,94,3,-217,5,24,1641941.5,2
5049,k019,94,4,-217,6,23,1641971.5,3
5050,k019,94,5,-217,7,22,1642000.5,2
5051,k019,94,6,-217,8,21,1642030.5,2
5052,k019,94,6.5,-217,9,19,1642059.5,2
5053,k019,94,7,-217,10,19,1642089.5,2
5054,k019,94,8,-217,11,17,1642118.5,2
5055,k019,94,9,-217,12,16,1642147.5,1
5056,k019,94,10,-216,1,15,1642177.5,2
5057,k019,94,11,-216,2,13,1642206.5,1
5058,k019,94,12,-216,3,14,1642236.5,2
5059,k019,95,1,-216,4,12,1642265.5,1
5060,k019,95,2,-216,5,12,1642295.5,2
5061,k019,95,3,-216,6,11,1642325.5,2
5062,k019,95,4,-216,7,10,1642354.5,2
5063,k019,95,5,-216,8,9,1642384.5,2
5064,k019,95,6,-216,9,7,1642413.5,2
5065,k019,95,7,-216,10,7,1642443.5,2
5066,k019,95,8,-216,11,6,1642473.5,3
5067,k019,95,9,-216,12,5,1642502.5,2
5068,k019,95,10,-215,1,4,1642532.5,2
5069,k019,95,11,-215,2,2,1642561.5,2
5070,k019,95,12,-215,3,3,1642590.5,1
5071,k019,96,1,-215,4,2,1642620.5,2
5072,k019,96,2,-215,5,1,1642649.5,1
5073,k019,96,3,-215,5,31,1642679.5,2
5074,k019,96,4,-215,6,29,1642708.5,1
5075,k019,96,5,-215,7,29,1642738.5,2
5076,k019,96,6,-215,8,27,1642767.5,1
5077,k019,96,7,-215,9,26,1642797.5,2
5078,k019,96,8,-215,10,26,1642827.5,2
5079,k019,96,9,-215,11,25,1642857.5,3
5080,k019,96,10,-215,12,24,1642886.5,2
5081,k019,96,11,-214,1,23,1642916.5,3
5082,k019,96,12,-214,2,21,1642945.5,2
5083,k019,96,12.5,-214,3,22,1642974.5,2
5084,k019,97,1,-214,4,21,1643004.5,2
5085,k019,97,2,-214,5,20,1643033.5,1
5086,k019,97,3,-214,6,18,1643062.5,1
5087,k019,97,4,-214,7,18,1643092.5,1
5088,k019,97,5,-214,8,16,1643121.5,1
5089,k019,97,6,-214,9,15,1643151.5,1
5090,k019,97,7,-214,10,15,1643181.5,2
5091,k019,97,8,-214,11,14,1643211.5,2
5092,k019,97,9,-214,12,14,1643241.5,3
5093,k019,97,10,-213,1,12,1643270.5,2
5094,k019,97,11,-213,2,11,1643300.5,3
5095,k019,97,12,-213,3,12,1643329.5,2
5096,k019,98,1,-213,4,10,1643358.5,2
5097,k019,98,2,-213,5,10,1643388.5,2
5098,k019,98,3,-213,6,8,1643417.5,2
5099,k019,98,4,-213,7,7,1643446.5,1
5100,k019,98,5,-213,8,6,1643476.5,1
5101,k019,98,6,-213,9,4,1643505.5,1
5102,k019,98,7,-213,10,4,1643535.5,1
5103,k019,98,8,-213,11,3,1643565.5,2
5104,k019,98,9,-213,12,3,1643595.5,2
5105,k019,98,10,-212,1,2,1643625.5,3
5106,k019,98,11,-212,1,31,1643654.5,2
5107,k019,98,12,-212,3,1,1643684.5,3
5108,k019,99,1,-212,3,30,1643713.5,2
5109,k019,99,2,-212,4,28,1643742.5,2
5110,k019,99,3,-212,5,28,1643772.5,2
5111,k019,99,4,-212,6,26,1643801.5,2
5112,k019,99,5,-212,7,25,1643830.5,1
5113,k019,99,6,-212,8,24,1643860.5,2
5114,k019,99,7,-212,9,22,1643889.5,1
5115,k019,99,8,-212,10,22,1643919.5,2
5116,k019,99,9,-212,11,21,1643949.5,2
5117,k019,99,10,-212,12,21,1643979.5,2
5118,k019,99,11,-211,1,19,1644008.5,2
5119,k019,99,12,-211,2,18,1644038.5,2
5120,k019,99,12.5,-211,3,19,1644067.5,2
5121,k019,100,1,-211,4,18,1644097.5,2
5122,k019,100,2,-211,5,17,1644126.5,2
5123,k019,100,3,-211,6,16,1644156.5,2
5124,k019,100,4,-211,7,15,1644185.5,2
5125,k019,100,5,-211,8,13,1644214.5,1
5126,k019,100,6,-211,9,12,1644244.5,2
5127,k019,100,7,-211,10,11,1644273.5,1
5128,k019,100,8,-211,11,10,1644303.5,2
5129,k019,100,9,-211,12,10,1644333.5,2
5130,k019,100,10,-210,1,8,1644362.5,2
5131,k019,100,11,-210,2,7,1644392.5,2
5132,k019,100,12,-210,3,9,1644422.5,3
5133,k019,101,1,-210,4,7,1644451.5,2
5134,k019,101,2,-210,5,7,1644481.5,2
5135,k019,101,3,-210,6,5,1644510.5,2
5136,k019,101,4,-210,7,5,1644540.5,2
5137,k019,101,5,-210,8,3,1644569.5,2
5138,k019,101,6,-210,9,1,1644598.5,1
5139,k019,101,7,-210,10,1,1644628.5,2
5140,k019,101,8,-210,10,31,1644658.5,2
5141,k019,101,9,-210,11,29,1644687.5,2
5142,k019,101,10,-210,12,29,1644717.5,2
5143,k019,101,11,-209,1,27,1644746.5,2
5144,k019,101,12,-209,2,26,1644776.5,2
5145,k019,102,1,-209,3,27,1644805.5,2
5146,k019,102,2,-209,4,26,1644835.5,2
5147,k019,102,3,-209,5,25,1644864.5,2
5148,k019,102,4,-209,6,24,1644894.5,2
5149,k019,102,5,-209,7,23,1644923.5,1
5150,k019,102,6,-209,8,22,1644953.5,2
5151,k019,102,7,-209,9,21,1644983.5,2
5152,k019,102,8,-209,10,20,1645012.5,2
5153,k019,102,9,-209,11,19,1645042.5,2
5154,k019,102,10,-209,12,18,1645071.5,2
5155,k019,102,11,-208,1,16,1645100.5,1
5156,k019,102,12,-208,2,15,1645130.5,2
5157,k019,102,12.5,-208,3,15,1645159.5,1
5158,k019,103,1,-208,4,14,1645189.5,2
5159,k019,103,2,-208,5,13,1645218.5,1
5160,k019,103,3,-208,6,12,1645248.5,2
5161,k019,103,4,-208,7,12,1645278.5,2
5162,k019,103,5,-208,8,11,1645308.5,3
5163,k019,103,6,-208,9,9,1645337.5,2
5164,k019,103,7,-208,10,9,1645367.5,3
5165,k019,103,8,-208,11,7,1645396.5,2
5166,k019,103,9,-208,12,6,1645425.5,1
5167,k019,103,10,-207,1,5,1645455.5,2
5168,k019,103,11,-207,2,3,1645484.5,1
5169,k019,103,12,-207,3,5,1645514.5,2
5170,k019,104,1,-207,4,3,1645543.5,1
5171,k019,104,2,-207,5,3,1645573.5,2
5172,k019,104,3,-207,6,1,1645602.5,1
5173,k019,104,4,-207,7,1,1645632.5,2
5174,k019,104,5,-207,7,31,1645662.5,2
5175,k019,104,6,-207,8,30,1645692.5,3
5176,k019,104,7,-207,9,28,1645721.5,2
5177,k019,104,8,-207,10,28,1645751.5,3
5178,k019,104,9,-207,11,26,1645780.5,2
5179,k019,104,10,-207,12,26,1645810.5,3
5180,k019,104,11,-206,1,24,1645839.5,2
5181,k019,104,12,-206,2,22,1645868.5,2
5182,k019,104,12.5,-206,3,24,1645898.5,2
5183,k019,105,1,-206,4,22,1645927.5,1
5184,k019,105,2,-206,5,21,1645956.5,1
5185,k019,105,3,-206,6,20,1645986.5,1
5186,k019,105,4,-206,7,20,1646016.5,2
5187,k019,105,5,-206,8,19,1646046.5,2
5188,k019,105,6,-206,9,18,1646076.5,3
5189,k019,105,7,-206,10,17,1646105.5,2
5190,k019,105,8,-206,11,16,1646135.5,3
5191,k019,105,9,-206,12,15,1646164.5,2
5192,k019,105,10,-205,1,14,1646194.5,3
5193,k019,105,11,-205,2,12,1646223.5,2
5194,k019,105,12,-205,3,13,1646252.5,2
5195,k019,106,1,-205,4,12,1646282.5,2
5196,k019,106,2,-205,5,11,1646311.5,2
5197,k019,106,3,-205,6,9,1646340.5,1
5198,k019,106,4,-205,7,9,1646370.5,1
5199,k019,106,5,-205,8,8,1646400.5,2
5200,k019,106,6,-205,9,7,1646430.5,2
5201,k019,106,7,-205,10,6,1646459.5,2
5202,k019,106,8,-205,11,5,1646489.5,2
5203,k019,106,9,-205,12,5,1646519.5,3
5204,k019,106,10,-204,1,3,1646548.5,2
5205,k019,106,11,-204,2,1,1646577.5,2
5206,k019,106,12,-204,3,2,1646607.5,2
5207,k019,107,1,-204,3,31,1646636.5,2
5208,k019,107,2,-204,4,30,1646666.5,2
5209,k019,107,3,-204,5,29,1646695.5,2
5210,k019,107,4,-204,6,27,1646724.5,1
5211,k019,107,5,-204,7,27,1646754.5,2
5212,k019,107,6,-204,8,26,1646784.5,2
5213,k019,107,7,-204,9,24,1646813.5,2
5214,k019,107,8,-204,10,24,1646843.5,2
5215,k019,107,9,-204,11,23,1646873.5,2
5216,k019,107,10,-204,12,22,1646902.5,2
5217,k019,107,11,-203,1,21,1646932.5,2
5218,k019,107,12,-203,2,19,1646961.5,2
5219,k019,107,12.5,-203,3,21,1646991.5,2
5220,k019,108,1,-203,4,19,1647020.5,2
5221,k019,108,2,-203,5,19,1647050.5,2
5222,k019,108,3,-203,6,17,1647079.5,2
5223,k019,108,4,-203,7,17,1647109.5,2
5224,k019,108,5,-203,8,15,1647138.5,2
5225,k019,108,6,-203,9,14,1647168.5,2
5226,k019,108,7,-203,10,13,1647197.5,2
5227,k019,108,8,-203,11,12,1647227.5,2
5228,k019,108,9,-203,12,11,1647256.5,2
5229,k019,108,10,-202,1,10,1647286.5,2
5230,k019,108,11,-202,2,9,1647316.5,3
5231,k019,108,12,-202,3,10,1647345.5,2
5232,k019,109,1,-202,4,9,1647375.5,2
5233,k019,109,2,-202,5,8,1647404.5,2
5234,k019,109,3,-202,6,7,1647434.5,2
5235,k019,109,4,-202,7,6,1647463.5,2
5236,k019,109,5,-202,8,5,1647493.5,2
5237,k019,109,6,-202,9,3,1647522.5,2
5238,k019,109,7,-202,10,3,1647552.5,2
5239,k019,109,8,-202,11,1,1647581.5,2
5240,k019,109,9,-202,11,30,1647610.5,1
5241,k019,109,10,-202,12,30,1647640.5,2
5242,k019,109,11,-201,1,28,1647669.5,1
5243,k019,109,12,-201,2,27,1647699.5,2
5244,k019,110,1,-201,3,29,1647729.5,2
5245,k019,110,2,-201,4,27,1647758.5,2
5246,k019,110,3,-201,5,27,1647788.5,2
5247,k019,110,4,-201,6,26,1647818.5,2
5248,k019,110,5,-201,7,25,1647847.5,2
5249,k019,110,6,-201,8,24,1647877.5,2
5250,k019,110,7,-201,9,22,1647906.5,2
5251,k019,110,8,-201,10,21,1647935.5,1
5252,k019,110,9,-201,11,20,1647965.5,2
5253,k019,110,10,-201,12,19,1647994.5,1
5254,k019,110,11,-200,1,18,1648024.5,2
5255,k019,110,12,-200,2,16,1648053.5,1
5256,k019,110,12.5,-200,3,17,1648083.5,2
5257,k019,111,1,-200,4,16,1648113.5,2
5258,k019,111,2,-200,5,15,1648142.5,2
5259,k019,111,3,-200,6,14,1648172.5,2
5260,k019,111,4,-200,7,14,1648202.5,3
5261,k019,111,5,-200,8,12,1648231.5,2
5262,k019,111,6,-200,9,11,1648261.5,3
5263,k019,111,7,-200,10,10,1648290.5,2
5264,k019,111,8,-200,11,8,1648319.5,1
5265,k019,111,9,-200,12,8,1648349.5,2
5266,k019,111,10,-199,1,6,1648378.5,1
5267,k019,111,11,-199,2,5,1648408.5,2
5268,k019,111,12,-199,3,6,1648437.5,1
5269,k019,112,1,-199,4,5,1648467.5,2
5270,k019,112,2,-199,5,4,1648496.5,1
5271,k019,112,3,-199,6,3,1648526.5,2
5272,k019,112,4,-199,7,3,1648556.5,2
5273,k019,112,5,-199,8,2,1648586.5,3
5274,k019,112,6,-199,8,31,1648615.5,2
5275,k019,112,7,-199,9,30,1648645.5,3
5276,k019,112,8,-199,10,29,1648674.5,2
5277,k019,112,9,-199,11,27,1648703.5,2
5278,k019,112,10,-199,12,27,1648733.5,2
5279,k019,112,11,-198,1,25,1648762.5,2
5280,k019,112,12,-198,2,24,1648792.5,2
5281,k019,113,1,-198,3,25,1648821.5,1
5282,k019,113,2,-198,4,24,1648851.5,2
5283,k019,113,3,-198,5,23,1648880.5,1
5284,k019,113,4,-198,6,22,1648910.5,2
5285,k019,113,5,-198,7,22,1648940.5,2
5286,k019,113,6,-198,8,20,1648969.5,2
5287,k019,113,6.5,-198,9,19,1648999.5,2
5288,k019,113,7,-198,10,18,1649028.5,2
5289,k019,113,8,-198,11,17,1649058.5,2
5290,k019,113,9,-198,12,16,1649087.5,2
5291,k019,113,10,-197,1,15,1649117.5,2
5292,k019,113,11,-197,2,13,1649146.5,2
5293,k019,113,12,-197,3,15,1649176.5,2
5294,k019,114,1,-197,4,13,1649205.5,2
5295,k019,114,2,-197,5,12,1649234.5,1
5296,k019,114,3,-197,6,11,1649264.5,1
5297,k019,114,4,-197,7,11,1649294.5,2
5298,k019,114,5,-197,8,9,1649323.5,1
5299,k019,114,6,-197,9,8,1649353.5,2
5300,k019,114,7,-197,10,8,1649383.5,2
5301,k019,114,8,-197,11,6,1649412.5,2
5302,k019,114,9,-197,12,6,1649442.5,2
5303,k019,114,10,-196,1,4,1649471.5,2
5304,k019,114,11,-196,2,3,1649501.5,2
5305,k019,114,12,-196,3,3,1649530.5,2
5306,k019,115,1,-196,4,2,1649560.5,2
5307,k019,115,2,-196,5,1,1649589.5,2
5308,k019,115,3,-196,5,30,1649618.5,1
5309,k019,115,4,-196,6,29,1649648.5,2
5310,k019,115,5,-196,7,28,1649677.5,1
5311,k019,115,6,-196,8,27,1649707.5,2
5312,k019,115,7,-196,9,25,1649736.5,1
5313,k019,115,8,-196,10,25,1649766.5,1
5314,k019,115,9,-196,11,24,1649796.5,2
5315,k019,115,10,-196,12,24,1649826.5,2
5316,k019,115,11,-195,1,23,1649856.5,3
5317,k019,115,12,-195,2,21,1649885.5,2
5318,k019,115,12.5,-195,3,22,1649914.5,2
5319,k019,116,1,-195,4,21,1649944.5,2
5320,k019,116,2,-195,5,20,1649973.5,2
5321,k019,116,3,-195,6,18,1650002.5,1
5322,k019,116,4,-195,7,18,1650032.5,2
5323,k019,116,5,-195,8,16,1650061.5,1
5324,k019,116,6,-195,9,15,1650091.5,2
5325,k019,116,7,-195,10,14,1650120.5,1
5326,k019,116,8,-195,11,13,1650150.5,2
5327,k019,116,9,-195,12,13,1650180.5,2
5328,k019,116,10,-194,1,12,1650210.5,3
5329,k019,116,11,-194,2,10,1650239.5,2
5330,k019,116,12,-194,3,12,1650269.5,2
5331,k019,117,1,-194,4,10,1650298.5,2
5332,k019,117,2,-194,5,10,1650328.5,2
5333,k019,117,3,-194,6,8,1650357.5,2
5334,k019,117,4,-194,7,7,1650386.5,1
5335,k019,117,5,-194,8,6,1650416.5,2
5336,k019,117,6,-194,9,4,1650445.5,1
5337,k019,117,7,-194,10,4,1650475.5,2
5338,k019,117,8,-194,11,2,1650504.5,1
5339,k019,117,9,-194,12,2,1650534.5,2
5340,k019,117,10,-193,1,1,1650564.5,2
5341,k019,117,11,-193,1,31,1650594.5,3
5342,k019,117,12,-193,3,1,1650623.5,2
5343,k019,118,1,-193,3,31,1650653.5,3
5344,k019,118,2,-193,4,29,1650682.5,2
5345,k019,118,3,-193,5,29,1650712.5,2
5346,k019,118,4,-193,6,27,1650741.5,2
5347,k019,118,5,-193,7,26,1650770.5,1
5348,k019,118,6,-193,8,25,1650800.5,2
5349,k019,118,7,-193,9,23,1650829.5,1
5350,k019,118,8,-193,10,23,1650859.5,2
5351,k019,118,9,-193,11,21,1650888.5,1
5352,k019,118,10,-193,12,21,1650918.5,2
5353,k019,118,11,-192,1,20,1650948.5,2
5354,k019,118,12,-192,2,18,1650977.5,2
5355,k019,118,12.5,-192,3,19,1651007.5,2
5356,k019,119,1,-192,4,17,1651036.5,2
5357,k019,119,2,-192,5,17,1651066.5,2
5358,k019,119,3,-192,6,15,1651095.5,2
5359,k019,119,4,-192,7,15,1651125.5,2
5360,k019,119,5,-192,8,13,1651154.5,2
5361,k019,119,6,-192,9,12,1651184.5,2
5362,k019,119,7,-192,10,11,1651213.5,1
5363,k019,119,8,-192,11,10,1651243.5,2
5364,k019,119,9,-192,12,10,1651273.5,2
5365,k019,119,10,-191,1,8,1651302.5,2
5366,k019,119,11,-191,2,6,1651331.5,1
5367,k019,119,12,-191,3,8,1651361.5,2
5368,k019,120,1,-191,4,6,1651390.5,1
5369,k019,120,2,-191,5,6,1651420.5,2
5370,k019,120,3,-191,6,5,1651450.5,2
5371,k019,120,4,-191,7,4,1651479.5,2
5372,k019,120,5,-191,8,3,1651509.5,2
5373,k019,120,6,-191,9,1,1651538.5,2
5374,k019,120,7,-191,10,1,1651568.5,2
5375,k019,120,8,-191,10,31,1651598.5,3
5376,k019,120,9,-191,11,29,1651627.5,2
5377,k019,120,10,-191,12,28,1651656.5,2
5378,k019,120,11,-190,1,27,1651686.5,2
5379,k019,120,12,-190,2,25,1651715.5,1
5380,k019,121,1,-190,3,27,1651745.5,2
5381,k019,121,2,-190,4,25,1651774.5,1
5382,k019,121,3,-190,5,25,1651804.5,2
5383,k019,121,4,-190,6,23,1651833.5,1
5384,k019,121,5,-190,7,23,1651863.5,2
5385,k019,121,6,-190,8,22,1651893.5,2
5386,k019,121,7,-190,9,21,1651923.5,3
5387,k019,121,8,-190,10,20,1651952.5,2
5388,k019,121,9,-190,11,19,1651982.5,3
5389,k019,121,10,-190,12,18,1652011.5,2
5390,k019,121,11,-189,1,16,1652040.5,2
5391,k019,121,12,-189,2,15,1652070.5,2
5392,k019,121,12.5,-189,3,16,1652099.5,2
5393,k019,122,1,-189,4,14,1652128.5,1
5394,k019,122,2,-189,5,14,1652158.5,1
5395,k019,122,3,-189,6,12,1652187.5,1
5396,k019,122,4,-189,7,12,1652217.5,1
5397,k019,122,5,-189,8,11,1652247.5,2
5398,k019,122,6,-189,9,10,1652277.5,2
5399,k019,122,7,-189,10,10,1652307.5,3
5400,k019,122,8,-189,11,8,1652336.5,2
5401,k019,122,9,-189,12,8,1652366.5,3
5402,k019,122,10,-188,1,6,1652395.5,2
5403,k019,122,11,-188,2,4,1652424.5,2
5404,k019,122,12,-188,3,5,1652454.5,2
5405,k019,123,1,-188,4,3,1652483.5,2
5406,k019,123,2,-188,5,2,1652512.5,1
5407,k019,123,3,-188,6,1,1652542.5,2
5408,k019,123,4,-188,6,30,1652571.5,1
5409,k019,123,5,-188,7,30,1652601.5,2
5410,k019,123,6,-188,8,29,1652631.5,2
5411,k019,123,7,-188,9,28,1652661.5,2
5412,k019,123,8,-188,10,28,1652691.5,3
5413,k019,123,9,-188,11,26,1652720.5,2
5414,k019,123,10,-188,12,26,1652750.5,3
5415,k019,123,11,-187,1,24,1652779.5,2
5416,k019,123,12,-187,2,22,1652808.5,2
5417,k019,123,12.5,-187,3,24,1652838.5,2
5418,k019,124,1,-187,4,22,1652867.5,2
5419,k019,124,2,-187,5,21,1652896.5,1
5420,k019,124,3,-187,6,20,1652926.5,2
5421,k019,124,4,-187,7,19,1652955.5,1
5422,k019,124,5,-187,8,18,1652985.5,2
5423,k019,124,6,-187,9,17,1653015.5,2
5424,k019,124,7,-187,10,17,1653045.5,3
5425,k019,124,8,-187,11,15,1653074.5,2
5426,k019,124,9,-187,12,15,1653104.5,3
5427,k019,124,10,-186,1,13,1653133.5,2
5428,k019,124,11,-186,2,12,1653163.5,2
5429,k019,124,12,-186,3,13,1653192.5,2
5430,k019,125,1,-186,4,12,1653222.5,2
5431,k019,125,2,-186,5,11,1653251.5,2
5432,k019,125,3,-186,6,9,1653280.5,1
5433,k019,125,4,-186,7,9,1653310.5,2
5434,k019,125,5,-186,8,7,1653339.5,1
5435,k019,125,6,-186,9,6,1653369.5,2
5436,k019,125,7,-186,10,6,1653399.5,2
5437,k019,125,8,-186,11,4,1653428.5,2
5438,k019,125,9,-186,12,4,1653458.5,2
5439,k019,125,10,-185,1,2,1653487.5,2
5440,k019,125,11,-185,2,1,1653517.5,2
5441,k019,125,12,-185,3,3,1653547.5,3
5442,k019,126,1,-185,4,1,1653576.5,2
5443,k019,126,2,-185,5,1,1653606.5,3
5444,k019,126,3,-185,5,30,1653635.5,2
5445,k019,126,4,-185,6,28,1653664.5,1
5446,k019,126,5,-185,7,28,1653694.5,2
5447,k019,126,6,-185,8,26,1653723.5,1
5448,k019,126,7,-185,9,25,1653753.5,2
5449,k019,126,8,-185,10,24,1653782.5,1
5450,k019,126,9,-185,11,23,1653812.5,2
5451,k019,126,10,-185,12,22,1653841.5,1
5452,k019,126,11,-184,1,21,1653871.5,2
5453,k019,126,12,-184,2,20,1653901.5,2
5454,k019,126,12.5,-184,3,20,1653930.5,2
5455,k019,127,1,-184,4,19,1653960.5,2
5456,k019,127,2,-184,5,19,1653990.5,3
5457,k019,127,3,-184,6,17,1654019.5,2
5458,k019,127,4,-184,7,17,1654049.5,3
5459,k019,127,5,-184,8,15,1654078.5,2
5460,k019,127,6,-184,9,13,1654107.5,1
5461,k019,127,7,-184,10,13,1654137.5,2
5462,k019,127,8,-184,11,11,1654166.5,1
5463,k019,127,9,-184,12,11,1654196.5,2
5464,k019,127,10,-183,1,9,1654225.5,1
5465,k019,127,11,-183,2,8,1654255.5,2
5466,k019,127,12,-183,3,10,1654285.5,2
5467,k019,128,1,-183,4,8,1654314.5,2
5468,k019,128,2,-183,5,8,1654344.5,2
5469,k019,128,3,-183,6,7,1654374.5,3
5470,k019,128,4,-183,7,6,1654403.5,2
5471,k019,128,5,-183,8,5,1654433.5,3
5472,k019,128,6,-183,9,3,1654462.5,2
5473,k019,128,7,-183,10,2,1654491.5,2
5474,k019,128,8,-183,11,1,1654521.5,2
5475,k019,128,9,-183,11,30,1654550.5,2
5476,k019,128,10,-183,12,29,1654579.5,1
5477,k019,128,11,-182,1,28,1654609.5,1
5478,k019,128,12,-182,2,27,1654639.5,2
5479,k019,129,1,-182,3,28,1654668.5,1
5480,k019,129,2,-182,4,27,1654698.5,2
5481,k019,129,3,-182,5,27,1654728.5,2
5482,k019,129,4,-182,6,25,1654757.5,2
5483,k019,129,5,-182,7,25,1654787.5,2
5484,k019,129,6,-182,8,24,1654817.5,3
5485,k019,129,7,-182,9,22,1654846.5,2
5486,k019,129,8,-182,10,21,1654875.5,2
5487,k019,129,9,-182,11,20,1654905.5,2
5488,k019,129,10,-182,12,19,1654934.5,2
5489,k019,129,11,-181,1,17,1654963.5,1
5490,k019,129,12,-181,2,16,1654993.5,2
5491,k019,129,12.5,-181,3,17,1655022.5,1
5492,k019,130,1,-181,4,16,1655052.5,2
5493,k019,130,2,-181,5,16,1655082.5,2
5494,k019,130,3,-181,6,14,1655111.5,1
5495,k019,130,4,-181,7,14,1655141.5,2
5496,k019,130,5,-181,8,13,1655171.5,2
5497,k019,130,6,-181,9,11,1655200.5,2
5498,k019,130,7,-181,10,11,1655230.5,2
5499,k019,130,8,-181,11,9,1655259.5,2
5500,k019,130,9,-181,12,9,1655289.5,2
5501,k019,130,10,-180,1,7,1655318.5,2
5502,k019,130,11,-180,2,6,1655348.5,2
5503,k019,130,12,-180,3,6,1655377.5,2
5504,k019,131,1,-180,4,4,1655406.5,1
5505,k019,131,2,-180,5,4,1655436.5,2
5506,k019,131,3,-180,6,2,1655465.5,1
5507,k019,131,4,-180,7,2,1655495.5,2
5508,k019,131,5,-180,8,1,1655525.5,2
5509,k019,131,6,-180,8,31,1655555.5,2
5510,k019,131,7,-180,9,29,1655584.5,2
5511,k019,131,8,-180,10,29,1655614.5,2
5512,k019,131,9,-180,11,27,1655643.5,2
5513,k019,131,10,-180,12,27,1655673.5,2
5514,k019,131,11,-179,1,25,1655702.5,2
5515,k019,131,12,-179,2,24,1655732.5,2
5516,k019,132,1,-179,3,25,1655761.5,2
5517,k019,132,2,-179,4,24,1655791.5,2
5518,k019,132,3,-179,5,23,1655820.5,2
5519,k019,132,4,-179,6,21,1655849.5,1
5520,k019,132,5,-179,7,21,1655879.5,2
5521,k019,132,6,-179,8,19,1655908.5,1
5522,k019,132,6.5,-179,9,18,1655938.5,2
5523,k019,132,7,-179,10,18,1655968.5,2
5524,k019,132,8,-179,11,17,1655998.5,3
5525,k019,132,9,-179,12,16,1656027.5,2
5526,k019,132,10,-178,1,15,1656057.5,2
5527,k019,132,11,-178,2,13,1656086.5,2
5528,k019,132,12,-178,3,15,1656116.5,2
5529,k019,133,1,-178,4,13,1656145.5,2
5530,k019,133,2,-178,5,12,1656174.5,1
5531,k019,133,3,-178,6,11,1656204.5,2
5532,k019,133,4,-178,7,10,1656233.5,1
5533,k019,133,5,-178,8,9,1656263.5,2
5534,k019,133,6,-178,9,7,1656292.5,1
5535,k019,133,7,-178,10,7,1656322.5,2
5536,k019,133,8,-178,11,6,1656352.5,2
5537,k019,133,9,-178,12,5,1656381.5,2
5538,k019,133,10,-177,1,4,1656411.5,2
5539,k019,133,11,-177,2,3,1656441.5,3
5540,k019,133,12,-177,3,4,1656470.5,2
5541,k019,134,1,-177,4,3,1656500.5,3
5542,k019,134,2,-177,5,2,1656529.5,2
5543,k019,134,3,-177,5,31,1656558.5,1
5544,k019,134,4,-177,6,30,1656588.5,2
5545,k019,134,5,-177,7,29,1656617.5,1
5546,k019,134,6,-177,8,27,1656646.5,1
5547,k019,134,7,-177,9,26,1656676.5,1
5548,k019,134,8,-177,10,26,1656706.5,2
5549,k019,134,9,-177,11,24,1656735.5,1
5550,k019,134,10,-177,12,24,1656765.5,2
5551,k019,134,11,-176,1,23,1656795.5,2
5552,k019,134,12,-176,2,22,1656825.5,3
5553,k019,134,12.5,-176,3,22,1656854.5,2
5554,k019,135,1,-176,4,21,1656884.5,3
5555,k019,135,2,-176,5,20,1656913.5,2
5556,k019,135,3,-176,6,18,1656942.5,2
5557,k019,135,4,-176,7,18,1656972.5,2
5558,k019,135,5,-176,8,16,1657001.5,1
5559,k019,135,6,-176,9,14,1657030.5,1
5560,k019,135,7,-176,10,14,1657060.5,1
5561,k019,135,8,-176,11,13,1657090.5,2
5562,k019,135,9,-176,12,12,1657119.5,1
5563,k019,135,10,-175,1,11,1657149.5,2
5564,k019,135,11,-175,2,10,1657179.5,2
5565,k019,135,12,-175,3,11,1657208.5,2
5566,k019,136,1,-175,4,10,1657238.5,2
5567,k019,136,2,-175,5,10,1657268.5,3
5568,k019,136,3,-175,6,8,1657297.5,2
5569,k019,136,4,-175,7,7,1657326.5,2
5570,k019,136,5,-175,8,6,1657356.5,2
5571,k019,136,6,-175,9,4,1657385.5,2
5572,k019,136,7,-175,10,3,1657414.5,1
5573,k019,136,8,-175,11,2,1657444.5,2
5574,k019,136,9,-175,12,2,1657474.5,2
5575,k019,136,10,-175,12,31,1657503.5,1
5576,k019,136,11,-174,1,30,1657533.5,2
5577,k019,136,12,-174,2,28,1657562.5,1
5578,k019,137,1,-174,3,30,1657592.5,2
5579,k019,137,2,-174,4,29,1657622.5,2
5580,k019,137,3,-174,5,28,1657651.5,2
5581,k019,137,4,-174,6,27,1657681.5,2
5582,k019,137,5,-174,7,26,1657710.5,2
5583,k019,137,6,-174,8,25,1657740.5,2
5584,k019,137,7,-174,9,23,1657769.5,2
5585,k019,137,8,-174,10,23,1657799.5,2
5586,k019,137,9,-174,11,21,1657828.5,2
5587,k019,137,10,-174,12,21,1657858.5,2
5588,k019,137,11,-173,1,19,1657887.5,2
5589,k019,137,12,-173,2,18,1657917.5,2
5590,k019,137,12.5,-173,3,19,1657946.5,2
5591,k019,138,1,-173,4,18,1657976.5,2
5592,k019,138,2,-173,5,18,1658006.5,2
5593,k019,138,3,-173,6,16,1658035.5,2
5594,k019,138,4,-173,7,16,1658065.5,2
5595,k019,138,5,-173,8,14,1658094.5,2
5596,k019,138,6,-173,9,13,1658124.5,2
5597,k019,138,7,-173,10,12,1658153.5,2
5598,k019,138,8,-173,11,11,1658183.5,2
5599,k019,138,9,-173,12,10,1658212.5,2
5600,k019,138,10,-172,1,9,1658242.5,2
5601,k019,138,11,-172,2,7,1658271.5,2
5602,k019,138,12,-172,3,7,1658300.5,1
5603,k019,139,1,-172,4,6,1658330.5,2
5604,k019,139,2,-172,5,5,1658359.5,1
5605,k019,139,3,-172,6,4,1658389.5,2
5606,k019,139,4,-172,7,4,1658419.5,2
5607,k019,139,5,-172,8,2,1658448.5,1
5608,k019,139,6,-172,9,1,1658478.5,2
5609,k019,139,7,-172,10,1,1658508.5,2
5610,k019,139,8,-172,10,31,1658538.5,3
5611,k019,139,9,-172,11,29,1658567.5,2
5612,k019,139,10,-172,12,28,1658596.5,2
5613,k019,139,11,-171,1,27,1658626.5,2
5614,k019,139,12,-171,2,25,1658655.5,2
5615,k019,140,1,-171,3,26,1658684.5,1
5616,k019,140,2,-171,4,25,1658714.5,2
5617,k019,140,3,-171,5,24,1658743.5,1
5618,k019,140,4,-171,6,23,1658773.5,2
5619,k019,140,5,-171,7,22,1658802.5,1
5620,k019,140,6,-171,8,21,1658832.5,2
5621,k019,140,7,-171,9,20,1658862.5,2
5622,k019,140,8,-171,10,20,1658892.5,3
5623,k019,140,9,-171,11,19,1658922.5,3
5624,k019,140,10,-171,12,18,1658951.5,2
5625,k019,140,11,-170,1,16,1658980.5,2
5626,k019,140,12,-170,2,15,1659010.5,2
5627,k019,140,12.5,-170,3,16,1659039.5,2
5628,k019,141,1,-170,4,14,1659068.5,1
5629,k019,141,2,-170,5,14,1659098.5,2
5630,k019,141,3,-170,6,12,1659127.5,1
5631,k019,141,4,-170,7,12,1659157.5,2
5632,k019,141,5,-170,8,10,1659186.5,1
5633,k019,141,6,-170,9,9,1659216.5,2
5634,k019,141,7,-170,10,9,1659246.5,2
5635,k019,141,8,-170,11,8,1659276.5,3
5636,k019,141,9,-170,12,7,1659305.5,2
5637,k019,141,10,-169,1,6,1659335.5,3
5638,k019,141,11,-169,2,4,1659364.5,2
5639,k019,141,12,-169,3,6,1659394.5,3
5640,k019,142,1,-169,4,4,1659423.5,2
5641,k019,142,2,-169,5,3,1659452.5,1
5642,k019,142,3,-169,6,2,1659482.5,2
5643,k019,142,4,-169,7,1,1659511.5,1
5644,k019,142,5,-169,7,31,1659541.5,2
5645,k019,142,6,-169,8,29,1659570.5,1
5646,k019,142,7,-169,9,28,1659600.5,2
5647,k019,142,8,-169,10,28,1659630.5,2
5648,k019,142,9,-169,11,27,1659660.5,3
5649,k019,142,10,-169,12,26,1659689.5,2
5650,k019,142,11,-168,1,25,1659719.5,3
5651,k019,142,12,-168,2,23,1659748.5,2
5652,k019,142,12.5,-168,3,24,1659778.5,3
5653,k019,143,1,-168,4,22,1659807.5,2
5654,k019,143,2,-168,5,21,1659836.5,2
5655,k019,143,3,-168,6,20,1659866.5,2
5656,k019,143,4,-168,7,19,1659895.5,1
5657,k019,143,5,-168,8,18,1659925.5,2
5658,k019,143,6,-168,9,17,1659955.5,2
5659,k019,143,7,-168,10,16,1659984.5,2
5660,k019,143,8,-168,11,15,1660014.5,2
5661,k019,143,9,-168,12,14,1660043.5,2
5662,k019,143,10,-167,1,13,1660073.5,2
5663,k019,143,11,-167,2,11,1660102.5,2
5664,k019,143,12,-167,3,13,1660132.5,2
5665,k019,144,1,-167,4,11,1660161.5,2
5666,k019,144,2,-167,5,11,1660191.5,2
5667,k019,144,3,-167,6,9,1660220.5,2
5668,k019,144,4,-167,7,9,1660250.5,2
5669,k019,144,5,-167,8,7,1660279.5,2
5670,k019,144,6,-167,9,6,1660309.5,2
5671,k019,144,7,-167,10,5,1660338.5,2
5672,k019,144,8,-167,11,4,1660368.5,2
5673,k019,144,9,-167,12,3,1660397.5,1
5674,k019,144,10,-166,1,2,1660427.5,2
5675,k019,144,11,-166,2,1,1660457.5,2
5676,k019,144,12,-166,3,2,1660486.5,2
5677,k019,145,1,-166,4,1,1660516.5,2
5678,k019,145,2,-166,4,30,1660545.5,2
5679,k019,145,3,-166,5,30,1660575.5,2
5680,k019,145,4,-166,6,28,1660604.5,2
5681,k019,145,5,-166,7,28,1660634.5,2
5682,k019,145,6,-166,8,26,1660663.5,2
5683,k019,145,7,-166,9,25,1660693.5,2
5684,k019,145,8,-166,10,24,1660722.5,2
5685,k019,145,9,-166,11,22,1660751.5,1
5686,k019,145,10,-166,12,22,1660781.5,2
5687,k019,145,11,-165,1,20,1660810.5,1
5688,k019,145,12,-165,2,19,1660840.5,2
5689,k019,145,12.5,-165,3,21,1660870.5,2
5690,k019,146,1,-165,4,20,1660900.5,2
5691,k019,146,2,-165,5,19,1660929.5,2
5692,k019,146,3,-165,6,18,1660959.5,2
5693,k019,146,4,-165,7,17,1660988.5,2
5694,k019,146,5,-165,8,16,1661018.5,2
5695,k019,146,6,-165,9,14,1661047.5,2
5696,k019,146,7,-165,10,14,1661077.5,2
5697,k019,146,8,-165,11,12,1661106.5,2
5698,k019,146,9,-165,12,11,1661135.5,1
5699,k019,146,10,-164,1,10,1661165.5,2
5700,k019,146,11,-164,2,8,1661194.5,1
5701,k019,146,12,-164,3,9,1661224.5,2
5702,k019,147,1,-164,4,8,1661254.5,2
5703,k019,147,2,-164,5,7,1661283.5,2
5704,k019,147,3,-164,6,6,1661313.5,2
5705,k019,147,4,-164,7,6,1661343.5,2
5706,k019,147,5,-164,8,4,1661372.5,2
5707,k019,147,6,-164,9,3,1661402.5,2
5708,k019,147,7,-164,10,2,1661431.5,2
5709,k019,147,8,-164,10,31,1661460.5,1
5710,k019,147,9,-164,11,30,1661490.5,2
5711,k019,147,10,-164,12,29,1661519.5,1
5712,k019,147,11,-163,1,28,1661549.5,2
5713,k019,147,12,-163,2,26,1661578.5,1
5714,k019,148,1,-163,3,28,1661608.5,2
5715,k019,148,2,-163,4,26,1661637.5,1
5716,k019,148,3,-163,5,26,1661667.5,2
5717,k019,148,4,-163,6,25,1661697.5,2
5718,k019,148,5,-163,7,25,1661727.5,3
5719,k019,148,6,-163,8,23,1661756.5,2
5720,k019,148,7,-163,9,22,1661786.5,3
5721,k019,148,8,-163,10,21,1661815.5,2
5722,k019,148,9,-163,11,20,1661845.5,2
5723,k019,148,10,-163,12,19,1661874.5,2
5724,k019,148,11,-162,1,17,1661903.5,1
5725,k019,148,12,-162,2,16,1661933.5,2
5726,k019,148,12.5,-162,3,17,1661962.5,1
5727,k019,149,1,-162,4,16,1661992.5,2
5728,k019,149,2,-162,5,15,1662021.5,1
5729,k019,149,3,-162,6,14,1662051.5,2
5730,k019,149,4,-162,7,13,1662080.5,1
5731,k019,149,5,-162,8,12,1662110.5,2
5732,k019,149,6,-162,9,11,1662140.5,2
5733,k019,149,7,-162,10,10,1662169.5,2
5734,k019,149,8,-162,11,9,1662199.5,2
5735,k019,149,9,-162,12,9,1662229.5,3
5736,k019,149,10,-161,1,7,1662258.5,2
5737,k019,149,11,-161,2,6,1662288.5,3
5738,k019,149,12,-161,3,7,1662317.5,2
5739,k019,150,1,-161,4,5,1662346.5,1
5740,k019,150,2,-161,5,5,1662376.5,2
5741,k019,150,3,-161,6,3,1662405.5,1
5742,k019,150,4,-161,7,3,1662435.5,2
5743,k019,150,5,-161,8,1,1662464.5,1
5744,k019,150,6,-161,8,31,1662494.5,2
5745,k019,150,7,-161,9,29,1662523.5,1
5746,k019,150,8,-161,10,29,1662553.5,2
5747,k019,150,9,-161,11,28,1662583.5,2
5748,k019,150,10,-161,12,28,1662613.5,3
5749,k019,150,11,-160,1,26,1662642.5,2
5750,k019,150,12,-160,2,25,1662672.5,3
5751,k019,151,1,-160,3,25,1662701.5,2
5752,k019,151,2,-160,4,23,1662730.5,2
5753,k019,151,3,-160,5,23,1662760.5,2
5754,k019,151,4,-160,6,21,1662789.5,1
5755,k019,151,5,-160,7,20,1662818.5,1
5756,k019,151,6,-160,8,19,1662848.5,1
5757,k019,151,6.5,-160,9,18,1662878.5,2
5758,k019,151,7,-160,10,17,1662907.5,1
5759,k019,151,8,-160,11,16,1662937.5,2
5760,k019,151,9,-160,12,16,1662967.5,2
5761,k019,151,10,-159,1,15,1662997.5,3
5762,k019,151,11,-159,2,13,1663026.5,2
5763,k019,151,12,-159,3,15,1663056.5,3
5764,k019,152,1,-159,4,13,1663085.5,2
5765,k019,152,2,-159,5,12,1663114.5,2
5766,k019,152,3,-159,6,11,1663144.5,2
5767,k019,152,4,-159,7,10,1663173.5,2
5768,k019,152,5,-159,8,8,1663202.5,1
5769,k019,152,6,-159,9,7,1663232.5,2
5770,k019,152,7,-159,10,6,1663261.5,1
5771,k019,152,8,-159,11,5,1663291.5,1
5772,k019,152,9,-159,12,5,1663321.5,2
5773,k019,152,10,-158,1,4,1663351.5,2
5774,k019,152,11,-158,2,2,1663380.5,2
5775,k019,152,12,-158,3,4,1663410.5,2
5776,k019,153,1,-158,4,3,1663440.5,3
5777,k019,153,2,-158,5,2,1663469.5,2
5778,k019,153,3,-158,5,31,1663498.5,2
5779,k019,153,4,-158,6,30,1663528.5,2
5780,k019,153,5,-158,7,29,1663557.5,2
5781,k019,153,6,-158,8,27,1663586.5,1
5782,k019,153,7,-158,9,26,1663616.5,2
5783,k019,153,8,-158,10,25,1663645.5,1
5784,k019,153,9,-158,11,24,1663675.5,2
5785,k019,153,10,-158,12,24,1663705.5,2
5786,k019,153,11,-157,1,22,1663734.5,2
5787,k019,153,12,-157,2,21,1663764.5,2
5788,k019,153,12.5,-157,3,23,1663794.5,2
5789,k019,154,1,-157,4,21,1663823.5,2
5790,k019,154,2,-157,5,21,1663853.5,2
5791,k019,154,3,-157,6,19,1663882.5,2
5792,k019,154,4,-157,7,19,1663912.5,2
5793,k019,154,5,-157,8,17,1663941.5,2
5794,k019,154,6,-157,9,15,1663970.5,1
5795,k019,154,7,-157,10,15,1664000.5,2
5796,k019,154,8,-157,11,13,1664029.5,1
5797,k019,154,9,-157,12,13,1664059.5,2
5798,k019,154,10,-156,1,12,1664089.5,2
5799,k019,154,11,-156,2,10,1664118.5,2
5800,k019,154,12,-156,3,11,1664148.5,2
5801,k019,155,1,-156,4,9,1664177.5,2
5802,k019,155,2,-156,5,9,1664207.5,2
5803,k019,155,3,-156,6,8,1664237.5,2
5804,k019,155,4,-156,7,7,1664266.5,2
5805,k019,155,5,-156,8,5,1664295.5,1
5806,k019,155,6,-156,9,4,1664325.5,2
5807,k019,155,7,-156,10,4,1664355.5,2
5808,k019,155,8,-156,11,2,1664384.5,2
5809,k019,155,9,-156,12,2,1664414.5,2
5810,k019,155,10,-156,12,31,1664443.5,2
5811,k019,155,11,-155,1,29,1664472.5,1
5812,k019,155,12,-155,2,28,1664502.5,2
5813,k019,156,1,-155,3,29,1664531.5,1
5814,k019,156,2,-155,4,28,1664561.5,2
5815,k019,156,3,-155,5,28,1664591.5,2
5816,k019,156,4,-155,6,26,1664620.5,2
5817,k019,156,5,-155,7,26,1664650.5,2
5818,k019,156,6,-155,8,24,1664679.5,2
5819,k019,156,7,-155,9,23,1664709.5,2
5820,k019,156,8,-155,10,23,1664739.5,2
5821,k019,156,9,-155,11,21,1664768.5,2
5822,k019,156,10,-155,12,21,1664798.5,2
5823,k019,156,11,-154,1,19,1664827.5,2
5824,k019,156,12,-154,2,17,1664856.5,1
5825,k019,156,12.5,-154,3,19,1664886.5,2
5826,k019,157,1,-154,4,17,1664915.5,1
5827,k019,157,2,-154,5,17,1664945.5,2
5828,k019,157,3,-154,6,15,1664974.5,1
5829,k019,157,4,-154,7,15,1665004.5,2
5830,k019,157,5,-154,8,14,1665034.5,2
5831,k019,157,6,-154,9,13,1665064.5,3
5832,k019,157,7,-154,10,12,1665093.5,2
5833,k019,157,8,-154,11,11,1665123.5,3
5834,k019,157,9,-154,12,10,1665152.5,2
5835,k019,157,10,-153,1,9,1665182.5,3
5836,k019,157,11,-153,2,7,1665211.5,2
5837,k019,157,12,-153,3,8,1665240.5,1
5838,k019,158,1,-153,4,7,1665270.5,2
5839,k019,158,2,-153,5,6,1665299.5,1
5840,k019,158,3,-153,6,4,1665328.5,1
5841,k019,158,4,-153,7,4,1665358.5,1
5842,k019,158,5,-153,8,3,1665388.5,2
5843,k019,158,6,-153,9,2,1665418.5,2
5844,k019,158,7,-153,10,2,1665448.5,3
5845,k019,158,8,-153,10,31,1665477.5,2
5846,k019,158,9,-153,11,30,1665507.5,3
5847,k019,158,10,-153,12,29,1665536.5,2
5848,k019,158,11,-152,1,28,1665566.5,3
5849,k019,158,12,-152,2,26,1665595.5,2
5850,k019,159,1,-152,3,26,1665624.5,2
5851,k019,159,2,-152,4,25,1665654.5,2
5852,k019,159,3,-152,5,24,1665683.5,1
5853,k019,159,4,-152,6,22,1665712.5,1
5854,k019,159,5,-152,7,22,1665742.5,1
5855,k019,159,6,-152,8,21,1665772.5,2
5856,k019,159,7,-152,9,20,1665802.5,2
5857,k019,159,8,-152,10,19,1665831.5,2
5858,k019,159,9,-152,11,18,1665861.5,2
5859,k019,159,10,-152,12,18,1665891.5,3
5860,k019,159,11,-151,1,16,1665920.5,2
5861,k019,159,12,-151,2,15,1665950.5,3
5862,k019,159,12.5,-151,3,16,1665979.5,2
5863,k019,160,1,-151,4,14,1666008.5,2
5864,k019,160,2,-151,5,14,1666038.5,2
5865,k019,160,3,-151,6,12,1666067.5,2
5866,k019,160,4,-151,7,11,1666096.5,1
5867,k019,160,5,-151,8,10,1666126.5,2
5868,k019,160,6,-151,9,9,1666156.5,2
5869,k019,160,7,-151,10,9,1666186.5,2
5870,k019,160,8,-151,11,7,1666215.5,2
5871,k019,160,9,-151,12,7,1666245.5,2
5872,k019,160,10,-150,1,5,1666274.5,2
5873,k019,160,11,-150,2,4,1666304.5,2
5874,k019,160,12,-150,3,5,1666333.5,2
5875,k019,161,1,-150,4,4,1666363.5,2
5876,k019,161,2,-150,5,3,1666392.5,2
5877,k019,161,3,-150,6,2,1666422.5,2
5878,k019,161,4,-150,7,1,1666451.5,2
5879,k019,161,5,-150,7,31,1666481.5,2
5880,k019,161,6,-150,8,29,1666510.5,2
5881,k019,161,7,-150,9,28,1666540.5,2
5882,k019,161,8,-150,10,27,1666569.5,2
5883,k019,161,9,-150,11,26,1666599.5,2
5884,k019,161,10,-150,12,25,1666628.5,2
5885,k019,161,11,-149,1,24,1666658.5,2
5886,k019,161,12,-149,2,23,1666688.5,2
5887,k019,161,12.5,-149,3,24,1666717.5,2
5888,k019,162,1,-149,4,23,1666747.5,2
5889,k019,162,2,-149,5,22,1666776.5,2
5890,k019,162,3,-149,6,21,1666806.5,2
5891,k019,162,4,-149,7,20,1666835.5,2
5892,k019,162,5,-149,8,19,1666865.5,2
5893,k019,162,6,-149,9,17,1666894.5,2
5894,k019,162,7,-149,10,17,1666924.5,2
5895,k019,162,8,-149,11,15,1666953.5,2
5896,k019,162,9,-149,12,14,1666982.5,1
5897,k019,162,10,-148,1,13,1667012.5,2
5898,k019,162,11,-148,2,12,1667042.5,2
5899,k019,162,12,-148,3,12,1667071.5,2
5900,k019,163,1,-148,4,11,1667101.5,2
5901,k019,163,2,-148,5,11,1667131.5,2
5902,k019,163,3,-148,6,9,1667160.5,2
5903,k019,163,4,-148,7,9,1667190.5,2
5904,k019,163,5,-148,8,7,1667219.5,2
5905,k019,163,6,-148,9,6,1667249.5,2
5906,k019,163,7,-148,10,5,1667278.5,2
5907,k019,163,8,-148,11,4,1667308.5,2
5908,k019,163,9,-148,12,3,1667337.5,2
5909,k019,163,10,-147,1,1,1667366.5,1
5910,k019,163,11,-147,1,31,1667396.5,2
5911,k019,163,12,-147,3,1,1667425.5,1
5912,k019,164,1,-147,3,31,1667455.5,2
5913,k019,164,2,-147,4,29,1667484.5,1
5914,k019,164,3,-147,5,29,1667514.5,2
5915,k019,164,4,-147,6,28,1667544.5,2
5916,k019,164,5,-147,7,28,1667574.5,3
5917,k019,164,6,-147,8,26,1667603.5,2
5918,k019,164,7,-147,9,25,1667633.5,2
5919,k019,164,8,-147,10,24,1667662.5,2
5920,k019,164,9,-147,11,22,1667691.5,1
5921,k019,164,10,-147,12,22,1667721.5,2
5922,k019,164,11,-146,1,20,1667750.5,1
5923,k019,164,12,-146,2,19,1667780.5,2
5924,k019,164,12.5,-146,3,20,1667809.5,1
5925,k019,165,1,-146,4,19,1667839.5,2
5926,k019,165,2,-146,5,19,1667869.5,2
5927,k019,165,3,-146,6,17,1667898.5,2
5928,k019,165,4,-146,7,17,1667928.5,2
5929,k019,165,5,-146,8,16,1667958.5,3
5930,k019,165,6,-146,9,14,1667987.5,2
5931,k019,165,7,-146,10,14,1668017.5,3
5932,k019,165,8,-146,11,12,1668046.5,2
5933,k019,165,9,-146,12,11,1668075.5,2
5934,k019,165,10,-145,1,10,1668105.5,2
5935,k019,165,11,-145,2,8,1668134.5,1
5936,k019,165,12,-145,3,10,1668164.5,2
5937,k019,166,1,-145,4,8,1668193.5,1
5938,k019,166,2,-145,5,8,1668223.5,2
5939,k019,166,3,-145,6,6,1668252.5,1
5940,k019,166,4,-145,7,6,1668282.5,2
5941,k019,166,5,-145,8,5,1668312.5,2
5942,k019,166,6,-145,9,4,1668342.5,3
5943,k019,166,7,-145,10,3,1668371.5,2
5944,k019,166,8,-145,11,2,1668401.5,3
5945,k019,166,9,-145,12,1,1668430.5,2
5946,k019,166,10,-145,12,30,1668459.5,2
5947,k019,166,11,-144,1,29,1668489.5,2
5948,k019,166,12,-144,2,27,1668518.5,2
5949,k019,167,1,-144,3,28,1668548.5,2
5950,k019,167,2,-144,4,26,1668577.5,1
5951,k019,167,3,-144,5,25,1668606.5,1
5952,k019,167,4,-144,6,24,1668636.5,1
5953,k019,167,5,-144,7,24,1668666.5,2
5954,k019,167,6,-144,8,23,1668696.5,2
5955,k019,167,7,-144,9,21,1668725.5,2
5956,k019,167,8,-144,10,21,1668755.5,2
5957,k019,167,9,-144,11,19,1668784.5,2
5958,k019,167,10,-144,12,19,1668814.5,2
5959,k019,167,11,-143,1,17,1668843.5,2
5960,k019,167,12,-143,2,16,1668873.5,2
5961,k019,167,12.5,-143,3,17,1668902.5,2
5962,k019,168,1,-143,4,16,1668932.5,2
5963,k019,168,2,-143,5,15,1668961.5,2
5964,k019,168,3,-143,6,13,1668990.5,1
5965,k019,168,4,-143,7,13,1669020.5,2
5966,k019,168,5,-143,8,12,1669050.5,2
5967,k019,168,6,-143,9,10,1669079.5,1
5968,k019,168,7,-143,10,10,1669109.5,2
5969,k019,168,8,-143,11,8,1669138.5,1
5970,k019,168,9,-143,12,8,1669168.5,2
5971,k019,168,10,-142,1,7,1669198.5,2
5972,k019,168,11,-142,2,6,1669228.5,3
5973,k019,168,12,-142,3,7,1669257.5,2
5974,k019,169,1,-142,4,5,1669286.5,2
5975,k019,169,2,-142,5,5,1669316.5,2
5976,k019,169,3,-142,6,3,1669345.5,2
5977,k019,169,4,-142,7,2,1669374.5,1
5978,k019,169,5,-142,8,1,1669404.5,2
5979,k019,169,6,-142,8,30,1669433.5,1
5980,k019,169,7,-142,9,29,1669463.5,2
5981,k019,169,8,-142,10,28,1669492.5,1
5982,k019,169,9,-142,11,27,1669522.5,2
5983,k019,169,10,-142,12,27,1669552.5,2
5984,k019,169,11,-141,1,26,1669582.5,2
5985,k019,169,12,-141,2,24,1669611.5,2
5986,k019,170,1,-141,3,26,1669641.5,2
5987,k019,170,2,-141,4,24,1669670.5,2
5988,k019,170,3,-141,5,24,1669700.5,2
5989,k019,170,4,-141,6,22,1669729.5,2
5990,k019,170,5,-141,7,21,1669758.5,1
5991,k019,170,6,-141,8,20,1669788.5,2
5992,k019,170,6.5,-141,9,18,1669817.5,1
5993,k019,170,7,-141,10,18,1669847.5,2
5994,k019,170,8,-141,11,16,1669876.5,1
5995,k019,170,9,-141,12,16,1669906.5,2
5996,k019,170,10,-140,1,15,1669936.5,2
5997,k019,170,11,-140,2,14,1669966.5,3
5998,k019,170,12,-140,3,14,1669995.5,2
5999,k019,171,1,-140,4,13,1670025.5,2
6000,k019,171,2,-140,5,12,1670054.5,2
6001,k019,171,3,-140,6,11,1670084.5,2
6002,k019,171,4,-140,7,10,1670113.5,2
6003,k019,171,5,-140,8,8,1670142.5,1
6004,k019,171,6,-140,9,7,1670172.5,2
6005,k019,171,7,-140,10,6,1670201.5,1
6006,k019,171,8,-140,11,5,1670231.5,2
6007,k019,171,9,-140,12,4,1670260.5,1
6008,k019,171,10,-139,1,3,1670290.5,2
6009,k019,171,11,-139,2,2,1670320.5,2
6010,k019,171,12,-139,3,3,1670349.5,2
6011,k019,172,1,-139,4,2,1670379.5,2
6012,k019,172,2,-139,5,2,1670409.5,3
6013,k019,172,3,-139,5,31,1670438.5,2
6014,k019,172,4,-139,6,30,1670468.5,3
6015,k019,172,5,-139,7,29,1670497.5,2
6016,k019,172,6,-139,8,27,1670526.5,1
6017,k019,172,7,-139,9,26,1670556.5,2
6018,k019,172,8,-139,10,25,1670585.5,1
6019,k019,172,9,-139,11,24,1670615.5,2
6020,k019,172,10,-139,12,23,1670644.5,1
6021,k019,172,11,-138,1,22,1670674.5,2
6022,k019,172,12,-138,2,20,1670703.5,1
6023,k019,172,12.5,-138,3,22,1670733.5,2
6024,k019,173,1,-138,4,21,1670763.5,2
6025,k019,173,2,-138,5,20,1670792.5,2
6026,k019,173,3,-138,6,19,1670822.5,2
6027,k019,173,4,-138,7,18,1670851.5,2
6028,k019,173,5,-138,8,17,1670881.5,2
6029,k019,173,6,-138,9,15,1670910.5,2
6030,k019,173,7,-138,10,15,1670940.5,2
6031,k019,173,8,-138,11,13,1670969.5,2
6032,k019,173,9,-138,12,13,1670999.5,2
6033,k019,173,10,-137,1,11,1671028.5,1
6034,k019,173,11,-137,2,10,1671058.5,2
6035,k019,173,12,-137,3,11,1671087.5,1
6036,k019,174,1,-137,4,10,1671117.5,2
6037,k019,174,2,-137,5,9,1671146.5,1
6038,k019,174,3,-137,6,8,1671176.5,2
6039,k019,174,4,-137,7,8,1671206.5,2
6040,k019,174,5,-137,8,6,1671235.5,2
6041,k019,174,6,-137,9,5,1671265.5,2
6042,k019,174,7,-137,10,5,1671295.5,3
6043,k019,174,8,-137,11,3,1671324.5,2
6044,k019,174,9,-137,12,3,1671354.5,3
6045,k019,174,10,-136,1,1,1671383.5,2
6046,k019,174,11,-136,1,30,1671412.5,2
6047,k019,174,12,-136,2,29,1671442.5,2
6048,k019,175,1,-136,3,29,1671471.5,1
6049,k019,175,2,-136,4,27,1671500.5,1
6050,k019,175,3,-136,5,27,1671530.5,1
6051,k019,175,4,-136,6,26,1671560.5,2
6052,k019,175,5,-136,7,25,1671589.5,1
6053,k019,175,6,-136,8,24,1671619.5,2
6054,k019,175,7,-136,9,23,1671649.5,2
6055,k019,175,8,-136,10,23,1671679.5,3
6056,k019,175,9,-136,11,21,1671708.5,2
6057,k019,175,10,-136,12,20,1671737.5,2
6058,k019,175,11,-135,1,19,1671767.5,2
6059,k019,175,12,-135,2,17,1671796.5,2
6060,k019,175,12.5,-135,3,19,1671826.5,2
6061,k019,176,1,-135,4,17,1671855.5,2
6062,k019,176,2,-135,5,16,1671884.5,1
6063,k019,176,3,-135,6,15,1671914.5,2
6064,k019,176,4,-135,7,14,1671943.5,1
6065,k019,176,5,-135,8,13,1671973.5,1
6066,k019,176,6,-135,9,12,1672003.5,2
6067,k019,176,7,-135,10,12,1672033.5,2
6068,k019,176,8,-135,11,11,1672063.5,3
6069,k019,176,9,-135,12,10,1672092.5,2
6070,k019,176,10,-134,1,9,1672122.5,3
6071,k019,176,11,-134,2,7,1672151.5,2
6072,k019,176,12,-134,3,8,1672180.5,2
6073,k019,177,1,-134,4,7,1672210.5,2
6074,k019,177,2,-134,5,6,1672239.5,2
6075,k019,177,3,-134,6,4,1672268.5,1
6076,k019,177,4,-134,7,4,1672298.5,2
6077,k019,177,5,-134,8,2,1672327.5,1
6078,k019,177,6,-134,9,1,1672357.5,2
6079,k019,177,7,-134,10,1,1672387.5,2
6080,k019,177,8,-134,10,31,1672417.5,3
6081,k019,177,9,-134,11,30,1672447.5,3
6082,k019,177,10,-134,12,29,1672476.5,2
6083,k019,177,11,-133,1,27,1672505.5,2
6084,k019,177,12,-133,2,26,1672535.5,2
6085,k019,178,1,-133,3,27,1672564.5,2
6086,k019,178,2,-133,4,25,1672593.5,1
6087,k019,178,3,-133,5,25,1672623.5,2
6088,k019,178,4,-133,6,23,1672652.5,1
6089,k019,178,5,-133,7,23,1672682.5,2
6090,k019,178,6,-133,8,21,1672711.5,1
6091,k019,178,7,-133,9,20,1672741.5,2
6092,k019,178,8,-133,10,20,1672771.5,2
6093,k019,178,9,-133,11,19,1672801.5,3
6094,k019,178,10,-133,12,18,1672830.5,2
6095,k019,178,11,-132,1,17,1672860.5,3
6096,k019,178,12,-132,2,15,1672889.5,2
6097,k019,178,12.5,-132,3,16,1672919.5,2
6098,k019,179,1,-132,4,14,1672948.5,2
6099,k019,179,2,-132,5,14,1672978.5,2
6100,k019,179,3,-132,6,12,1673007.5,2
6101,k019,179,4,-132,7,11,1673036.5,1
6102,k019,179,5,-132,8,10,1673066.5,2
6103,k019,179,6,-132,9,8,1673095.5,1
6104,k019,179,7,-132,10,8,1673125.5,2
6105,k019,179,8,-132,11,7,1673155.5,2
6106,k019,179,9,-132,12,6,1673184.5,2
6107,k019,179,10,-131,1,5,1673214.5,2
6108,k019,179,11,-131,2,3,1673243.5,2
6109,k019,179,12,-131,3,5,1673273.5,2
6110,k019,180,1,-131,4,4,1673303.5,3
6111,k019,180,2,-131,5,3,1673332.5,2
6112,k019,180,3,-131,6,2,1673362.5,3
6113,k019,180,4,-131,7,1,1673391.5,2
6114,k019,180,5,-131,7,31,1673421.5,2
6115,k019,180,6,-131,8,29,1673450.5,2
6116,k019,180,7,-131,9,28,1673480.5,2
6117,k019,180,8,-131,10,27,1673509.5,2
6118,k019,180,9,-131,11,25,1673538.5,1
6119,k019,180,10,-131,12,25,1673568.5,2
6120,k019,180,11,-130,1,23,1673597.5,1
6121,k019,180,12,-130,2,22,1673627.5,2
6122,k019,180,12.5,-130,3,24,1673657.5,2
6123,k019,181,1,-130,4,22,1673686.5,2
6124,k019,181,2,-130,5,22,1673716.5,2
6125,k019,181,3,-130,6,21,1673746.5,3
6126,k019,181,4,-130,7,20,1673775.5,2
6127,k019,181,5,-130,8,19,1673805.5,3
6128,k019,181,6,-130,9,17,1673834.5,2
6129,k019,181,7,-130,10,17,1673864.5,3
6130,k019,181,8,-130,11,15,1673893.5,2
6131,k019,181,9,-130,12,14,1673922.5,1
6132,k019,181,10,-129,1,13,1673952.5,2
6133,k019,181,11,-129,2,11,1673981.5,1
6134,k019,181,12,-129,3,13,1674011.5,2
6135,k019,182,1,-129,4,11,1674040.5,1
6136,k019,182,2,-129,5,11,1674070.5,2
6137,k019,182,3,-129,6,10,1674100.5,2
6138,k019,182,4,-129,7,10,1674130.5,3
6139,k019,182,5,-129,8,8,1674159.5,2
6140,k019,182,6,-129,9,7,1674189.5,3
6141,k019,182,7,-129,10,6,1674218.5,2
6142,k019,182,8,-129,11,5,1674248.5,3
6143,k019,182,9,-129,12,4,1674277.5,2
6144,k019,182,10,-128,1,2,1674306.5,2
6145,k019,182,11,-128,1,31,1674335.5,1
6146,k019,182,12,-128,3,1,1674365.5,1
6147,k019,183,1,-128,3,31,1674395.5,2
6148,k019,183,2,-128,4,29,1674424.5,1
6149,k019,183,3,-128,5,29,1674454.5,2
6150,k019,183,4,-128,6,28,1674484.5,2
6151,k019,183,5,-128,7,27,1674513.5,2
6152,k019,183,6,-128,8,26,1674543.5,2
6153,k019,183,7,-128,9,25,1674573.5,3
6154,k019,183,8,-128,10,24,1674602.5,2
6155,k019,183,9,-128,11,22,1674631.5,2
6156,k019,183,10,-128,12,22,1674661.5,2
6157,k019,183,11,-127,1,20,1674690.5,2
6158,k019,183,12,-127,2,18,1674719.5,1
6159,k019,183,12.5,-127,3,20,1674749.5,2
6160,k019,184,1,-127,4,18,1674778.5,1
6161,k019,184,2,-127,5,18,1674808.5,2
6162,k019,184,3,-127,6,17,1674838.5,2
6163,k019,184,4,-127,7,16,1674867.5,1
6164,k019,184,5,-127,8,15,1674897.5,2
6165,k019,184,6,-127,9,14,1674927.5,2
6166,k019,184,7,-127,10,13,1674956.5,2
6167,k019,184,8,-127,11,12,1674986.5,2
6168,k019,184,9,-127,12,11,1675015.5,2
6169,k019,184,10,-126,1,10,1675045.5,2
6170,k019,184,11,-126,2,8,1675074.5,2
6171,k019,184,12,-126,3,10,1675104.5,2
6172,k019,185,1,-126,4,8,1675133.5,2
6173,k019,185,2,-126,5,7,1675162.5,1
6174,k019,185,3,-126,6,6,1675192.5,2
6175,k019,185,4,-126,7,5,1675221.5,1
6176,k019,185,5,-126,8,4,1675251.5,2
6177,k019,185,6,-126,9,3,1675281.5,2
6178,k019,185,7,-126,10,3,1675311.5,3
6179,k019,185,8,-126,11,1,1675340.5,2
6180,k019,185,9,-126,12,1,1675370.5,2
6181,k019,185,10,-126,12,30,1675399.5,2
6182,k019,185,11,-125,1,29,1675429.5,2
6183,k019,185,12,-125,2,27,1675458.5,2
6184,k019,186,1,-125,3,29,1675488.5,2
6185,k019,186,2,-125,4,27,1675517.5,2
6186,k019,186,3,-125,5,26,1675546.5,1
6187,k019,186,4,-125,6,25,1675576.5,2
6188,k019,186,5,-125,7,24,1675605.5,1
6189,k019,186,6,-125,8,23,1675635.5,2
6190,k019,186,7,-125,9,21,1675664.5,1
6191,k019,186,8,-125,10,21,1675694.5,2
6192,k019,186,9,-125,11,20,1675724.5,2
6193,k019,186,10,-125,12,20,1675754.5,3
6194,k019,186,11,-124,1,18,1675783.5,2
6195,k019,186,12,-124,2,17,1675813.5,2
6196,k019,186,12.5,-124,3,17,1675842.5,2
6197,k019,187,1,-124,4,16,1675872.5,2
6198,k019,187,2,-124,5,15,1675901.5,2
6199,k019,187,3,-124,6,13,1675930.5,1
6200,k019,187,4,-124,7,13,1675960.5,2
6201,k019,187,5,-124,8,11,1675989.5,1
6202,k019,187,6,-124,9,10,1676019.5,2
6203,k019,187,7,-124,10,9,1676048.5,1
6204,k019,187,8,-124,11,8,1676078.5,2
6205,k019,187,9,-124,12,8,1676108.5,2
6206,k019,187,10,-123,1,6,1676137.5,2
6207,k019,187,11,-123,2,5,1676167.5,2
6208,k019,187,12,-123,3,7,1676197.5,3
6209,k019,188,1,-123,4,5,1676226.5,2
6210,k019,188,2,-123,5,5,1676256.5,3
6211,k019,188,3,-123,6,3,1676285.5,2
6212,k019,188,4,-123,7,2,1676314.5,1
6213,k019,188,5,-123,8,1,1676344.5,2
6214,k019,188,6,-123,8,30,1676373.5,1
6215,k019,188,7,-123,9,28,1676402.5,1
6216,k019,188,8,-123,10,28,1676432.5,1
6217,k019,188,9,-123,11,27,1676462.5,2
6218,k019,188,10,-123,12,26,1676491.5,1
6219,k019,188,11,-122,1,25,1676521.5,2
6220,k019,188,12,-122,2,24,1676551.5,2
6221,k019,189,1,-122,3,26,1676581.5,3
6222,k019,189,2,-122,4,24,1676610.5,2
6223,k019,189,3,-122,5,24,1676640.5,3
6224,k019,189,4,-122,6,22,1676669.5,2
6225,k019,189,5,-122,7,21,1676698.5,2
6226,k019,189,6,-122,8,20,1676728.5,2
6227,k019,189,6.5,-122,9,18,1676757.5,2
6228,k019,189,7,-122,10,17,1676786.5,1
6229,k019,189,8,-122,11,16,1676816.5,1
6230,k019,189,9,-122,12,16,1676846.5,2
6231,k019,189,10,-121,1,14,1676875.5,1
6232,k019,189,11,-121,2,13,1676905.5,2
6233,k019,189,12,-121,3,15,1676935.5,2
6234,k019,190,1,-121,4,13,1676964.5,2
6235,k019,190,2,-121,5,13,1676994.5,2
6236,k019,190,3,-121,6,11,1677023.5,2
6237,k019,190,4,-121,7,11,1677053.5,2
6238,k019,190,5,-121,8,9,1677082.5,2
6239,k019,190,6,-121,9,8,1677112.5,2
6240,k019,190,7,-121,10,7,1677141.5,2
6241,k019,190,8,-121,11,6,1677171.5,2
6242,k019,190,9,-121,12,5,1677200.5,2
6243,k019,190,10,-120,1,4,1677230.5,2
6244,k019,190,11,-120,2,2,1677259.5,1
6245,k019,190,12,-120,3,3,1677289.5,2
6246,k019,191,1,-120,4,1,1677318.5,1
6247,k019,191,2,-120,5,1,1677348.5,2
6248,k019,191,3,-120,5,31,1677378.5,2
6249,k019,191,4,-120,6,29,1677407.5,2
6250,k019,191,5,-120,7,29,1677437.5,2
6251,k019,191,6,-120,8,27,1677466.5,2
6252,k019,191,7,-120,9,26,1677496.5,2
6253,k019,191,8,-120,10,25,1677525.5,2
6254,k019,191,9,-120,11,24,1677555.5,2
6255,k019,191,10,-120,12,23,1677584.5,2
6256,k019,191,11,-119,1,22,1677614.5,2
6257,k019,191,12,-119,2,20,1677643.5,2
6258,k019,191,12.5,-119,3,21,1677672.5,1
6259,k019,192,1,-119,4,20,1677702.5,2
6260,k019,192,2,-119,5,20,1677732.5,2
6261,k019,192,3,-119,6,18,1677761.5,1
6262,k019,192,4,-119,7,18,1677791.5,2
6263,k019,192,5,-119,8,16,1677820.5,1
6264,k019,192,6,-119,9,15,1677850.5,2
6265,k019,192,7,-119,10,15,1677880.5,2
6266,k019,192,8,-119,11,13,1677909.5,2
6267,k019,192,9,-119,12,13,1677939.5,2
6268,k019,192,10,-118,1,11,1677968.5,2
6269,k019,192,11,-118,2,10,1677998.5,2
6270,k019,192,12,-118,3,11,1678027.5,2
6271,k019,193,1,-118,4,9,1678056.5,1
6272,k019,193,2,-118,5,9,1678086.5,2
6273,k019,193,3,-118,6,7,1678115.5,1
6274,k019,193,4,-118,7,7,1678145.5,2
6275,k019,193,5,-118,8,5,1678174.5,1
6276,k019,193,6,-118,9,4,1678204.5,2
6277,k019,193,7,-118,10,4,1678234.5,2
6278,k019,193,8,-118,11,3,1678264.5,2
6279,k019,193,9,-118,12,3,1678294.5,3
6280,k019,193,10,-117,1,1,1678323.5,2
6281,k019,193,11,-117,1,30,1678352.5,2
6282,k019,193,12,-117,3,1,1678382.5,2
6283,k019,194,1,-117,3,30,1678411.5,2
6284,k019,194,2,-117,4,28,1678440.5,1
6285,k019,194,3,-117,5,28,1678470.5,2
6286,k019,194,4,-117,6,26,1678499.5,1
6287,k019,194,5,-117,7,26,1678529.5,2
6288,k019,194,6,-117,8,24,1678558.5,1
6289,k019,194,7,-117,9,23,1678588.5,2
6290,k019,194,8,-117,10,23,1678618.5,2
6291,k019,194,9,-117,11,22,1678648.5,3
6292,k019,194,10,-117,12,22,1678678.5,3
6293,k019,194,11,-116,1,20,1678707.5,2
6294,k019,194,12,-116,2,18,1678736.5,2
6295,k019,194,12.5,-116,3,19,1678766.5,2
6296,k019,195,1,-116,4,17,1678795.5,2
6297,k019,195,2,-116,5,16,1678824.5,1
6298,k019,195,3,-116,6,14,1678853.5,1
6299,k019,195,4,-116,7,14,1678883.5,1
6300,k019,195,5,-116,8,12,1678912.5,1
6301,k019,195,6,-116,9,11,1678942.5,1
6302,k019,195,7,-116,10,11,1678972.5,2
6303,k019,195,8,-116,11,10,1679002.5,2
6304,k019,195,9,-116,12,10,1679032.5,3
6305,k019,195,10,-115,1,8,1679061.5,2
6306,k019,195,11,-115,2,7,1679091.5,3
6307,k019,195,12,-115,3,8,1679120.5,2
6308,k019,196,1,-115,4,7,1679150.5,3
6309,k019,196,2,-115,5,6,1679179.5,2
6310,k019,196,3,-115,6,4,1679208.5,1
6311,k019,196,4,-115,7,3,1679237.5,1
6312,k019,196,5,-115,8,2,1679267.5,1
6313,k019,196,6,-115,9,1,1679297.5,2
6314,k019,196,7,-115,9,30,1679326.5,1
6315,k019,196,8,-115,10,30,1679356.5,2
6316,k019,196,9,-115,11,29,1679386.5,2
6317,k019,196,10,-115,12,28,1679415.5,2
6318,k019,196,11,-114,1,27,1679445.5,2
6319,k019,196,12,-114,2,26,1679475.5,3
6320,k019,197,1,-114,3,27,1679504.5,2
6321,k019,197,2,-114,4,26,1679534.5,3
6322,k019,197,3,-114,5,25,1679563.5,2
6323,k019,197,4,-114,6,23,1679592.5,2
6324,k019,197,5,-114,7,23,1679622.5,2
6325,k019,197,6,-114,8,21,1679651.5,2
6326,k019,197,7,-114,9,20,1679681.5,2
6327,k019,197,8,-114,10,19,1679710.5,1
6328,k019,197,9,-114,11,18,1679740.5,2
6329,k019,197,10,-114,12,17,1679769.5,1
6330,k019,197,11,-113,1,16,1679799.5,2
6331,k019,197,12,-113,2,15,1679829.5,2
6332,k019,197,12.5,-113,3,16,1679858.5,2
6333,k019,198,1,-113,4,15,1679888.5,2
6334,k019,198,2,-113,5,14,1679917.5,2
6335,k019,198,3,-113,6,13,1679947.5,2
6336,k019,198,4,-113,7,12,1679976.5,2
6337,k019,198,5,-113,8,11,1680006.5,2
6338,k019,198,6,-113,9,9,1680035.5,2
6339,k019,198,7,-113,10,9,1680065.5,2
6340,k019,198,8,-113,11,7,1680094.5,2
6341,k019,198,9,-113,12,7,1680124.5,2
6342,k019,198,10,-112,1,5,1680153.5,1
6343,k019,198,11,-112,2,4,1680183.5,2
6344,k019,198,12,-112,3,4,1680212.5,1
6345,k019,199,1,-112,4,3,1680242.5,2
6346,k019,199,2,-112,5,2,1680271.5,1
6347,k019,199,3,-112,6,1,1680301.5,2
6348,k019,199,4,-112,7,1,1680331.5,2
6349,k019,199,5,-112,7,30,1680360.5,2
6350,k019,199,6,-112,8,29,1680390.5,2
6351,k019,199,7,-112,9,28,1680420.5,3
6352,k019,199,8,-112,10,27,1680449.5,2
6353,k019,199,9,-112,11,25,1680478.5,2
6354,k019,199,10,-112,12,24,1680507.5,1
6355,k019,199,11,-111,1,23,1680537.5,2
6356,k019,199,12,-111,2,21,1680566.5,1
6357,k019,199,12.5,-111,3,23,1680596.5,2
6358,k019,200,1,-111,4,22,1680626.5,2
6359,k019,200,2,-111,5,21,1680655.5,1
6360,k019,200,3,-111,6,20,1680685.5,2
6361,k019,200,4,-111,7,20,1680715.5,2
6362,k019,200,5,-111,8,19,1680745.5,3
6363,k019,200,6,-111,9,17,1680774.5,2
6364,k019,200,7,-111,10,17,1680804.5,3
6365,k019,200,8,-111,11,15,1680833.5,2
6366,k019,200,9,-111,12,14,1680862.5,2
6367,k019,200,10,-110,1,12,1680891.5,1
6368,k019,200,11,-110,2,11,1680921.5,2
6369,k019,200,12,-110,3,12,1680950.5,1
6370,k019,201,1,-110,4,11,1680980.5,2
6371,k019,201,2,-110,5,10,1681009.5,1
6372,k019,201,3,-110,6,9,1681039.5,2
6373,k019,201,4,-110,7,9,1681069.5,2
6374,k019,201,5,-110,8,8,1681099.5,3
6375,k019,201,6,-110,9,7,1681129.5,3
6376,k019,201,7,-110,10,6,1681158.5,2
6377,k019,201,8,-110,11,5,1681188.5,3
6378,k019,201,9,-110,12,4,1681217.5,2
6379,k019,201,10,-109,1,2,1681246.5,2
6380,k019,201,11,-109,2,1,1681276.5,2
6381,k019,201,12,-109,3,2,1681305.5,2
6382,k019,202,1,-109,3,31,1681334.5,1
6383,k019,202,2,-109,4,30,1681364.5,2
6384,k019,202,3,-109,5,29,1681393.5,1
6385,k019,202,4,-109,6,28,1681423.5,2
6386,k019,202,5,-109,7,28,1681453.5,2
6387,k019,202,6,-109,8,27,1681483.5,3
6388,k019,202,7,-109,9,25,1681512.5,2
6389,k019,202,8,-109,10,25,1681542.5,3
6390,k019,202,9,-109,11,23,1681571.5,2
6391,k019,202,10,-109,12,23,1681601.5,2
6392,k019,202,11,-108,1,21,1681630.5,2
6393,k019,202,12,-108,2,19,1681659.5,1
6394,k019,202,12.5,-108,3,20,1681689.5,2
6395,k019,203,1,-108,4,18,1681718.5,1
6396,k019,203,2,-108,5,18,1681748.5,2
6397,k019,203,3,-108,6,16,1681777.5,1
6398,k019,203,4,-108,7,16,1681807.5,2
6399,k019,203,5,-108,8,15,1681837.5,2
6400,k019,203,6,-108,9,13,1681866.5,2
6401,k019,203,7,-108,10,13,1681896.5,2
6402,k019,203,8,-108,11,11,1681925.5,2
6403,k019,203,9,-108,12,11,1681955.5,2
6404,k019,203,10,-107,1,10,1681985.5,3
6405,k019,203,11,-107,2,8,1682014.5,2
6406,k019,203,12,-107,3,10,1682044.5,3
6407,k019,204,1,-107,4,8,1682073.5,2
6408,k019,204,2,-107,5,7,1682102.5,1
6409,k019,204,3,-107,6,6,1682132.5,2
6410,k019,204,4,-107,7,5,1682161.5,1
6411,k019,204,5,-107,8,4,1682191.5,2
6412,k019,204,6,-107,9,2,1682220.5,1
6413,k019,204,7,-107,10,2,1682250.5,2
6414,k019,204,8,-107,10,31,1682279.5,1
6415,k019,204,9,-107,11,30,1682309.5,2
6416,k019,204,10,-107,12,30,1682339.5,2
6417,k019,204,11,-106,1,29,1682369.5,3
6418,k019,204,12,-106,2,27,1682398.5,2
6419,k019,205,1,-106,3,29,1682428.5,3
6420,k019,205,2,-106,4,27,1682457.5,2
6421,k019,205,3,-106,5,26,1682486.5,2
6422,k019,205,4,-106,6,25,1682516.5,2
6423,k019,205,5,-106,7,24,1682545.5,2
6424,k019,205,6,-106,8,23,1682575.5,2
6425,k019,205,7,-106,9,21,1682604.5,1
6426,k019,205,8,-106,10,20,1682633.5,1
6427,k019,205,9,-106,11,19,1682663.5,1
6428,k019,205,10,-106,12,19,1682693.5,2
6429,k019,205,11,-105,1,18,1682723.5,2
6430,k019,205,12,-105,2,16,1682752.5,2
6431,k019,205,12.5,-105,3,18,1682782.5,2
6432,k019,206,1,-105,4,17,1682812.5,3
6433,k019,206,2,-105,5,16,1682841.5,2
6434,k019,206,3,-105,6,14,1682870.5,2
6435,k019,206,4,-105,7,14,1682900.5,2
6436,k019,206,5,-105,8,12,1682929.5,2
6437,k019,206,6,-105,9,10,1682958.5,1
6438,k019,206,7,-105,10,10,1682988.5,2
6439,k019,206,8,-105,11,8,1683017.5,1
6440,k019,206,9,-105,12,8,1683047.5,1
6441,k019,206,10,-104,1,7,1683077.5,2
6442,k019,206,11,-104,2,5,1683106.5,1
6443,k019,206,12,-104,3,6,1683136.5,2
6444,k019,207,1,-104,4,5,1683166.5,2
6445,k019,207,2,-104,5,4,1683195.5,2
6446,k019,207,3,-104,6,3,1683225.5,2
6447,k019,207,4,-104,7,2,1683254.5,2
6448,k019,207,5,-104,8,1,1683284.5,2
6449,k019,207,6,-104,8,30,1683313.5,2
6450,k019,207,7,-104,9,28,1683342.5,1
6451,k019,207,8,-104,10,28,1683372.5,2
6452,k019,207,9,-104,11,26,1683401.5,1
6453,k019,207,10,-104,12,26,1683431.5,2
6454,k019,207,11,-103,1,24,1683460.5,1
6455,k019,207,12,-103,2,23,1683490.5,2
6456,k019,208,1,-103,3,25,1683520.5,2
6457,k019,208,2,-103,4,24,1683550.5,2
6458,k019,208,3,-103,5,23,1683579.5,2
6459,k019,208,4,-103,6,22,1683609.5,2
6460,k019,208,5,-103,7,21,1683638.5,2
6461,k019,208,6,-103,8,20,1683668.5,2
6462,k019,208,6.5,-103,9,18,1683697.5,2
6463,k019,208,7,-103,10,17,1683726.5,1
6464,k019,208,8,-103,11,16,1683756.5,2
6465,k019,208,9,-103,12,15,1683785.5,1
6466,k019,208,10,-102,1,14,1683815.5,2
6467,k019,208,11,-102,2,12,1683844.5,1
6468,k019,208,12,-102,3,14,1683874.5,2
6469,k019,209,1,-102,4,13,1683904.5,2
6470,k019,209,2,-102,5,12,1683933.5,2
6471,k019,209,3,-102,6,11,1683963.5,2
6472,k019,209,4,-102,7,10,1683992.5,2
6473,k019,209,5,-102,8,9,1684022.5,2
6474,k019,209,6,-102,9,8,1684052.5,2
6475,k019,209,7,-102,10,7,1684081.5,2
6476,k019,209,8,-102,11,6,1684111.5,2
6477,k019,209,9,-102,12,5,1684140.5,2
6478,k019,209,10,-101,1,4,1684170.5,2
6479,k019,209,11,-101,2,2,1684199.5,2
6480,k019,209,12,-101,3,3,1684228.5,1
6481,k019,210,1,-101,4,2,1684258.5,2
6482,k019,210,2,-101,5,1,1684287.5,1
6483,k019,210,3,-101,5,31,1684317.5,2
6484,k019,210,4,-101,6,29,1684346.5,1
6485,k019,210,5,-101,7,29,1684376.5,2
6486,k019,210,6,-101,8,28,1684406.5,2
6487,k019,210,7,-101,9,27,1684436.5,3
6488,k019,210,8,-101,10,26,1684465.5,2
6489,k019,210,9,-101,11,25,1684495.5,2
6490,k019,210,10,-101,12,24,1684524.5,2
6491,k019,210,11,-100,1,23,1684554.5,2
6492,k019,210,12,-100,2,21,1684583.5,2
6493,k019,210,12.5,-100,3,21,1684612.5,1
6494,k019,211,1,-100,4,20,1684642.5,2
6495,k019,211,2,-100,5,19,1684671.5,1
6496,k019,211,3,-100,6,18,1684701.5,2
6497,k019,211,4,-100,7,17,1684730.5,1
6498,k019,211,5,-100,8,16,1684760.5,2
6499,k019,211,6,-100,9,15,1684790.5,2
6500,k019,211,7,-100,10,15,1684820.5,3
6501,k019,211,8,-100,11,13,1684849.5,2
6502,k019,211,9,-100,12,13,1684879.5,3
6503,k019,211,10,-99,1,11,1684908.5,2
6504,k019,211,11,-99,2,10,1684938.5,3
6505,k019,211,12,-99,3,11,1684967.5,2
6506,k019,212,1,-99,4,9,1684996.5,1
6507,k019,212,2,-99,5,9,1685026.5,2
6508,k019,212,3,-99,6,7,1685055.5,1
6509,k019,212,4,-99,7,6,1685084.5,1
6510,k019,212,5,-99,8,5,1685114.5,1
6511,k019,212,6,-99,9,4,1685144.5,2
6512,k019,212,7,-99,10,4,1685174.5,2
6513,k019,212,8,-99,11,3,1685204.5,3
6514,k019,212,9,-99,12,2,1685233.5,2
6515,k019,212,10,-98,1,1,1685263.5,3
6516,k019,212,11,-98,1,30,1685292.5,2
6517,k019,212,12,-98,3,1,1685322.5,3
6518,k019,213,1,-98,3,30,1685351.5,2
6519,k019,213,2,-98,4,28,1685380.5,2
6520,k019,213,3,-98,5,27,1685409.5,1
6521,k019,213,4,-98,6,26,1685439.5,2
6522,k019,213,5,-98,7,25,1685468.5,1
6523,k019,213,6,-98,8,24,1685498.5,1
6524,k019,213,7,-98,9,23,1685528.5,2
6525,k019,213,8,-98,10,23,1685558.5,2
6526,k019,213,9,-98,11,21,1685587.5,2
6527,k019,213,10,-98,12,21,1685617.5,2
6528,k019,213,11,-97,1,20,1685647.5,3
6529,k019,213,12,-97,2,18,1685676.5,2
6530,k019,213,12.5,-97,3,20,1685706.5,3
6531,k019,214,1,-97,4,18,1685735.5,2
6532,k019,214,2,-97,5,17,1685764.5,2
6533,k019,214,3,-97,6,15,1685793.5,1
6534,k019,214,4,-97,7,15,1685823.5,2
6535,k019,214,5,-97,8,14,1685853.5,2
6536,k019,214,6,-97,9,12,1685882.5,2
6537,k019,214,7,-97,10,12,1685912.5,2
6538,k019,214,8,-97,11,10,1685941.5,1
6539,k019,214,9,-97,12,10,1685971.5,2
6540,k019,214,10,-96,1,9,1686001.5,2
6541,k019,214,11,-96,2,7,1686030.5,2
6542,k019,214,12,-96,3,8,1686060.5,2
6543,k019,215,1,-96,4,6,1686089.5,2
6544,k019,215,2,-96,5,6,1686119.5,2
6545,k019,215,3,-96,6,4,1686148.5,2
6546,k019,215,4,-96,7,3,1686177.5,1
6547,k019,215,5,-96,8,2,1686207.5,2
6548,k019,215,6,-96,8,31,1686236.5,1
6549,k019,215,7,-96,9,30,1686266.5,2
6550,k019,215,8,-96,10,30,1686296.5,2
6551,k019,215,9,-96,11,28,1686325.5,2
6552,k019,215,10,-96,12,28,1686355.5,2
6553,k019,215,11,-95,1,26,1686384.5,2
6554,k019,215,12,-95,2,25,1686414.5,2
6555,k019,216,1,-95,3,27,1686444.5,2
6556,k019,216,2,-95,4,25,1686473.5,2
6557,k019,216,3,-95,5,25,1686503.5,2
6558,k019,216,4,-95,6,23,1686532.5,2
6559,k019,216,5,-95,7,23,1686562.5,2
6560,k019,216,6,-95,8,21,1686591.5,2
6561,k019,216,7,-95,9,20,1686621.5,2
6562,k019,216,8,-95,10,19,1686650.5,2
6563,k019,216,9,-95,11,18,1686680.5,2
6564,k019,216,10,-95,12,17,1686709.5,2
6565,k019,216,11,-94,1,15,1686738.5,1
6566,k019,216,12,-94,2,14,1686768.5,2
6567,k019,216,12.5,-94,3,16,1686798.5,2
6568,k019,217,1,-94,4,14,1686827.5,2
6569,k019,217,2,-94,5,14,1686857.5,2
6570,k019,217,3,-94,6,13,1686887.5,3
6571,k019,217,4,-94,7,12,1686916.5,2
6572,k019,217,5,-94,8,11,1686946.5,2
6573,k019,217,6,-94,9,9,1686975.5,2
6574,k019,217,7,-94,10,9,1687005.5,2
6575,k019,217,8,-94,11,7,1687034.5,2
6576,k019,217,9,-94,12,6,1687063.5,1
6577,k019,217,10,-93,1,5,1687093.5,2
6578,k019,217,11,-93,2,3,1687122.5,1
6579,k019,217,12,-93,3,5,1687152.5,2
6580,k019,218,1,-93,4,3,1687181.5,1
6581,k019,218,2,-93,5,3,1687211.5,2
6582,k019,218,3,-93,6,2,1687241.5,2
6583,k019,218,4,-93,7,1,1687270.5,2
6584,k019,218,5,-93,7,31,1687300.5,2
6585,k019,218,6,-93,8,30,1687330.5,3
6586,k019,218,7,-93,9,29,1687360.5,3
6587,k019,218,8,-93,10,28,1687389.5,2
6588,k019,218,9,-93,11,26,1687418.5,2
6589,k019,218,10,-93,12,25,1687447.5,1
6590,k019,218,11,-92,1,24,1687477.5,2
6591,k019,218,12,-92,2,22,1687506.5,1
6592,k019,218,12.5,-92,3,23,1687536.5,2
6593,k019,219,1,-92,4,21,1687565.5,1
6594,k019,219,2,-92,5,21,1687595.5,2
6595,k019,219,3,-92,6,19,1687624.5,1
6596,k019,219,4,-92,7,19,1687654.5,2
6597,k019,219,5,-92,8,18,1687684.5,2
6598,k019,219,6,-92,9,17,1687714.5,3
6599,k019,219,7,-92,10,16,1687743.5,2
6600,k019,219,8,-92,11,15,1687773.5,3
6601,k019,219,9,-92,12,14,1687802.5,2
6602,k019,219,10,-91,1,12,1687831.5,2
6603,k019,219,11,-91,2,11,1687861.5,2
6604,k019,219,12,-91,3,12,1687890.5,1
6605,k019,220,1,-91,4,11,1687920.5,2
6606,k019,220,2,-91,5,10,1687949.5,1
6607,k019,220,3,-91,6,9,1687979.5,2
6608,k019,220,4,-91,7,8,1688008.5,1
6609,k019,220,5,-91,8,7,1688038.5,2
6610,k019,220,6,-91,9,6,1688068.5,2
6611,k019,220,7,-91,10,6,1688098.5,3
6612,k019,220,8,-91,11,4,1688127.5,2
6613,k019,220,9,-91,12,4,1688157.5,3
6614,k019,220,10,-90,1,2,1688186.5,2
6615,k019,220,11,-90,1,31,1688215.5,2
6616,k019,220,12,-90,3,2,1688245.5,2
6617,k019,221,1,-90,3,31,1688274.5,2
6618,k019,221,2,-90,4,30,1688304.5,2
6619,k019,221,3,-90,5,29,1688333.5,2
6620,k019,221,4,-90,6,28,1688363.5,2
6621,k019,221,5,-90,7,27,1688392.5,1
6622,k019,221,6,-90,8,26,1688422.5,2
6623,k019,221,7,-90,9,25,1688452.5,2
6624,k019,221,8,-90,10,24,1688481.5,2
6625,k019,221,9,-90,11,23,1688511.5,2
6626,k019,221,10,-90,12,22,1688540.5,2
6627,k019,221,11,-89,1,21,1688570.5,2
6628,k019,221,12,-89,2,19,1688599.5,2
6629,k019,221,12.5,-89,3,21,1688629.5,2
6630,k019,222,1,-89,4,19,1688658.5,2
6631,k019,222,2,-89,5,19,1688688.5,2
6632,k019,222,3,-89,6,17,1688717.5,2
6633,k019,222,4,-89,7,16,1688746.5,1
6634,k019,222,5,-89,8,15,1688776.5,2
6635,k019,222,6,-89,9,14,1688806.5,2
6636,k019,222,7,-89,10,13,1688835.5,1
6637,k019,222,8,-89,11,12,1688865.5,2
6638,k019,222,9,-89,12,11,1688894.5,1
6639,k019,222,10,-88,1,10,1688924.5,2
6640,k019,222,11,-88,2,9,1688954.5,2
6641,k019,222,12,-88,3,9,1688983.5,2
6642,k019,223,1,-88,4,8,1689013.5,2
6643,k019,223,2,-88,5,7,1689042.5,2
6644,k019,223,3,-88,6,6,1689072.5,2
6645,k019,223,4,-88,7,5,1689101.5,2
6646,k019,223,5,-88,8,3,1689130.5,1
6647,k019,223,6,-88,9,2,1689160.5,2
6648,k019,223,7,-88,10,1,1689189.5,1
6649,k019,223,8,-88,10,31,1689219.5,2
6650,k019,223,9,-88,11,29,1689248.5,1
6651,k019,223,10,-88,12,29,1689278.5,2
6652,k019,223,11,-87,1,28,1689308.5,2
6653,k019,223,12,-87,2,27,1689338.5,2
6654,k019,224,1,-87,3,28,1689367.5,2
6655,k019,224,2,-87,4,27,1689397.5,2
6656,k019,224,3,-87,5,26,1689426.5,2
6657,k019,224,4,-87,6,25,1689456.5,2
6658,k019,224,5,-87,7,24,1689485.5,2
6659,k019,224,6,-87,8,22,1689514.5,1
6660,k019,224,7,-87,9,21,1689544.5,2
6661,k019,224,8,-87,10,20,1689573.5,1
6662,k019,224,9,-87,11,19,1689603.5,2
6663,k019,224,10,-87,12,18,1689632.5,1
6664,k019,224,11,-86,1,17,1689662.5,2
6665,k019,224,12,-86,2,16,1689692.5,2
6666,k019,224,12.5,-86,3,17,1689721.5,2
6667,k019,225,1,-86,4,16,1689751.5,2
6668,k019,225,2,-86,5,16,1689781.5,3
6669,k019,225,3,-86,6,14,1689810.5,2
6670,k019,225,4,-86,7,14,1689840.5,2
6671,k019,225,5,-86,8,12,1689869.5,2
6672,k019,225,6,-86,9,10,1689898.5,1
6673,k019,225,7,-86,10,10,1689928.5,2
6674,k019,225,8,-86,11,8,1689957.5,1
6675,k019,225,9,-86,12,8,1689987.5,2
6676,k019,225,10,-85,1,6,1690016.5,1
6677,k019,225,11,-85,2,5,1690046.5,2
6678,k019,225,12,-85,3,7,1690076.5,2
6679,k019,226,1,-85,4,5,1690105.5,2
6680,k019,226,2,-85,5,5,1690135.5,2
6681,k019,226,3,-85,6,4,1690165.5,3
6682,k019,226,4,-85,7,3,1690194.5,2
6683,k019,226,5,-85,8,2,1690224.5,3
6684,k019,226,6,-85,8,31,1690253.5,2
6685,k019,226,7,-85,9,29,1690282.5,1
6686,k019,226,8,-85,10,29,1690312.5,2
6687,k019,226,9,-85,11,27,1690341.5,1
6688,k019,226,10,-85,12,27,1690371.5,2
6689,k019,226,11,-84,1,25,1690400.5,1
6690,k019,226,12,-84,2,24,1690430.5,2
6691,k019,227,1,-84,3,24,1690459.5,1
6692,k019,227,2,-84,4,23,1690489.5,2
6693,k019,227,3,-84,5,23,1690519.5,2
6694,k019,227,4,-84,6,21,1690548.5,2
6695,k019,227,5,-84,7,21,1690578.5,2
6696,k019,227,6,-84,8,19,1690607.5,2
6697,k019,227,6.5,-84,9,18,1690637.5,2
6698,k019,227,7,-84,10,17,1690666.5,2
6699,k019,227,8,-84,11,16,1690696.5,2
6700,k019,227,9,-84,12,15,1690725.5,2
6701,k019,227,10,-83,1,14,1690755.5,2
6702,k019,227,11,-83,2,12,1690784.5,1
6703,k019,227,12,-83,3,14,1690814.5,2
6704,k019,228,1,-83,4,12,1690843.5,1
6705,k019,228,2,-83,5,12,1690873.5,2
6706,k019,228,3,-83,6,10,1690902.5,1
6707,k019,228,4,-83,7,10,1690932.5,2
6708,k019,228,5,-83,8,9,1690962.5,2
6709,k019,228,6,-83,9,7,1690991.5,2
6710,k019,228,7,-83,10,7,1691021.5,2
6711,k019,228,8,-83,11,6,1691051.5,3
6712,k019,228,9,-83,12,5,1691080.5,2
6713,k019,228,10,-82,1,4,1691110.5,3
6714,k019,228,11,-82,2,2,1691139.5,2
6715,k019,228,12,-82,3,3,1691168.5,2
6716,k019,229,1,-82,4,2,1691198.5,2
6717,k019,229,2,-82,5,1,1691227.5,2
6718,k019,229,3,-82,5,30,1691256.5,1
6719,k019,229,4,-82,6,29,1691286.5,1
6720,k019,229,5,-82,7,28,1691315.5,1
6721,k019,229,6,-82,8,27,1691345.5,1
6722,k019,229,7,-82,9,26,1691375.5,2
6723,k019,229,8,-82,10,26,1691405.5,2
6724,k019,229,9,-82,11,25,1691435.5,3
6725,k019,229,10,-82,12,24,1691464.5,2
6726,k019,229,11,-81,1,23,1691494.5,3
6727,k019,229,12,-81,2,21,1691523.5,2
6728,k019,229,12.5,-81,3,22,1691552.5,2
6729,k019,230,1,-81,4,21,1691582.5,2
6730,k019,230,2,-81,5,20,1691611.5,2
6731,k019,230,3,-81,6,18,1691640.5,1
6732,k019,230,4,-81,7,18,1691670.5,2
6733,k019,230,5,-81,8,16,1691699.5,1
6734,k019,230,6,-81,9,15,1691729.5,1
6735,k019,230,7,-81,10,15,1691759.5,2
6736,k019,230,8,-81,11,14,1691789.5,2
6737,k019,230,9,-81,12,14,1691819.5,3
6738,k019,230,10,-80,1,12,1691848.5,2
6739,k019,230,11,-80,2,11,1691878.5,3
6740,k019,230,12,-80,3,11,1691907.5,2
6741,k019,231,1,-80,4,9,1691936.5,2
6742,k019,231,2,-80,5,9,1691966.5,2
6743,k019,231,3,-80,6,7,1691995.5,2
6744,k019,231,4,-80,7,6,1692024.5,1
6745,k019,231,5,-80,8,5,1692054.5,2
6746,k019,231,6,-80,9,3,1692083.5,1
6747,k019,231,7,-80,10,3,1692113.5,2
6748,k019,231,8,-80,11,2,1692143.5,2
6749,k019,231,9,-80,12,2,1692173.5,3
6750,k019,231,10,-80,12,31,1692202.5,2
6751,k019,231,11,-79,1,30,1692232.5,2
6752,k019,231,12,-79,2,28,1692261.5,2
6753,k019,232,1,-79,3,30,1692291.5,2
6754,k019,232,2,-79,4,28,1692320.5,2
6755,k019,232,3,-79,5,27,1692349.5,1
6756,k019,232,4,-79,6,26,1692379.5,2
6757,k019,232,5,-79,7,25,1692408.5,1
6758,k019,232,6,-79,8,24,1692438.5,2
6759,k019,232,7,-79,9,22,1692467.5,1
6760,k019,232,8,-79,10,22,1692497.5,2
6761,k019,232,9,-79,11,21,1692527.5,2
6762,k019,232,10,-79,12,20,1692556.5,2
6763,k019,232,11,-78,1,19,1692586.5,2
6764,k019,232,12,-78,2,18,1692616.5,3
6765,k019,232,12.5,-78,3,19,1692645.5,2
6766,k019,233,1,-78,4,18,1692675.5,3
6767,k019,233,2,-78,5,17,1692704.5,2
6768,k019,233,3,-78,6,15,1692733.5,1
6769,k019,233,4,-78,7,15,1692763.5,2
6770,k019,233,5,-78,8,13,1692792.5,1
6771,k019,233,6,-78,9,12,1692822.5,2
6772,k019,233,7,-78,10,12,1692852.5,2
6773,k019,233,8,-78,11,10,1692881.5,2
6774,k019,233,9,-78,12,10,1692911.5,2
6775,k019,233,10,-77,1,8,1692940.5,2
6776,k019,233,11,-77,2,7,1692970.5,2
6777,k019,233,12,-77,3,8,1692999.5,2
6778,k019,234,1,-77,4,7,1693029.5,2
6779,k019,234,2,-77,5,6,1693058.5,2
6780,k019,234,3,-77,6,5,1693088.5,2
6781,k019,234,4,-77,7,4,1693117.5,2
6782,k019,234,5,-77,8,3,1693147.5,2
6783,k019,234,6,-77,9,2,1693177.5,2
6784,k019,234,7,-77,10,1,1693206.5,2
6785,k019,234,8,-77,10,31,1693236.5,2
6786,k019,234,9,-77,11,29,1693265.5,2
6787,k019,234,10,-77,12,28,1693294.5,1
6788,k019,234,11,-76,1,27,1693324.5,2
6789,k019,234,12,-76,2,25,1693353.5,1
6790,k019,235,1,-76,3,26,1693383.5,2
6791,k019,235,2,-76,4,25,1693413.5,2
6792,k019,235,3,-76,5,24,1693442.5,2
6793,k019,235,4,-76,6,23,1693472.5,2
6794,k019,235,5,-76,7,22,1693501.5,2
6795,k019,235,6,-76,8,21,1693531.5,2
6796,k019,235,7,-76,9,20,1693561.5,3
6797,k019,235,8,-76,10,19,1693590.5,2
6798,k019,235,9,-76,11,18,1693620.5,3
6799,k019,235,10,-76,12,17,1693649.5,2
6800,k019,235,11,-75,1,15,1693678.5,1
6801,k019,235,12,-75,2,14,1693708.5,2
6802,k019,235,12.5,-75,3,15,1693737.5,1
6803,k019,236,1,-75,4,14,1693767.5,2
6804,k019,236,2,-75,5,13,1693796.5,1
6805,k019,236,3,-75,6,12,1693826.5,2
6806,k019,236,4,-75,7,12,1693856.5,2
6807,k019,236,5,-75,8,11,1693886.5,3
6808,k019,236,6,-75,9,9,1693915.5,2
6809,k019,236,7,-75,10,9,1693945.5,3
6810,k019,236,8,-75,11,7,1693974.5,2
6811,k019,236,9,-75,12,6,1694003.5,2
6812,k019,236,10,-74,1,5,1694033.5,2
6813,k019,236,11,-74,2,3,1694062.5,2
6814,k019,236,12,-74,3,4,1694091.5,1
6815,k019,237,1,-74,4,3,1694121.5,2
6816,k019,237,2,-74,5,2,1694150.5,1
6817,k019,237,3,-74,6,1,1694180.5,1
6818,k019,237,4,-74,7,1,1694210.5,2
6819,k019,237,5,-74,7,31,1694240.5,2
6820,k019,237,6,-74,8,29,1694269.5,2
6821,k019,237,7,-74,9,28,1694299.5,2
6822,k019,237,8,-74,10,28,1694329.5,3
6823,k019,237,9,-74,11,26,1694358.5,2
6824,k019,237,10,-74,12,25,1694387.5,2
6825,k019,237,11,-73,1,24,1694417.5,2
6826,k019,237,12,-73,2,22,1694446.5,2
6827,k019,237,12.5,-73,3,23,1694475.5,1
6828,k019,238,1,-73,4,22,1694505.5,2
6829,k019,238,2,-73,5,21,1694534.5,1
6830,k019,238,3,-73,6,20,1694564.5,2
6831,k019,238,4,-73,7,20,1694594.5,2
6832,k019,238,5,-73,8,18,1694623.5,1
6833,k019,238,6,-73,9,17,1694653.5,2
6834,k019,238,7,-73,10,17,1694683.5,2
6835,k019,238,8,-73,11,15,1694712.5,2
6836,k019,238,9,-73,12,15,1694742.5,2
6837,k019,238,10,-72,1,13,1694771.5,2
6838,k019,238,11,-72,2,12,1694801.5,2
6839,k019,238,12,-72,3,12,1694830.5,2
6840,k019,239,1,-72,4,11,1694860.5,2
6841,k019,239,2,-72,5,10,1694889.5,2
6842,k019,239,3,-72,6,8,1694918.5,1
6843,k019,239,4,-72,7,8,1694948.5,2
6844,k019,239,5,-72,8,7,1694978.5,2
6845,k019,239,6,-72,9,5,1695007.5,2
6846,k019,239,7,-72,10,5,1695037.5,2
6847,k019,239,8,-72,11,4,1695067.5,3
6848,k019,239,9,-72,12,3,1695096.5,2
6849,k019,239,10,-71,1,2,1695126.5,2
6850,k019,239,11,-71,1,31,1695155.5,2
6851,k019,239,12,-71,3,2,1695185.5,2
6852,k019,240,1,-71,3,31,1695214.5,2
6853,k019,240,2,-71,4,30,1695244.5,2
6854,k019,240,3,-71,5,29,1695273.5,2
6855,k019,240,4,-71,6,27,1695302.5,1
6856,k019,240,5,-71,7,27,1695332.5,2
6857,k019,240,6,-71,8,25,1695361.5,1
6858,k019,240,7,-71,9,24,1695391.5,2
6859,k019,240,8,-71,10,23,1695420.5,1
6860,k019,240,9,-71,11,22,1695450.5,2
6861,k019,240,10,-71,12,22,1695480.5,2
6862,k019,240,11,-70,1,20,1695509.5,2
6863,k019,240,12,-70,2,19,1695539.5,2
6864,k019,240,12.5,-70,3,21,1695569.5,3
6865,k019,241,1,-70,4,19,1695598.5,2
6866,k019,241,2,-70,5,19,1695628.5,2
6867,k019,241,3,-70,6,17,1695657.5,2
6868,k019,241,4,-70,7,16,1695686.5,1
6869,k019,241,5,-70,8,15,1695716.5,2
6870,k019,241,6,-70,9,13,1695745.5,1
6871,k019,241,7,-70,10,13,1695775.5,2
6872,k019,241,8,-70,11,11,1695804.5,1
6873,k019,241,9,-70,12,11,1695834.5,2
6874,k019,241,10,-69,1,9,1695863.5,1
6875,k019,241,11,-69,2,8,1695893.5,2
6876,k019,241,12,-69,3,10,1695923.5,2
6877,k019,242,1,-69,4,9,1695953.5,3
6878,k019,242,2,-69,5,8,1695982.5,2
6879,k019,242,3,-69,6,7,1696012.5,3
6880,k019,242,4,-69,7,6,1696041.5,2
6881,k019,242,5,-69,8,4,1696070.5,1
6882,k019,242,6,-69,9,3,1696100.5,2
6883,k019,242,7,-69,10,2,1696129.5,1
6884,k019,242,8,-69,10,31,1696158.5,1
6885,k019,242,9,-69,11,30,1696188.5,1
6886,k019,242,10,-69,12,30,1696218.5,2
6887,k019,242,11,-68,1,28,1696247.5,1
6888,k019,242,12,-68,2,27,1696277.5,2
6889,k019,243,1,-68,3,28,1696307.5,2
6890,k019,243,2,-68,4,26,1696336.5,2
6891,k019,243,3,-68,5,26,1696366.5,2
6892,k019,243,4,-68,6,25,1696396.5,3
6893,k019,243,5,-68,7,24,1696425.5,2
6894,k019,243,6,-68,8,22,1696454.5,2
6895,k019,243,7,-68,9,21,1696484.5,2
6896,k019,243,8,-68,10,20,1696513.5,2
6897,k019,243,9,-68,11,18,1696542.5,1
6898,k019,243,10,-68,12,18,1696572.5,1
6899,k019,243,11,-67,1,16,1696601.5,1
6900,k019,243,12,-67,2,15,1696631.5,1
6901,k019,243,12.5,-67,3,17,1696661.5,2
6902,k019,244,1,-67,4,15,1696690.5,1
6903,k019,244,2,-67,5,15,1696720.5,2
6904,k019,244,3,-67,6,14,1696750.5,2
6905,k019,244,4,-67,7,13,1696779.5,2
6906,k019,244,5,-67,8,12,1696809.5,2
6907,k019,244,6,-67,9,10,1696838.5,2
6908,k019,244,7,-67,10,10,1696868.5,2
6909,k019,244,8,-67,11,8,1696897.5,2
6910,k019,244,9,-67,12,8,1696927.5,2
6911,k019,244,10,-66,1,6,1696956.5,2
6912,k019,244,11,-66,2,5,1696986.5,2
6913,k019,244,12,-66,3,6,1697015.5,2
6914,k019,245,1,-66,4,5,1697045.5,2
6915,k019,245,2,-66,5,4,1697074.5,1
6916,k019,245,3,-66,6,3,1697104.5,2
6917,k019,245,4,-66,7,3,1697134.5,2
6918,k019,245,5,-66,8,1,1697163.5,2
6919,k019,245,6,-66,8,31,1697193.5,2
6920,k019,245,7,-66,9,29,1697222.5,2
6921,k019,245,8,-66,10,29,1697252.5,2
6922,k019,245,9,-66,11,27,1697281.5,2
6923,k019,245,10,-66,12,27,1697311.5,2
6924,k019,245,11,-65,1,25,1697340.5,2
6925,k019,245,12,-65,2,24,1697370.5,2
6926,k019,246,1,-65,3,25,1697399.5,2
6927,k019,246,2,-65,4,23,1697428.5,1
6928,k019,246,3,-65,5,23,1697458.5,2
6929,k019,246,4,-65,6,21,1697487.5,1
6930,k019,246,5,-65,7,21,1697517.5,1
6931,k019,246,6,-65,8,20,1697547.5,2
6932,k019,246,6.5,-65,9,18,1697576.5,1
6933,k019,246,7,-65,10,18,1697606.5,2
6934,k019,246,8,-65,11,17,1697636.5,2
6935,k019,246,9,-65,12,16,1697665.5,2
6936,k019,246,10,-64,1,15,1697695.5,2
6937,k019,246,11,-64,2,13,1697724.5,2
6938,k019,246,12,-64,3,14,1697754.5,2
6939,k019,247,1,-64,4,12,1697783.5,2
6940,k019,247,2,-64,5,11,1697812.5,1
6941,k019,247,3,-64,6,10,1697842.5,2
6942,k019,247,4,-64,7,9,1697871.5,1
6943,k019,247,5,-64,8,8,1697901.5,2
6944,k019,247,6,-64,9,6,1697930.5,1
6945,k019,247,7,-64,10,6,1697960.5,2
6946,k019,247,8,-64,11,5,1697990.5,2
6947,k019,247,9,-64,12,5,1698020.5,2
6948,k019,247,10,-63,1,4,1698050.5,3
6949,k019,247,11,-63,2,2,1698079.5,2
6950,k019,247,12,-63,3,3,1698108.5,2
6951,k019,248,1,-63,4,2,1698138.5,2
6952,k019,248,2,-63,5,1,1698167.5,2
6953,k019,248,3,-63,5,30,1698196.5,1
6954,k019,248,4,-63,6,28,1698225.5,1
6955,k019,248,5,-63,7,28,1698255.5,1
6956,k019,248,6,-63,8,27,1698285.5,2
6957,k019,248,7,-63,9,25,1698314.5,1
6958,k019,248,8,-63,10,25,1698344.5,2
6959,k019,248,9,-63,11,24,1698374.5,2
6960,k019,248,10,-63,12,24,1698404.5,3
6961,k019,248,11,-62,1,22,1698433.5,2
6962,k019,248,12,-62,2,21,1698463.5,3
6963,k019,248,12.5,-62,3,22,1698492.5,2
6964,k019,249,1,-62,4,21,1698522.5,2
6965,k019,249,2,-62,5,20,1698551.5,2
6966,k019,249,3,-62,6,18,1698580.5,1
6967,k019,249,4,-62,7,17,1698609.5,1
6968,k019,249,5,-62,8,16,1698639.5,1
6969,k019,249,6,-62,9,15,1698669.5,2
6970,k019,249,7,-62,10,14,1698698.5,1
6971,k019,249,8,-62,11,13,1698728.5,2
6972,k019,249,9,-62,12,13,1698758.5,2
6973,k019,249,10,-61,1,12,1698788.5,3
6974,k019,249,11,-61,2,10,1698817.5,2
6975,k019,249,12,-61,3,12,1698847.5,3
6976,k019,250,1,-61,4,10,1698876.5,2
6977,k019,250,2,-61,5,10,1698906.5,3
6978,k019,250,3,-61,6,8,1698935.5,2
6979,k019,250,4,-61,7,7,1698964.5,2
6980,k019,250,5,-61,8,5,1698993.5,1
6981,k019,250,6,-61,9,4,1699023.5,1
6982,k019,250,7,-61,10,4,1699053.5,2
6983,k019,250,8,-61,11,2,1699082.5,1
6984,k019,250,9,-61,12,2,1699112.5,2
6985,k019,250,10,-60,1,1,1699142.5,2
6986,k019,250,11,-60,1,30,1699171.5,2
6987,k019,250,12,-60,2,28,1699200.5,1
6988,k019,251,1,-60,3,29,1699230.5,2
6989,k019,251,2,-60,4,28,1699260.5,2
6990,k019,251,3,-60,5,27,1699289.5,2
6991,k019,251,4,-60,6,26,1699319.5,2
6992,k019,251,5,-60,7,25,1699348.5,2
6993,k019,251,6,-60,8,24,1699378.5,2
6994,k019,251,7,-60,9,22,1699407.5,2
6995,k019,251,8,-60,10,22,1699437.5,2
6996,k019,251,9,-60,11,20,1699466.5,1
6997,k019,251,10,-60,12,20,1699496.5,2
6998,k019,251,11,-59,1,18,1699525.5,1
6999,k019,251,12,-59,2,17,1699555.5,2
7000,k019,251,12.5,-59,3,18,1699584.5,1
7001,k019,252,1,-59,4,17,1699614.5,2
7002,k019,252,2,-59,5,17,1699644.5,2
7003,k019,252,3,-59,6,15,1699673.5,2
7004,k019,252,4,-59,7,15,1699703.5,2
7005,k019,252,5,-59,8,13,1699732.5,2
7006,k019,252,6,-59,9,12,1699762.5,2
7007,k019,252,7,-59,10,12,1699792.5,3
7008,k019,252,8,-59,11,10,1699821.5,2
7009,k019,252,9,-59,12,9,1699850.5,2
7010,k019,252,10,-58,1,8,1699880.5,2
7011,k019,252,11,-58,2,6,1699909.5,2
7012,k019,252,12,-58,3,8,1699939.5,2
7013,k019,253,1,-58,4,6,1699968.5,1
7014,k019,253,2,-58,5,6,1699998.5,2
7015,k019,253,3,-58,6,4,1700027.5,1
7016,k019,253,4,-58,7,4,1700057.5,2
7017,k019,253,5,-58,8,3,1700087.5,2
7018,k019,253,6,-58,9,2,1700117.5,3
7019,k019,253,7,-58,10,1,1700146.5,2
7020,k019,253,8,-58,10,30,1700175.5,2
7021,k019,253,9,-58,11,29,1700205.5,2
7022,k019,253,10,-58,12,28,1700234.5,2
7023,k019,253,11,-57,1,26,1700263.5,1
7024,k019,253,12,-57,2,25,1700293.5,2
7025,k019,254,1,-57,3,26,1700322.5,1
7026,k019,254,2,-57,4,25,1700352.5,2
7027,k019,254,3,-57,5,24,1700381.5,1
7028,k019,254,4,-57,6,23,1700411.5,2
7029,k019,254,5,-57,7,23,1700441.5,2
7030,k019,254,6,-57,8,22,1700471.5,2
7031,k019,254,7,-57,9,21,1700501.5,3
7032,k019,254,8,-57,10,20,1700530.5,2
7033,k019,254,9,-57,11,19,1700560.5,3
7034,k019,254,10,-57,12,18,1700589.5,2
7035,k019,254,11,-56,1,16,1700618.5,2
7036,k019,254,12,-56,2,14,1700647.5,1
7037,k019,254,12.5,-56,3,15,1700677.5,2
7038,k019,255,1,-56,4,13,1700706.5,1
7039,k019,255,2,-56,5,13,1700736.5,2
7040,k019,255,3,-56,6,11,1700765.5,1
7041,k019,255,4,-56,7,11,1700795.5,2
7042,k019,255,5,-56,8,10,1700825.5,2
7043,k019,255,6,-56,9,9,1700855.5,3
7044,k019,255,7,-56,10,9,1700885.5,3
7045,k019,255,8,-56,11,7,1700914.5,2
7046,k019,255,9,-56,12,6,1700943.5,2
7047,k019,255,10,-55,1,5,1700973.5,2
7048,k019,255,11,-55,2,3,1701002.5,2
7049,k019,255,12,-55,3,4,1701031.5,1
7050,k019,256,1,-55,4,3,1701061.5,2
7051,k019,256,2,-55,5,2,1701090.5,1
7052,k019,256,3,-55,6,1,1701120.5,2
7053,k019,256,4,-55,6,30,1701149.5,1
7054,k019,256,5,-55,7,30,1701179.5,2
7055,k019,256,6,-55,8,29,1701209.5,2
7056,k019,256,7,-55,9,28,1701239.5,3
7057,k019,256,8,-55,10,27,1701268.5,2
7058,k019,256,9,-55,11,26,1701298.5,3
7059,k019,256,10,-55,12,25,1701327.5,2
7060,k019,256,11,-54,1,24,1701357.5,3
7061,k019,256,12,-54,2,22,1701386.5,2
7062,k019,256,12.5,-54,3,24,1701416.5,2
7063,k019,257,1,-54,4,22,1701445.5,2
7064,k019,257,2,-54,5,21,1701474.5,1
7065,k019,257,3,-54,6,20,1701504.5,2
7066,k019,257,4,-54,7,19,1701533.5,1
7067,k019,257,5,-54,8,18,1701563.5,2
7068,k019,257,6,-54,9,17,1701593.5,2
7069,k019,257,7,-54,10,16,1701622.5,2
7070,k019,257,8,-54,11,15,1701652.5,2
7071,k019,257,9,-54,12,14,1701681.5,2
7072,k019,257,10,-53,1,13,1701711.5,2
7073,k019,257,11,-53,2,12,1701741.5,3
7074,k019,257,12,-53,3,13,1701770.5,2
7075,k019,258,1,-53,4,12,1701800.5,3
7076,k019,258,2,-53,5,11,1701829.5,2
7077,k019,258,3,-53,6,9,1701858.5,2
7078,k019,258,4,-53,7,9,1701888.5,2
7079,k019,258,5,-53,8,7,1701917.5,1
7080,k019,258,6,-53,9,6,1701947.5,2
7081,k019,258,7,-53,10,5,1701976.5,1
7082,k019,258,8,-53,11,4,1702006.5,2
7083,k019,258,9,-53,12,3,1702035.5,1
7084,k019,258,10,-52,1,2,1702065.5,2
7085,k019,258,11,-52,2,1,1702095.5,2
7086,k019,258,12,-52,3,1,1702124.5,2
7087,k019,259,1,-52,3,31,1702154.5,2
7088,k019,259,2,-52,4,30,1702184.5,3
7089,k019,259,3,-52,5,29,1702213.5,2
7090,k019,259,4,-52,6,27,1702242.5,2
7091,k019,259,5,-52,7,27,1702272.5,2
7092,k019,259,6,-52,8,25,1702301.5,2
7093,k019,259,7,-52,9,24,1702331.5,2
7094,k019,259,8,-52,10,23,1702360.5,1
7095,k019,259,9,-52,11,21,1702389.5,1
7096,k019,259,10,-52,12,21,1702419.5,1
7097,k019,259,11,-51,1,20,1702449.5,2
7098,k019,259,12,-51,2,19,1702479.5,2
7099,k019,259,12.5,-51,3,20,1702508.5,2
7100,k019,260,1,-51,4,19,1702538.5,2
7101,k019,260,2,-51,5,18,1702567.5,2
7102,k019,260,3,-51,6,17,1702597.5,2
7103,k019,260,4,-51,7,16,1702626.5,2
7104,k019,260,5,-51,8,15,1702656.5,2
7105,k019,260,6,-51,9,13,1702685.5,2
7106,k019,260,7,-51,10,12,1702714.5,1
7107,k019,260,8,-51,11,11,1702744.5,2
7108,k019,260,9,-51,12,10,1702773.5,1
7109,k019,260,10,-50,1,9,1702803.5,2
7110,k019,260,11,-50,2,8,1702833.5,2
7111,k019,260,12,-50,3,9,1702862.5,1
7112,k019,261,1,-50,4,8,1702892.5,2
7113,k019,261,2,-50,5,8,1702922.5,2
7114,k019,261,3,-50,6,6,1702951.5,2
7115,k019,261,4,-50,7,6,1702981.5,2
7116,k019,261,5,-50,8,4,1703010.5,2
7117,k019,261,6,-50,9,3,1703040.5,2
7118,k019,261,7,-50,10,2,1703069.5,2
7119,k019,261,8,-50,10,31,1703098.5,1
7120,k019,261,9,-50,11,30,1703128.5,2
7121,k019,261,10,-50,12,29,1703157.5,1
7122,k019,261,11,-49,1,28,1703187.5,2
7123,k019,261,12,-49,2,27,1703217.5,2
7124,k019,262,1,-49,3,28,1703246.5,2
7125,k019,262,2,-49,4,27,1703276.5,2
7126,k019,262,3,-49,5,26,1703305.5,2
7127,k019,262,4,-49,6,25,1703335.5,2
7128,k019,262,5,-49,7,25,1703365.5,2
7129,k019,262,6,-49,8,23,1703394.5,2
7130,k019,262,7,-49,9,22,1703424.5,2
7131,k019,262,8,-49,10,21,1703453.5,2
7132,k019,262,9,-49,11,19,1703482.5,1
7133,k019,262,10,-49,12,19,1703512.5,2
7134,k019,262,11,-48,1,17,1703541.5,1
7135,k019,262,12,-48,2,16,1703571.5,2
7136,k019,262,12.5,-48,3,16,1703600.5,1
7137,k019,263,1,-48,4,15,1703630.5,2
7138,k019,263,2,-48,5,14,1703659.5,1
7139,k019,263,3,-48,6,13,1703689.5,2
7140,k019,263,4,-48,7,13,1703719.5,2
7141,k019,263,5,-48,8,11,1703748.5,2
7142,k019,263,6,-48,9,10,1703778.5,2
7143,k019,263,7,-48,10,10,1703808.5,2
7144,k019,263,8,-48,11,8,1703837.5,2
7145,k019,263,9,-48,12,8,1703867.5,2
7146,k019,263,10,-47,1,6,1703896.5,2
7147,k019,263,11,-47,2,5,1703926.5,2
7148,k019,263,12,-47,3,6,1703955.5,2
7149,k019,264,1,-47,4,4,1703984.5,1
7150,k019,264,2,-47,5,4,1704014.5,2
7151,k019,264,3,-47,6,2,1704043.5,1
7152,k019,264,4,-47,7,2,1704073.5,2
7153,k019,264,5,-47,7,31,1704102.5,1
7154,k019,264,6,-47,8,30,1704132.5,2
7155,k019,264,7,-47,9,29,1704162.5,2
7156,k019,264,8,-47,10,28,1704191.5,2
7157,k019,264,9,-47,11,27,1704221.5,2
7158,k019,264,10,-47,12,27,1704251.5,3
7159,k019,264,11,-46,1,25,1704280.5,2
7160,k019,264,12,-46,2,24,1704310.5,2
7161,k019,265,1,-46,3,25,1704339.5,2
7162,k019,265,2,-46,4,23,1704368.5,1
7163,k019,265,3,-46,5,23,1704398.5,2
7164,k019,265,4,-46,6,21,1704427.5,1
7165,k019,265,5,-46,7,20,1704456.5,1
7166,k019,265,6,-46,8,19,1704486.5,1
7167,k019,265,6.5,-46,9,18,1704516.5,2
7168,k019,265,7,-46,10,18,1704546.5,2
7169,k019,265,8,-46,11,17,1704576.5,3
7170,k019,265,9,-46,12,16,1704605.5,2
7171,k019,265,10,-45,1,15,1704635.5,3
7172,k019,265,11,-45,2,13,1704664.5,2
7173,k019,265,12,-45,3,15,1704694.5,3
7174,k019,266,1,-45,4,13,1704723.5,2
7175,k019,266,2,-45,5,12,1704752.5,2
7176,k019,266,3,-45,6,10,1704781.5,1
7177,k019,266,4,-45,7,10,1704811.5,1
7178,k019,266,5,-45,8,8,1704840.5,1
7179,k019,266,6,-45,9,7,1704870.5,1
7180,k019,266,7,-45,10,7,1704900.5,2
7181,k019,266,8,-45,11,6,1704930.5,2
7182,k019,266,9,-45,12,5,1704959.5,2
7183,k019,266,10,-44,1,4,1704989.5,2
7184,k019,266,11,-44,2,3,1705019.5,3
7185,k019,266,12,-44,3,3,1705048.5,2
7186,k019,267,1,-44,4,2,1705078.5,3
7187,k019,267,2,-44,5,1,1705107.5,2
7188,k019,267,3,-44,5,30,1705136.5,2
7189,k019,267,4,-44,6,28,1705165.5,1
7190,k019,267,5,-44,7,28,1705195.5,2
7191,k019,267,6,-44,8,26,1705224.5,1
7192,k019,267,7,-44,9,25,1705254.5,1
7193,k019,267,8,-44,10,25,1705284.5,2
7194,k019,267,9,-44,11,23,1705313.5,1
7195,k019,267,10,-44,12,23,1705343.5,2
7196,k019,267,11,-43,1,22,1705373.5,2
7197,k019,267,12,-43,2,20,1705402.5,2
7198,k019,267,12.5,-43,3,22,1705432.5,2
7199,k019,268,1,-43,4,20,1705461.5,2
7200,k019,268,2,-43,5,20,1705491.5,2
7201,k019,268,3,-43,6,18,1705520.5,2
7202,k019,268,4,-43,7,17,1705549.5,1
7203,k019,268,5,-43,8,16,1705579.5,2
7204,k019,268,6,-43,9,14,1705608.5,1
7205,k019,268,7,-43,10,14,1705638.5,2
7206,k019,268,8,-43,11,13,1705668.5,2
7207,k019,268,9,-43,12,12,1705697.5,2
7208,k019,268,10,-42,1,11,1705727.5,2
7209,k019,268,11,-42,2,9,1705756.5,1
7210,k019,268,12,-42,3,11,1705786.5,2
7211,k019,269,1,-42,4,10,1705816.5,2
7212,k019,269,2,-42,5,9,1705845.5,2
7213,k019,269,3,-42,6,8,1705875.5,2
7214,k019,269,4,-42,7,7,1705904.5,2
7215,k019,269,5,-42,8,6,1705934.5,2
7216,k019,269,6,-42,9,4,1705963.5,2
7217,k019,269,7,-42,10,4,1705993.5,2
7218,k019,269,8,-42,11,2,1706022.5,2
7219,k019,269,9,-42,12,2,1706052.5,2
7220,k019,269,10,-42,12,31,1706081.5,2
7221,k019,269,11,-41,1,30,1706111.5,2
7222,k019,269,12,-41,2,28,1706140.5,2
7223,k019,270,1,-41,3,30,1706170.5,2
7224,k019,270,2,-41,4,28,1706199.5,2
7225,k019,270,3,-41,5,28,1706229.5,2
7226,k019,270,4,-41,6,27,1706259.5,2
7227,k019,270,5,-41,7,26,1706288.5,2
7228,k019,270,6,-41,8,25,1706318.5,2
7229,k019,270,7,-41,9,23,1706347.5,2
7230,k019,270,8,-41,10,23,1706377.5,2
7231,k019,270,9,-41,11,21,1706406.5,2
7232,k019,270,10,-41,12,21,1706436.5,2
7233,k019,270,11,-40,1,19,1706465.5,2
7234,k019,270,12,-40,2,17,1706494.5,1
7235,k019,270,12.5,-40,3,18,1706524.5,2
7236,k019,271,1,-40,4,16,1706553.5,1
7237,k019,271,2,-40,5,16,1706583.5,2
7238,k019,271,3,-40,6,15,1706613.5,2
7239,k019,271,4,-40,7,14,1706642.5,2
7240,k019,271,5,-40,8,13,1706672.5,2
7241,k019,271,6,-40,9,12,1706702.5,2
7242,k019,271,7,-40,10,12,1706732.5,3
7243,k019,271,8,-40,11,10,1706761.5,2
7244,k019,271,9,-40,12,9,1706790.5,2
7245,k019,271,10,-39,1,7,1706819.5,1
7246,k019,271,11,-39,2,6,1706849.5,2
7247,k019,271,12,-39,3,7,1706878.5,1
7248,k019,272,1,-39,4,6,1706908.5,2
7249,k019,272,2,-39,5,5,1706937.5,1
7250,k019,272,3,-39,6,4,1706967.5,2
7251,k019,272,4,-39,7,3,1706996.5,1
7252,k019,272,5,-39,8,2,1707026.5,2
7253,k019,272,6,-39,9,1,1707056.5,2
7254,k019,272,7,-39,10,1,1707086.5,3
7255,k019,272,8,-39,10,31,1707116.5,3
7256,k019,272,9,-39,11,29,1707145.5,3
7257,k019,272,10,-39,12,28,1707174.5,2
7258,k019,272,11,-38,1,26,1707203.5,1
7259,k019,272,12,-38,2,25,1707233.5,2
7260,k019,273,1,-38,3,26,1707262.5,1
7261,k019,273,2,-38,4,25,1707292.5,2
7262,k019,273,3,-38,5,24,1707321.5,1
7263,k019,273,4,-38,6,23,1707351.5,2
7264,k019,273,5,-38,7,22,1707380.5,1
7265,k019,273,6,-38,8,21,1707410.5,2
7266,k019,273,7,-38,9,20,1707440.5,2
7267,k019,273,8,-38,10,20,1707470.5,3
7268,k019,273,9,-38,11,18,1707499.5,2
7269,k019,273,10,-38,12,18,1707529.5,3
7270,k019,273,11,-37,1,16,1707558.5,2
7271,k019,273,12,-37,2,14,1707587.5,2
7272,k019,273,12.5,-37,3,16,1707617.5,2
7273,k019,274,1,-37,4,14,1707646.5,2
7274,k019,274,2,-37,5,13,1707675.5,1
7275,k019,274,3,-37,6,12,1707705.5,1
7276,k019,274,4,-37,7,12,1707735.5,2
7277,k019,274,5,-37,8,10,1707764.5,1
7278,k019,274,6,-37,9,9,1707794.5,2
7279,k019,274,7,-37,10,9,1707824.5,2
7280,k019,274,8,-37,11,8,1707854.5,3
7281,k019,274,9,-37,12,7,1707883.5,2
7282,k019,274,10,-36,1,6,1707913.5,3
7283,k019,274,11,-36,2,4,1707942.5,2
7284,k019,274,12,-36,3,4,1707971.5,2
7285,k019,275,1,-36,4,3,1708001.5,2
7286,k019,275,2,-36,5,2,1708030.5,2
7287,k019,275,3,-36,6,1,1708060.5,2
7288,k019,275,4,-36,6,30,1708089.5,2
7289,k019,275,5,-36,7,30,1708119.5,2
7290,k019,275,6,-36,8,28,1708148.5,1
7291,k019,275,7,-36,9,27,1708178.5,2
7292,k019,275,8,-36,10,26,1708207.5,1
7293,k019,275,9,-36,11,25,1708237.5,2
7294,k019,275,10,-36,12,25,1708267.5,2
7295,k019,275,11,-35,1,23,1708296.5,2
7296,k019,275,12,-35,2,22,1708326.5,2
7297,k019,275,12.5,-35,3,23,1708355.5,2
7298,k019,276,1,-35,4,22,1708385.5,2
7299,k019,276,2,-35,5,21,1708414.5,2
7300,k019,276,3,-35,6,20,1708444.5,2
7301,k019,276,4,-35,7,19,1708473.5,2
7302,k019,276,5,-35,8,18,1708503.5,2
7303,k019,276,6,-35,9,16,1708532.5,2
7304,k019,276,7,-35,10,16,1708562.5,2
7305,k019,276,8,-35,11,14,1708591.5,2
7306,k019,276,9,-35,12,14,1708621.5,2
7307,k019,276,10,-34,1,12,1708650.5,1
7308,k019,276,11,-34,2,11,1708680.5,2
7309,k019,276,12,-34,3,13,1708710.5,2
7310,k019,277,1,-34,4,11,1708739.5,2
7311,k019,277,2,-34,5,11,1708769.5,2
7312,k019,277,3,-34,6,9,1708798.5,2
7313,k019,277,4,-34,7,9,1708828.5,2
7314,k019,277,5,-34,8,7,1708857.5,2
7315,k019,277,6,-34,9,6,1708887.5,2
7316,k019,277,7,-34,10,5,1708916.5,2
7317,k019,277,8,-34,11,3,1708945.5,1
7318,k019,277,9,-34,12,3,1708975.5,2
7319,k019,277,10,-33,1,1,1709004.5,1
7320,k019,277,11,-33,1,31,1709034.5,2
7321,k019,277,12,-33,3,2,1709064.5,2
7322,k019,278,1,-33,4,1,1709094.5,3
7323,k019,278,2,-33,4,30,1709123.5,2
7324,k019,278,3,-33,5,30,1709153.5,2
7325,k019,278,4,-33,6,28,1709182.5,2
7326,k019,278,5,-33,7,28,1709212.5,2
7327,k019,278,6,-33,8,26,1709241.5,2
7328,k019,278,7,-33,9,25,1709271.5,2
7329,k019,278,8,-33,10,24,1709300.5,2
7330,k019,278,9,-33,11,22,1709329.5,1
7331,k019,278,10,-33,12,22,1709359.5,2
7332,k019,278,11,-32,1,20,1709388.5,1
7333,k019,278,12,-32,2,19,1709418.5,2
7334,k019,278,12.5,-32,3,20,1709448.5,2
7335,k019,279,1,-32,4,18,1709477.5,2
7336,k019,279,2,-32,5,18,1709507.5,2
7337,k019,279,3,-32,6,17,1709537.5,3
7338,k019,279,4,-32,7,16,1709566.5,2
7339,k019,279,5,-32,8,15,1709596.5,2
7340,k019,279,6,-32,9,13,1709625.5,2
7341,k019,279,7,-32,10,12,1709654.5,1
7342,k019,279,8,-32,11,11,1709684.5,2
7343,k019,279,9,-32,12,10,1709713.5,1
7344,k019,279,10,-31,1,9,1709743.5,2
7345,k019,279,11,-31,2,7,1709772.5,1
7346,k019,279,12,-31,3,9,1709802.5,2
7347,k019,280,1,-31,4,7,1709831.5,1
7348,k019,280,2,-31,5,7,1709861.5,2
7349,k019,280,3,-31,6,6,1709891.5,2
7350,k019,280,4,-31,7,5,1709920.5,2
7351,k019,280,5,-31,8,4,1709950.5,2
7352,k019,280,6,-31,9,3,1709980.5,3
7353,k019,280,7,-31,10,2,1710009.5,2
7354,k019,280,8,-31,10,31,1710038.5,2
7355,k019,280,9,-31,11,30,1710068.5,2
7356,k019,280,10,-31,12,29,1710097.5,1
7357,k019,280,11,-30,1,28,1710127.5,2
7358,k019,280,12,-30,2,26,1710156.5,1
7359,k019,281,1,-30,3,28,1710186.5,2
7360,k019,281,2,-30,4,26,1710215.5,1
7361,k019,281,3,-30,5,26,1710245.5,2
7362,k019,281,4,-30,6,24,1710274.5,1
7363,k019,281,5,-30,7,24,1710304.5,2
7364,k019,281,6,-30,8,23,1710334.5,2
7365,k019,281,7,-30,9,21,1710363.5,2
7366,k019,281,8,-30,10,20,1710392.5,1
7367,k019,281,9,-30,11,19,1710422.5,2
7368,k019,281,10,-30,12,19,1710452.5,2
7369,k019,281,11,-29,1,17,1710481.5,2
7370,k019,281,12,-29,2,16,1710511.5,2
7371,k019,281,12.5,-29,3,17,1710540.5,2
7372,k019,282,1,-29,4,16,1710570.5,2
7373,k019,282,2,-29,5,15,1710599.5,1
7374,k019,282,3,-29,6,14,1710629.5,2
7375,k019,282,4,-29,7,13,1710658.5,1
7376,k019,282,5,-29,8,12,1710688.5,2
7377,k019,282,6,-29,9,10,1710717.5,1
7378,k019,282,7,-29,10,10,1710747.5,2
7379,k019,282,8,-29,11,9,1710777.5,2
7380,k019,282,9,-29,12,9,1710807.5,3
7381,k019,282,10,-28,1,7,1710836.5,2
7382,k019,282,11,-28,2,6,1710866.5,3
7383,k019,282,12,-28,3,6,1710895.5,2
7384,k019,283,1,-28,4,4,1710924.5,2
7385,k019,283,2,-28,5,4,1710954.5,2
7386,k019,283,3,-28,6,2,1710983.5,2
7387,k019,283,4,-28,7,1,1711012.5,1
7388,k019,283,5,-28,7,31,1711042.5,1
7389,k019,283,6,-28,8,29,1711071.5,1
7390,k019,283,7,-28,9,28,1711101.5,1
7391,k019,283,8,-28,10,28,1711131.5,2
7392,k019,283,9,-28,11,27,1711161.5,2
7393,k019,283,10,-28,12,27,1711191.5,3
7394,k019,283,11,-27,1,25,1711220.5,2
7395,k019,283,12,-27,2,24,1711250.5,3
7396,k019,284,1,-27,3,25,1711279.5,2
7397,k019,284,2,-27,4,23,1711308.5,2
7398,k019,284,3,-27,5,23,1711338.5,2
7399,k019,284,4,-27,6,21,1711367.5,2
7400,k019,284,5,-27,7,20,1711396.5,1
7401,k019,284,6,-27,8,19,1711426.5,2
7402,k019,284,6.5,-27,9,17,1711455.5,1
7403,k019,284,7,-27,10,17,1711485.5,2
7404,k019,284,8,-27,11,16,1711515.5,2
7405,k019,284,9,-27,12,16,1711545.5,2
7406,k019,284,10,-26,1,14,1711574.5,2
7407,k019,284,11,-26,2,13,1711604.5,2
7408,k019,284,12,-26,3,14,1711633.5,2
7409,k019,285,1,-26,4,13,1711663.5,2
7410,k019,285,2,-26,5,12,1711692.5,2
7411,k019,285,3,-26,6,10,1711721.5,1
7412,k019,285,4,-26,7,10,1711751.5,2
7413,k019,285,5,-26,8,8,1711780.5,1
7414,k019,285,6,-26,9,7,1711810.5,2
7415,k019,285,7,-26,10,6,1711839.5,1
7416,k019,285,8,-26,11,5,1711869.5,2
7417,k019,285,9,-26,12,5,1711899.5,2
7418,k019,285,10,-25,1,3,1711928.5,2
7419,k019,285,11,-25,2,2,1711958.5,2
7420,k019,285,12,-25,3,4,1711988.5,3
7421,k019,286,1,-25,4,2,1712017.5,2
7422,k019,286,2,-25,5,2,1712047.5,2
7423,k019,286,3,-25,5,31,1712076.5,2
7424,k019,286,4,-25,6,29,1712105.5,1
7425,k019,286,5,-25,7,29,1712135.5,2
7426,k019,286,6,-25,8,27,1712164.5,1
7427,k019,286,7,-25,9,26,1712194.5,2
7428,k019,286,8,-25,10,25,1712223.5,1
7429,k019,286,9,-25,11,24,1712253.5,2
7430,k019,286,10,-25,12,24,1712283.5,2
7431,k019,286,11,-24,1,22,1712312.5,2
7432,k019,286,12,-24,2,21,1712342.5,2
7433,k019,286,12.5,-24,3,21,1712371.5,2
7434,k019,287,1,-24,4,20,1712401.5,2
7435,k019,287,2,-24,5,20,1712431.5,3
7436,k019,287,3,-24,6,18,1712460.5,2
7437,k019,287,4,-24,7,17,1712489.5,1
7438,k019,287,5,-24,8,16,1712519.5,2
7439,k019,287,6,-24,9,14,1712548.5,1
7440,k019,287,7,-24,10,14,1712578.5,2
7441,k019,287,8,-24,11,13,1712608.5,2
7442,k019,287,9,-24,12,12,1712637.5,2
7443,k019,287,10,-23,1,10,1712666.5,1
7444,k019,287,11,-23,2,9,1712696.5,2
7445,k019,287,12,-23,3,10,1712725.5,1
7446,k019,288,1,-23,4,9,1712755.5,2
7447,k019,288,2,-23,5,9,1712785.5,2
7448,k019,288,3,-23,6,7,1712814.5,2
7449,k019,288,4,-23,7,7,1712844.5,2
7450,k019,288,5,-23,8,5,1712873.5,2
7451,k019,288,6,-23,9,4,1712903.5,2
7452,k019,288,7,-23,10,4,1712933.5,3
7453,k019,288,8,-23,11,2,1712962.5,2
7454,k019,288,9,-23,12,1,1712991.5,1
7455,k019,288,10,-23,12,31,1713021.5,2
7456,k019,288,11,-22,1,29,1713050.5,1
7457,k019,288,12,-22,2,28,1713080.5,2
7458,k019,289,1,-22,3,29,1713109.5,1
7459,k019,289,2,-22,4,28,1713139.5,2
7460,k019,289,3,-22,5,27,1713168.5,1
7461,k019,289,4,-22,6,26,1713198.5,2
7462,k019,289,5,-22,7,26,1713228.5,2
7463,k019,289,6,-22,8,24,1713257.5,2
7464,k019,289,7,-22,9,23,1713287.5,2
7465,k019,289,8,-22,10,23,1713317.5,3
7466,k019,289,9,-22,11,21,1713346.5,2
7467,k019,289,10,-22,12,21,1713376.5,3
7468,k019,289,11,-21,1,19,1713405.5,2
7469,k019,289,12,-21,2,17,1713434.5,2
7470,k019,289,12.5,-21,3,18,1713463.5,1
7471,k019,290,1,-21,4,17,1713493.5,1
7472,k019,290,2,-21,5,16,1713522.5,1
7473,k019,290,3,-21,6,15,1713552.5,1
7474,k019,290,4,-21,7,15,1713582.5,2
7475,k019,290,5,-21,8,14,1713612.5,2
7476,k019,290,6,-21,9,13,1713642.5,3
7477,k019,290,7,-21,10,12,1713671.5,2
7478,k019,290,8,-21,11,11,1713701.5,3
7479,k019,290,9,-21,12,10,1713730.5,2
7480,k019,290,10,-20,1,8,1713759.5,2
7481,k019,290,11,-20,2,7,1713789.5,2
7482,k019,290,12,-20,3,7,1713818.5,2
7483,k019,291,1,-20,4,5,1713847.5,1
7484,k019,291,2,-20,5,5,1713877.5,2
7485,k019,291,3,-20,6,3,1713906.5,1
7486,k019,291,4,-20,7,3,1713936.5,1
7487,k019,291,5,-20,8,2,1713966.5,2
7488,k019,291,6,-20,9,1,1713996.5,2
7489,k019,291,7,-20,10,1,1714026.5,3
7490,k019,291,8,-20,10,30,1714055.5,2
7491,k019,291,9,-20,11,29,1714085.5,3
7492,k019,291,10,-20,12,28,1714114.5,2
7493,k019,291,11,-19,1,26,1714143.5,2
7494,k019,291,12,-19,2,25,1714173.5,2
7495,k019,292,1,-19,3,26,1714202.5,2
7496,k019,292,2,-19,4,24,1714231.5,1
7497,k019,292,3,-19,5,24,1714261.5,2
7498,k019,292,4,-19,6,22,1714290.5,1
7499,k019,292,5,-19,7,22,1714320.5,2
7500,k019,292,6,-19,8,21,1714350.5,2
7501,k019,292,7,-19,9,20,1714380.5,3
7502,k019,292,8,-19,10,19,1714409.5,2
7503,k019,292,9,-19,11,18,1714439.5,2
7504,k019,292,10,-19,12,17,1714468.5,2
7505,k019,292,11,-18,1,16,1714498.5,2
7506,k019,292,12,-18,2,14,1714527.5,2
7507,k019,292,12.5,-18,3,16,1714557.5,2
7508,k019,293,1,-18,4,14,1714586.5,2
7509,k019,293,2,-18,5,13,1714615.5,1
7510,k019,293,3,-18,6,12,1714645.5,2
7511,k019,293,4,-18,7,11,1714674.5,1
7512,k019,293,5,-18,8,10,1714704.5,2
7513,k019,293,6,-18,9,9,1714734.5,2
7514,k019,293,7,-18,10,8,1714763.5,2
7515,k019,293,8,-18,11,7,1714793.5,2
7516,k019,293,9,-18,12,7,1714823.5,3
7517,k019,293,10,-17,1,5,1714852.5,2
7518,k019,293,11,-17,2,4,1714882.5,3
7519,k019,293,12,-17,3,5,1714911.5,2
7520,k019,294,1,-17,4,4,1714941.5,2
7521,k019,294,2,-17,5,3,1714970.5,2
7522,k019,294,3,-17,6,2,1715000.5,2
7523,k019,294,4,-17,7,1,1715029.5,2
7524,k019,294,5,-17,7,30,1715058.5,1
7525,k019,294,6,-17,8,29,1715088.5,2
7526,k019,294,7,-17,9,27,1715117.5,1
7527,k019,294,8,-17,10,27,1715147.5,2
7528,k019,294,9,-17,11,25,1715176.5,1
7529,k019,294,10,-17,12,25,1715206.5,2
7530,k019,294,11,-16,1,24,1715236.5,2
7531,k019,294,12,-16,2,22,1715265.5,2
7532,k019,294,12.5,-16,3,23,1715295.5,2
7533,k019,295,1,-16,4,22,1715325.5,3
7534,k019,295,2,-16,5,21,1715354.5,2
7535,k019,295,3,-16,6,20,1715384.5,2
7536,k019,295,4,-16,7,19,1715413.5,2
7537,k019,295,5,-16,8,18,1715443.5,2
7538,k019,295,6,-16,9,16,1715472.5,2
7539,k019,295,7,-16,10,15,1715501.5,1
7540,k019,295,8,-16,11,14,1715531.5,2
7541,k019,295,9,-16,12,13,1715560.5,1
7542,k019,295,10,-15,1,12,1715590.5,2
7543,k019,295,11,-15,2,10,1715619.5,1
7544,k019,295,12,-15,3,12,1715649.5,2
7545,k019,296,1,-15,4,11,1715679.5,2
7546,k019,296,2,-15,5,11,1715709.5,3
7547,k019,296,3,-15,6,9,1715738.5,2
7548,k019,296,4,-15,7,9,1715768.5,3
7549,k019,296,5,-15,8,7,1715797.5,2
7550,k019,296,6,-15,9,6,1715827.5,3
7551,k019,296,7,-15,10,5,1715856.5,2
7552,k019,296,8,-15,11,3,1715885.5,1
7553,k019,296,9,-15,12,3,1715915.5,2
7554,k019,296,10,-14,1,1,1715944.5,1
7555,k019,296,11,-14,1,31,1715974.5,2
7556,k019,296,12,-14,3,1,1716003.5,1
7557,k019,297,1,-14,3,31,1716033.5,2
7558,k019,297,2,-14,4,30,1716063.5,2
7559,k019,297,3,-14,5,29,1716092.5,2
7560,k019,297,4,-14,6,28,1716122.5,2
7561,k019,297,5,-14,7,28,1716152.5,3
7562,k019,297,6,-14,8,26,1716181.5,2
7563,k019,297,7,-14,9,25,1716211.5,3
7564,k019,297,8,-14,10,24,1716240.5,2
7565,k019,297,9,-14,11,22,1716269.5,2
7566,k019,297,10,-14,12,22,1716299.5,2
7567,k019,297,11,-13,1,20,1716328.5,2
7568,k019,297,12,-13,2,19,1716358.5,2
7569,k019,297,12.5,-13,3,20,1716387.5,1
7570,k019,298,1,-13,4,19,1716417.5,2
7571,k019,298,2,-13,5,18,1716446.5,1
7572,k019,298,3,-13,6,17,1716476.5,2
7573,k019,298,4,-13,7,17,1716506.5,2
7574,k019,298,5,-13,8,15,1716535.5,2
7575,k019,298,6,-13,9,14,1716565.5,2
7576,k019,298,7,-13,10,13,1716594.5,2
7577,k019,298,8,-13,11,12,1716624.5,2
7578,k019,298,9,-13,12,11,1716653.5,2
7579,k019,298,10,-12,1,10,1716683.5,2
7580,k019,298,11,-12,2,8,1716712.5,2
7581,k019,298,12,-12,3,8,1716741.5,1
7582,k019,299,1,-12,4,7,1716771.5,2
7583,k019,299,2,-12,5,6,1716800.5,1
7584,k019,299,3,-12,6,5,1716830.5,1
7585,k019,299,4,-12,7,5,1716860.5,2
7586,k019,299,5,-12,8,4,1716890.5,2
7587,k019,299,6,-12,9,2,1716919.5,2
7588,k019,299,7,-12,10,2,1716949.5,2
7589,k019,299,8,-12,10,31,1716978.5,2
7590,k019,299,9,-12,11,30,1717008.5,2
7591,k019,299,10,-12,12,29,1717037.5,2
7592,k019,299,11,-11,1,28,1717067.5,2
7593,k019,299,12,-11,2,26,1717096.5,2
7594,k019,300,1,-11,3,28,1717126.5,2
7595,k019,300,2,-11,4,26,1717155.5,2
7596,k019,300,3,-11,5,26,1717185.5,2
7597,k019,300,4,-11,6,24,1717214.5,2
7598,k019,300,5,-11,7,23,1717243.5,1
7599,k019,300,6,-11,8,22,1717273.5,2
7600,k019,300,7,-11,9,21,1717303.5,2
7601,k019,300,8,-11,10,20,1717332.5,1
7602,k019,300,9,-11,11,19,1717362.5,2
7603,k019,300,10,-11,12,19,1717392.5,2
7604,k019,300,11,-10,1,17,1717421.5,2
7605,k019,300,12,-10,2,16,1717451.5,2
7606,k019,300,12.5,-10,3,17,1717480.5,2
7607,k019,301,1,-10,4,16,1717510.5,2
7608,k019,301,2,-10,5,15,1717539.5,2
7609,k019,301,3,-10,6,13,1717568.5,1
7610,k019,301,4,-10,7,13,1717598.5,2
7611,k019,301,5,-10,8,11,1717627.5,1
7612,k019,301,6,-10,9,10,1717657.5,2
7613,k019,301,7,-10,10,9,1717686.5,1
7614,k019,301,8,-10,11,8,1717716.5,2
7615,k019,301,9,-10,12,8,1717746.5,2
7616,k019,301,10,-9,1,7,1717776.5,3
7617,k019,301,11,-9,2,5,1717805.5,2
7618,k019,301,12,-9,3,7,1717835.5,2
7619,k019,302,1,-9,4,5,1717864.5,2
7620,k019,302,2,-9,5,4,1717893.5,1
7621,k019,302,3,-9,6,3,1717923.5,2
7622,k019,302,4,-9,7,2,1717952.5,1
7623,k019,302,5,-9,7,31,1717981.5,1
7624,k019,302,6,-9,8,30,1718011.5,1
7625,k019,302,7,-9,9,29,1718041.5,2
7626,k019,302,8,-9,10,28,1718070.5,1
7627,k019,302,9,-9,11,27,1718100.5,2
7628,k019,302,10,-9,12,27,1718130.5,2
7629,k019,302,11,-8,1,26,1718160.5,3
7630,k019,302,12,-8,2,24,1718189.5,2
7631,k019,303,1,-8,3,25,1718219.5,3
7632,k019,303,2,-8,4,23,1718248.5,2
7633,k019,303,3,-8,5,23,1718278.5,2
7634,k019,303,4,-8,6,21,1718307.5,2
7635,k019,303,5,-8,7,20,1718336.5,1
7636,k019,303,6,-8,8,18,1718365.5,1
7637,k019,303,6.5,-8,9,17,1718395.5,1
7638,k019,303,7,-8,10,17,1718425.5,2
7639,k019,303,8,-8,11,15,1718454.5,1
7640,k019,303,9,-8,12,15,1718484.5,2
7641,k019,303,10,-7,1,14,1718514.5,2
7642,k019,303,11,-7,2,12,1718543.5,2
7643,k019,303,12,-7,3,14,1718573.5,2
7644,k019,304,1,-7,4,13,1718603.5,3
7645,k019,304,2,-7,5,12,1718632.5,2
7646,k019,304,3,-7,6,10,1718661.5,2
7647,k019,304,4,-7,7,10,1718691.5,2
7648,k019,304,5,-7,8,8,1718720.5,2
7649,k019,304,6,-7,9,7,1718750.5,2
7650,k019,304,7,-7,10,6,1718779.5,1
7651,k019,304,8,-7,11,4,1718808.5,1
7652,k019,304,9,-7,12,4,1718838.5,1
7653,k019,304,10,-6,1,3,1718868.5,2
7654,k019,304,12,-6,2,1,1718897.5,1
7655,k019,304,12.5,-6,3,3,1718927.5,2
7656,k019,305,1,-6,4,2,1718957.5,2
7657,k019,305,2,-6,5,1,1718986.5,2
7658,k019,305,3,-6,5,31,1719016.5,2
7659,k019,305,4,-6,6,29,1719045.5,2
7660,k019,305,5,-6,7,29,1719075.5,2
7661,k019,305,6,-6,8,27,1719104.5,2
7662,k019,305,7,-6,9,26,1719134.5,2
7663,k019,305,8,-6,10,25,1719163.5,2
7664,k019,305,9,-6,11,24,1719193.5,2
7665,k019,305,10,-6,12,23,1719222.5,2
7666,k019,305,11,-5,1,22,1719252.5,2
7667,k019,305,12,-5,2,20,1719281.5,1
7668,k019,305,12.5,-5,3,22,1719311.5,2
7669,k019,306,1,-5,4,20,1719340.5,1
7670,k019,306,2,-5,5,20,1719370.5,2
7671,k019,306,3,-5,6,19,1719400.5,2
7672,k019,306,4,-5,7,18,1719429.5,2
7673,k019,306,5,-5,8,17,1719459.5,2
7674,k019,306,6,-5,9,15,1719488.5,2
7675,k019,306,7,-5,10,15,1719518.5,2
7676,k019,306,8,-5,11,14,1719548.5,3
7677,k019,306,9,-5,12,13,1719577.5,2
7678,k019,306,10,-4,1,11,1719606.5,2
7679,k019,306,11,-4,2,10,1719636.5,2
7680,k019,306,12,-4,3,10,1719665.5,2
7681,k019,307,1,-4,4,8,1719694.5,1
7682,k019,307,2,-4,5,8,1719724.5,1
7683,k019,307,3,-4,6,7,1719754.5,2
7684,k019,307,4,-4,7,6,1719783.5,1
7685,k019,307,5,-4,8,5,1719813.5,2
7686,k019,307,6,-4,9,4,1719843.5,2
7687,k019,307,7,-4,10,4,1719873.5,3
7688,k019,307,8,-4,11,2,1719902.5,2
7689,k019,307,9,-4,12,2,1719932.5,3
7690,k019,307,10,-4,12,31,1719961.5,2
7691,k019,307,11,-3,1,29,1719990.5,2
7692,k019,307,12,-3,2,27,1720019.5,1
7693,k019,308,1,-3,3,29,1720049.5,2
7694,k019,308,2,-3,4,27,1720078.5,1
7695,k019,308,3,-3,5,27,1720108.5,2
7696,k019,308,4,-3,6,25,1720137.5,1
7697,k019,308,5,-3,7,25,1720167.5,2
7698,k019,308,6,-3,8,24,1720197.5,2
7699,k019,308,7,-3,9,23,1720227.5,2
7700,k019,308,8,-3,10,23,1720257.5,3
7701,k019,308,9,-3,11,21,1720286.5,2
7702,k019,308,10,-3,12,21,1720316.5,3
7703,k019,308,11,-2,1,19,1720345.5,2
7704,k019,308,12,-2,2,17,1720374.5,2
7705,k019,308,12.5,-2,3,18,1720403.5,1
7706,k019,309,1,-2,4,17,1720433.5,2
7707,k019,309,2,-2,5,16,1720462.5,1
7708,k019,309,3,-2,6,15,1720492.5,2
7709,k019,309,4,-2,7,14,1720521.5,1
7710,k019,309,5,-2,8,13,1720551.5,2
7711,k019,309,6,-2,9,12,1720581.5,2
7712,k019,309,7,-2,10,12,1720611.5,3
7713,k019,309,8,-2,11,11,1720641.5,3
7714,k019,309,9,-2,12,10,1720670.5,3
7715,k019,309,10,-1,1,8,1720699.5,2
7716,k019,309,11,-1,2,7,1720729.5,2
7717,k019,309,12,-1,3,8,1720758.5,2
7718,k019,310,1,-1,4,6,1720787.5,1
7719,k019,310,2,-1,5,6,1720817.5,2
7720,k019,310,3,-1,6,4,1720846.5,1
7721,k019,310,4,-1,7,4,1720876.5,2
7722,k019,310,5,-1,8,2,1720905.5,1
7723,k019,310,6,-1,9,1,1720935.5,2
7724,k019,310,7,-1,10,1,1720965.5,2
7725,k019,310,8,-1,10,31,1720995.5,3
7726,k019,310,9,-1,11,29,1721024.5,2
7727,k019,310,10,-1,12,29,1721054.5,3
7728,k019,310,11,0,1,27,1721083.5,2
7729,k019,310,12,0,2,26,1721113.5,3
7730,k019,311,1,0,3,26,1721142.5,2
7731,k019,311,2,0,4,24,1721171.5,1
7732,k019,311,3,0,5,24,1721201.5,2
7733,k019,311,4,0,6,22,1721230.5,1
7734,k019,311,5,0,7,22,1721260.5,2
7735,k019,311,6,0,8,20,1721289.5,1
7736,k019,311,7,0,9,19,1721319.5,2
7737,k019,311,8,0,10,19,1721349.5,2
7738,k019,311,9,0,11,17,1721378.5,2
7739,k019,311,10,0,12,17,1721408.5,2
7740,k019,311,11,1,1,15,1721437.5,2
7741,k019,311,12,1,2,14,1721467.5,2
7742,k019,311,12.5,1,3,16,1721497.5,3
7743,k019,312,1,1,4,14,1721526.5,2
7744,k019,312,2,1,5,13,1721555.5,2
7745,k019,312,3,1,6,12,1721585.5,2
7746,k019,312,4,1,7,11,1721614.5,2
7747,k019,312,5,1,8,10,1721644.5,2
7748,k019,312,6,1,9,9,1721674.5,2
7749,k019,312,7,1,10,8,1721703.5,2
7750,k019,312,8,1,11,6,1721732.5,1
7751,k019,312,9,1,12,6,1721762.5,2
7752,k019,312,10,2,1,4,1721791.5,1
7753,k019,312,11,2,2,3,1721821.5,2
7754,k019,312,12,2,3,5,1721851.5,2
7755,k019,313,1,2,4,3,1721880.5,2
7756,k019,313,2,2,5,3,1721910.5,2
7757,k019,313,3,2,6,2,1721940.5,3
7758,k019,313,4,2,7,1,1721969.5,2
7759,k019,313,5,2,7,30,1721998.5,2
7760,k019,313,6,2,8,29,1722028.5,2
7761,k019,313,7,2,9,27,1722057.5,2
7762,k019,313,8,2,10,27,1722087.5,2
7763,k019,313,9,2,11,25,1722116.5,2
7764,k019,313,10,2,12,24,1722145.5,1
7765,k019,313,11,3,1,23,1722175.5,1
7766,k019,313,12,3,2,22,1722205.5,2
7767,k019,313,12.5,3,3,23,1722234.5,1
7768,k019,314,1,3,4,22,1722264.5,2
7769,k019,314,2,3,5,22,1722294.5,2
7770,k019,314,3,3,6,20,1722323.5,2
7771,k019,314,4,3,7,20,1722353.5,2
7772,k019,314,5,3,8,18,1722382.5,2
7773,k019,314,6,3,9,17,1722412.5,2
7774,k019,314,7,3,10,16,1722441.5,2
7775,k019,314,8,3,11,15,1722471.5,2
7776,k019,314,9,3,12,14,1722500.5,2
7777,k019,314,10,4,1,12,1722529.5,1
7778,k019,314,11,4,2,11,1722559.5,2
7779,k019,314,12,4,3,12,1722589.5,2
7780,k019,315,1,4,4,10,1722618.5,1
7781,k019,315,2,4,5,10,1722648.5,2
7782,k019,315,3,4,6,9,1722678.5,2
7783,k019,315,4,4,7,8,1722707.5,2
7784,k019,315,5,4,8,7,1722737.5,2
7785,k019,315,6,4,9,6,1722767.5,3
7786,k019,315,7,4,10,5,1722796.5,2
7787,k019,315,8,4,11,3,1722825.5,2
7788,k019,315,9,4,12,2,1722854.5,1
7789,k019,315,10,5,1,1,1722884.5,2
7790,k019,315,11,5,1,30,1722913.5,1
7791,k019,315,12,5,3,1,1722943.5,2
7792,k019,316,1,5,3,30,1722972.5,1
7793,k019,316,2,5,4,29,1723002.5,2
7794,k019,316,3,5,5,29,1723032.5,2
7795,k019,316,4,5,6,27,1723061.5,2
7796,k019,316,5,5,7,27,1723091.5,2
7797,k019,316,6,5,8,26,1723121.5,2
7798,k019,316,7,5,9,24,1723150.5,2
7799,k019,316,8,5,10,24,1723180.5,2
7800,k019,316,9,5,11,22,1723209.5,2
7801,k019,316,10,5,12,22,1723239.5,2
7802,k019,316,11,6,1,20,1723268.5,2
7803,k019,316,12,6,2,18,1723297.5,1
7804,k019,316,12.5,6,3,20,1723327.5,2
7805,k019,317,1,6,4,18,1723356.5,1
7806,k019,317,2,6,5,18,1723386.5,2
7807,k019,317,3,6,6,16,1723415.5,1
7808,k019,317,4,6,7,16,1723445.5,2
7809,k019,317,5,6,8,15,1723475.5,2
7810,k019,317,6,6,9,13,1723504.5,2
7811,k019,317,7,6,10,13,1723534.5,2
7812,k019,317,8,6,11,12,1723564.5,3
7813,k019,317,9,6,12,11,1723593.5,2
7814,k019,317,10,7,1,10,1723623.5,2
7815,k019,317,11,7,2,8,1723652.5,2
7816,k019,317,12,7,3,10,1723682.5,2
7817,k019,318,1,7,4,8,1723711.5,2
7818,k019,318,2,7,5,7,1723740.5,1
7819,k019,318,3,7,6,6,1723770.5,2
7820,k019,318,4,7,7,6,1723800.5,2
7821,k019,318,5,7,8,4,1723829.5,2
7822,k019,318,6,7,9,2,1723858.5,1
7823,k019,318,7,7,10,2,1723888.5,2
7824,k019,318,8,7,11,1,1723918.5,2
7825,k019,318,9,7,12,1,1723948.5,3
7826,k019,318,10,7,12,30,1723977.5,2
7827,k019,318,11,8,1,29,1724007.5,3
7828,k019,318,12,8,2,27,1724036.5,2
7829,k019,319,1,8,3,28,1724066.5,2
7830,k019,319,2,8,4,26,1724095.5,2
7831,k019,319,3,8,5,25,1724124.5,1
7832,k019,319,4,8,6,24,1724154.5,2
7833,k019,319,5,8,7,23,1724183.5,1
7834,k019,319,6,8,8,21,1724212.5,1
7835,k019,319,7,8,9,20,1724242.5,1
7836,k019,319,8,8,10,20,1724272.5,2
7837,k019,319,9,8,11,19,1724302.5,2
7838,k019,319,10,8,12,18,1724331.5,2
7839,k019,319,11,9,1,17,1724361.5,2
7840,k019,319,12,9,2,16,1724391.5,3
7841,k019,319,12.5,9,3,17,1724420.5,2
7842,k019,320,1,9,4,16,1724450.5,3
7843,k019,320,2,9,5,15,1724479.5,2
7844,k019,320,3,9,6,13,1724508.5,2
7845,k019,320,4,9,7,12,1724537.5,1
7846,k019,320,5,9,8,11,1724567.5,1
7847,k019,320,6,9,9,9,1724596.5,1
7848,k019,320,7,9,10,9,1724626.5,1
7849,k019,320,8,9,11,8,1724656.5,2
7850,k019,320,9,9,12,7,1724685.5,1
7851,k019,320,10,10,1,6,1724715.5,2
7852,k019,320,11,10,2,5,1724745.5,2
7853,k019,320,12,10,3,7,1724775.5,3
7854,k019,321,1,10,4,5,1724804.5,2
7855,k019,321,2,10,5,5,1724834.5,3
7856,k019,321,3,10,6,3,1724863.5,2
7857,k019,321,4,10,7,2,1724892.5,2
7858,k019,321,5,10,8,1,1724922.5,2
7859,k019,321,6,10,8,30,1724951.5,2
7860,k019,321,7,10,9,28,1724980.5,1
7861,k019,321,8,10,10,28,1725010.5,2
7862,k019,321,9,10,11,27,1725040.5,2
7863,k019,321,10,10,12,26,1725069.5,1
7864,k019,321,11,11,1,25,1725099.5,2
7865,k019,321,12,11,2,24,1725129.5,2
7866,k019,322,1,11,3,25,1725158.5,2
7867,k019,322,2,11,4,23,1725187.5,1
7868,k019,322,3,11,5,23,1725217.5,2
7869,k019,322,4,11,6,22,1725247.5,2
7870,k019,322,5,11,7,21,1725276.5,2
7871,k019,322,6,11,8,19,1725305.5,1
7872,k019,322,6.5,11,9,18,1725335.5,2
7873,k019,322,7,11,10,17,1725364.5,1
7874,k019,322,8,11,11,16,1725394.5,2
7875,k019,322,9,11,12,16,1725424.5,2
7876,k019,322,10,12,1,14,1725453.5,2
7877,k019,322,11,12,2,13,1725483.5,2
7878,k019,322,12,12,3,13,1725512.5,1
7879,k019,323,1,12,4,12,1725542.5,2
7880,k019,323,2,12,5,12,1725572.5,2
7881,k019,323,3,12,6,10,1725601.5,2
7882,k019,323,4,12,7,10,1725631.5,2
7883,k019,323,5,12,8,8,1725660.5,2
7884,k019,323,6,12,9,7,1725690.5,2
7885,k019,323,7,12,10,6,1725719.5,2
7886,k019,323,8,12,11,5,1725749.5,2
7887,k019,323,9,12,12,4,1725778.5,2
7888,k019,323,10,13,1,3,1725808.5,2
7889,k019,323,11,13,2,1,1725837.5,2
7890,k019,323,12,13,3,3,1725867.5,2
7891,k019,324,1,13,4,1,1725896.5,2
7892,k019,324,2,13,5,1,1725926.5,2
7893,k019,324,3,13,5,30,1725955.5,2
7894,k019,324,4,13,6,29,1725985.5,2
7895,k019,324,5,13,7,28,1726014.5,1
7896,k019,324,6,13,8,27,1726044.5,2
7897,k019,324,7,13,9,26,1726074.5,2
7898,k019,324,8,13,10,25,1726103.5,2
7899,k019,324,9,13,11,24,1726133.5,2
7900,k019,324,10,13,12,23,1726162.5,2
7901,k019,324,11,14,1,21,1726191.5,1
7902,k019,324,12,14,2,20,1726221.5,2
7903,k019,324,12.5,14,3,21,1726250.5,1
7904,k019,325,1,14,4,20,1726280.5,2
7905,k019,325,2,14,5,19,1726309.5,1
7906,k019,325,3,14,6,18,1726339.5,2
7907,k019,325,4,14,7,18,1726369.5,2
7908,k019,325,5,14,8,16,1726398.5,2
7909,k019,325,6,14,9,15,1726428.5,2
7910,k019,325,7,14,10,15,1726458.5,3
7911,k019,325,8,14,11,14,1726488.5,3
7912,k019,325,9,14,12,13,1726517.5,2
7913,k019,325,10,15,1,11,1726546.5,2
7914,k019,325,11,15,2,9,1726575.5,1
7915,k019,325,12,15,3,11,1726605.5,2
7916,k019,326,1,15,4,9,1726634.5,1
7917,k019,326,2,15,5,9,1726664.5,2
7918,k019,326,3,15,6,7,1726693.5,1
7919,k019,326,4,15,7,7,1726723.5,2
7920,k019,326,5,15,8,5,1726752.5,1
7921,k019,326,6,15,9,4,1726782.5,2
7922,k019,326,7,15,10,4,1726812.5,2
7923,k019,326,8,15,11,3,1726842.5,3
7924,k019,326,9,15,12,3,1726872.5,3
7925,k019,326,10,16,1,1,1726901.5,3
7926,k019,326,11,16,1,30,1726930.5,2
7927,k019,326,12,16,2,28,1726959.5,1
7928,k019,327,1,16,3,29,1726989.5,2
7929,k019,327,2,16,4,27,1727018.5,1
7930,k019,327,3,16,5,26,1727047.5,1
7931,k019,327,4,16,6,25,1727077.5,1
7932,k019,327,5,16,7,24,1727106.5,1
7933,k019,327,6,16,8,23,1727136.5,1
7934,k019,327,7,16,9,22,1727166.5,2
7935,k019,327,8,16,10,22,1727196.5,2
7936,k019,327,9,16,11,21,1727226.5,3
7937,k019,327,10,16,12,20,1727255.5,2
7938,k019,327,11,17,1,19,1727285.5,3
7939,k019,327,12,17,2,17,1727314.5,2
7940,k019,327,12.5,17,3,19,1727344.5,3
7941,k019,328,1,17,4,17,1727373.5,2
7942,k019,328,2,17,5,16,1727402.5,2
7943,k019,328,3,17,6,14,1727431.5,1
7944,k019,328,4,17,7,14,1727461.5,1
7945,k019,328,5,17,8,13,1727491.5,2
7946,k019,328,6,17,9,11,1727520.5,1
7947,k019,328,7,17,10,11,1727550.5,2
7948,k019,328,8,17,11,10,1727580.5,2
7949,k019,328,9,17,12,9,1727609.5,2
7950,k019,328,10,18,1,8,1727639.5,2
7951,k019,328,11,18,2,7,1727669.5,3
7952,k019,328,12,18,3,8,1727698.5,2
7953,k019,329,1,18,4,6,1727727.5,2
7954,k019,329,2,18,5,6,1727757.5,2
7955,k019,329,3,18,6,4,1727786.5,2
7956,k019,329,4,18,7,4,1727816.5,2
7957,k019,329,5,18,8,2,1727845.5,2
7958,k019,329,6,18,9,1,1727875.5,2
7959,k019,329,7,18,9,30,1727904.5,2
7960,k019,329,8,18,10,30,1727934.5,2
7961,k019,329,9,18,11,28,1727963.5,1
7962,k019,329,10,18,12,28,1727993.5,2
7963,k019,329,11,19,1,27,1728023.5,2
7964,k019,329,12,19,2,25,1728052.5,2
7965,k019,330,1,19,3,27,1728082.5,2
7966,k019,330,2,19,4,25,1728111.5,2
7967,k019,330,3,19,5,25,1728141.5,2
7968,k019,330,4,19,6,23,1728170.5,2
7969,k019,330,5,19,7,23,1728200.5,2
7970,k019,330,6,19,8,21,1728229.5,2
7971,k019,330,7,19,9,20,1728259.5,2
7972,k019,330,8,19,10,19,1728288.5,2
7973,k019,330,9,19,11,18,1728318.5,2
7974,k019,330,10,19,12,17,1728347.5,2
7975,k019,330,11,20,1,16,1728377.5,2
7976,k019,330,12,20,2,14,1728406.5,1
7977,k019,330,12.5,20,3,15,1728436.5,2
7978,k019,331,1,20,4,14,1728466.5,2
7979,k019,331,2,20,5,13,1728495.5,2
7980,k019,331,3,20,6,12,1728525.5,2
7981,k019,331,4,20,7,11,1728554.5,2
7982,k019,331,5,20,8,10,1728584.5,2
7983,k019,331,6,20,9,8,1728613.5,2
7984,k019,331,7,20,10,8,1728643.5,2
7985,k019,331,8,20,11,6,1728672.5,2
7986,k019,331,9,20,12,5,1728701.5,1
7987,k019,331,10,21,1,4,1728731.5,2
7988,k019,331,11,21,2,2,1728760.5,1
7989,k019,331,12,21,3,4,1728790.5,2
7990,k019,332,1,21,4,3,1728820.5,2
7991,k019,332,2,21,5,2,1728849.5,2
7992,k019,332,3,21,6,1,1728879.5,2
7993,k019,332,4,21,7,1,1728909.5,2
7994,k019,332,5,21,7,30,1728938.5,2
7995,k019,332,6,21,8,29,1728968.5,2
7996,k019,332,7,21,9,27,1728997.5,2
7997,k019,332,8,21,10,27,1729027.5,2
7998,k019,332,9,21,11,25,1729056.5,2
7999,k019,332,10,21,12,24,1729085.5,1
8000,k019,332,11,22,1,23,1729115.5,2
8001,k019,332,12,22,2,21,1729144.5,1
8002,k019,332,12.5,22,3,23,1729174.5,2
8003,k019,333,1,22,4,21,1729203.5,1
8004,k019,333,2,22,5,21,1729233.5,2
8005,k019,333,3,22,6,20,1729263.5,2
8006,k019,333,4,22,7,20,1729293.5,3
8007,k019,333,5,22,8,18,1729322.5,2
8008,k019,333,6,22,9,17,1729352.5,3
8009,k019,333,7,22,10,16,1729381.5,2
8010,k019,333,8,22,11,15,1729411.5,2
8011,k019,333,9,22,12,14,1729440.5,2
8012,k019,333,10,23,1,12,1729469.5,1
8013,k019,333,11,23,2,11,1729499.5,2
8014,k019,333,12,23,3,12,1729528.5,1
8015,k019,334,1,23,4,11,1729558.5,2
8016,k019,334,2,23,5,10,1729587.5,1
8017,k019,334,3,23,6,9,1729617.5,2
8018,k019,334,4,23,7,9,1729647.5,2
8019,k019,334,5,23,8,8,1729677.5,3
8020,k019,334,6,23,9,6,1729706.5,2
8021,k019,334,7,23,10,6,1729736.5,3
8022,k019,334,8,23,11,4,1729765.5,2
8023,k019,334,9,23,12,3,1729794.5,2
8024,k019,334,10,24,1,2,1729824.5,2
8025,k019,334,11,24,1,31,1729853.5,1
8026,k019,334,12,24,3,1,1729883.5,2
8027,k019,335,1,24,3,30,1729912.5,1
8028,k019,335,2,24,4,29,1729942.5,2
8029,k019,335,3,24,5,28,1729971.5,1
8030,k019,335,4,24,6,27,1730001.5,2
8031,k019,335,5,24,7,26,1730030.5,1
8032,k019,335,6,24,8,25,1730060.5,2
8033,k019,335,7,24,9,24,1730090.5,2
8034,k019,335,8,24,10,23,1730119.5,2
8035,k019,335,9,24,11,22,1730149.5,2
8036,k019,335,10,24,12,21,1730178.5,2
8037,k019,335,11,25,1,20,1730208.5,2
8038,k019,335,12,25,2,18,1730237.5,2
8039,k019,335,12.5,25,3,20,1730267.5,2
8040,k019,336,1,25,4,18,1730296.5,2
8041,k019,336,2,25,5,18,1730326.5,2
8042,k019,336,3,25,6,16,1730355.5,1
8043,k019,336,4,25,7,16,1730385.5,2
8044,k019,336,5,25,8,14,1730414.5,1
8045,k019,336,6,25,9,13,1730444.5,2
8046,k019,336,7,25,10,12,1730473.5,1
8047,k019,336,8,25,11,11,1730503.5,2
8048,k019,336,9,25,12,11,1730533.5,2
8049,k019,336,10,26,1,10,1730563.5,3
8050,k019,336,11,26,2,8,1730592.5,2
8051,k019,336,12,26,3,10,1730622.5,3
8052,k019,337,1,26,4,8,1730651.5,2
8053,k019,337,2,26,5,7,1730680.5,2
8054,k019,337,3,26,6,6,1730710.5,2
8055,k019,337,4,26,7,5,1730739.5,2
8056,k019,337,5,26,8,3,1730768.5,1
8057,k019,337,6,26,9,2,1730798.5,2
8058,k019,337,7,26,10,1,1730827.5,1
8059,k019,337,8,26,10,31,1730857.5,1
8060,k019,337,9,26,11,30,1730887.5,2
8061,k019,337,10,26,12,30,1730917.5,2
8062,k019,337,11,27,1,28,1730946.5,2
8063,k019,337,12,27,2,27,1730976.5,2
8064,k019,338,1,27,3,28,1731005.5,2
8065,k019,338,2,27,4,27,1731035.5,2
8066,k019,338,3,27,5,26,1731064.5,2
8067,k019,338,4,27,6,24,1731093.5,1
8068,k019,338,5,27,7,24,1731123.5,2
8069,k019,338,6,27,8,22,1731152.5,1
8070,k019,338,7,27,9,21,1731182.5,2
8071,k019,338,8,27,10,20,1731211.5,1
8072,k019,338,9,27,11,19,1731241.5,2
8073,k019,338,10,27,12,19,1731271.5,2
8074,k019,338,11,28,1,18,1731301.5,2
8075,k019,338,12,28,2,16,1731330.5,2
8076,k019,338,12.5,28,3,17,1731360.5,2
8077,k019,339,1,28,4,15,1731389.5,2
8078,k019,339,2,28,5,15,1731419.5,2
8079,k019,339,3,28,6,13,1731448.5,2
8080,k019,339,4,28,7,12,1731477.5,1
8081,k019,339,5,28,8,11,1731507.5,2
8082,k019,339,6,28,9,9,1731536.5,1
8083,k019,339,7,28,10,9,1731566.5,2
8084,k019,339,8,28,11,7,1731595.5,1
8085,k019,339,9,28,12,7,1731625.5,2
8086,k019,339,10,29,1,6,1731655.5,2
8087,k019,339,11,29,2,4,1731684.5,2
8088,k019,339,12,29,3,6,1731714.5,2
8089,k019,340,1,29,4,5,1731744.5,3
8090,k019,340,2,29,5,4,1731773.5,2
8091,k019,340,3,29,6,3,1731803.5,2
8092,k019,340,4,29,7,2,1731832.5,2
8093,k019,340,5,29,7,31,1731861.5,1
8094,k019,340,6,29,8,30,1731891.5,2
8095,k019,340,7,29,9,28,1731920.5,1
8096,k019,340,8,29,10,28,1731950.5,2
8097,k019,340,9,29,11,26,1731979.5,1
8098,k019,340,10,29,12,26,1732009.5,2
8099,k019,340,11,30,1,24,1732038.5,1
8100,k019,340,12,30,2,23,1732068.5,2
8101,k019,341,1,30,3,25,1732098.5,2
8102,k019,341,2,30,4,23,1732127.5,2
8103,k019,341,3,30,5,23,1732157.5,2
8104,k019,341,4,30,6,21,1732186.5,2
8105,k019,341,5,30,7,21,1732216.5,2
8106,k019,341,6,30,8,19,1732245.5,2
8107,k019,341,6.5,30,9,18,1732275.5,2
8108,k019,341,7,30,10,17,1732304.5,1
8109,k019,341,8,30,11,16,1732334.5,2
8110,k019,341,9,30,12,15,1732363.5,1
8111,k019,341,10,31,1,14,1732393.5,2
8112,k019,341,11,31,2,12,1732422.5,1
8113,k019,341,12,31,3,14,1732452.5,2
8114,k019,342,1,31,4,12,1732481.5,1
8115,k019,342,2,31,5,12,1732511.5,2
8116,k019,342,3,31,6,11,1732541.5,2
8117,k019,342,4,31,7,10,1732570.5,2
8118,k019,342,5,31,8,9,1732600.5,2
8119,k019,342,6,31,9,7,1732629.5,2
8120,k019,342,7,31,10,7,1732659.5,2
8121,k019,342,8,31,11,6,1732689.5,3
8122,k019,342,9,31,12,5,1732718.5,2
8123,k019,342,10,32,1,3,1732747.5,1
8124,k019,342,11,32,2,2,1732777.5,2
8125,k019,342,12,32,3,2,1732806.5,1
8126,k019,343,1,32,4,1,1732836.5,2
8127,k019,343,2,32,4,30,1732865.5,1
8128,k019,343,3,32,5,30,1732895.5,2
8129,k019,343,4,32,6,28,1732924.5,1
8130,k019,343,5,32,7,28,1732954.5,2
8131,k019,343,6,32,8,27,1732984.5,2
8132,k019,343,7,32,9,26,1733014.5,3
8133,k019,343,8,32,10,25,1733043.5,2
8134,k019,343,9,32,11,24,1733073.5,3
8135,k019,343,10,32,12,23,1733102.5,2
8136,k019,343,11,33,1,21,1733131.5,2
8137,k019,343,12,33,2,20,1733161.5,2
8138,k019,343,12.5,33,3,21,1733190.5,2
8139,k019,344,1,33,4,19,1733219.5,1
8140,k019,344,2,33,5,19,1733249.5,1
8141,k019,344,3,33,6,17,1733278.5,1
8142,k019,344,4,33,7,17,1733308.5,1
8143,k019,344,5,33,8,16,1733338.5,2
8144,k019,344,6,33,9,15,1733368.5,2
8145,k019,344,7,33,10,15,1733398.5,3
8146,k019,344,8,33,11,13,1733427.5,2
8147,k019,344,9,33,12,13,1733457.5,3
8148,k019,344,10,34,1,11,1733486.5,2
8149,k019,344,11,34,2,9,1733515.5,2
8150,k019,344,12,34,3,11,1733545.5,2
8151,k019,345,1,34,4,9,1733574.5,2
8152,k019,345,2,34,5,8,1733603.5,1
8153,k019,345,3,34,6,7,1733633.5,2
8154,k019,345,4,34,7,6,1733662.5,1
8155,k019,345,5,34,8,5,1733692.5,2
8156,k019,345,6,34,9,4,1733722.5,2
8157,k019,345,7,34,10,4,1733752.5,2
8158,k019,345,8,34,11,2,1733781.5,2
8159,k019,345,9,34,12,2,1733811.5,2
8160,k019,345,10,35,1,1,1733841.5,3
8161,k019,345,11,35,1,30,1733870.5,2
8162,k019,345,12,35,2,28,1733899.5,2
8163,k019,346,1,35,3,30,1733929.5,2
8164,k019,346,2,35,4,28,1733958.5,2
8165,k019,346,3,35,5,27,1733987.5,1
8166,k019,346,4,35,6,26,1734017.5,2
8167,k019,346,5,35,7,25,1734046.5,1
8168,k019,346,6,35,8,24,1734076.5,2
8169,k019,346,7,35,9,23,1734106.5,2
8170,k019,346,8,35,10,22,1734135.5,2
8171,k019,346,9,35,11,21,1734165.5,2
8172,k019,346,10,35,12,21,1734195.5,2
8173,k019,346,11,36,1,19,1734224.5,2
8174,k019,346,12,36,2,18,1734254.5,2
8175,k019,346,12.5,36,3,18,1734283.5,2
8176,k019,347,1,36,4,17,1734313.5,2
8177,k019,347,2,36,5,16,1734342.5,2
8178,k019,347,3,36,6,14,1734371.5,1
8179,k019,347,4,36,7,14,1734401.5,2
8180,k019,347,5,36,8,12,1734430.5,1
8181,k019,347,6,36,9,11,1734460.5,2
8182,k019,347,7,36,10,11,1734490.5,2
8183,k019,347,8,36,11,9,1734519.5,2
8184,k019,347,9,36,12,9,1734549.5,2
8185,k019,347,10,37,1,7,1734578.5,2
8186,k019,347,11,37,2,6,1734608.5,2
8187,k019,347,12,37,3,8,1734638.5,3
8188,k019,348,1,37,4,6,1734667.5,2
8189,k019,348,2,37,5,6,1734697.5,2
8190,k019,348,3,37,6,4,1734726.5,2
8191,k019,348,4,37,7,4,1734756.5,2
8192,k019,348,5,37,8,2,1734785.5,2
8193,k019,348,6,37,8,31,1734814.5,1
8194,k019,348,7,37,9,30,1734844.5,2
8195,k019,348,8,37,10,30,1734874.5,2
8196,k019,348,9,37,11,28,1734903.5,2
8197,k019,348,10,37,12,27,1734932.5,1
8198,k019,348,11,38,1,26,1734962.5,2
8199,k019,348,12,38,2,25,1734992.5,2
8200,k019,349,1,38,3,26,1735021.5,2
8201,k019,349,2,38,4,25,1735051.5,2
8202,k019,349,3,38,5,25,1735081.5,3
8203,k019,349,4,38,6,23,1735110.5,2
8204,k019,349,5,38,7,23,1735140.5,3
8205,k019,349,6,38,8,21,1735169.5,2
8206,k019,349,7,38,9,20,1735199.5,2
8207,k019,349,8,38,10,19,1735228.5,2
8208,k019,349,9,38,11,17,1735257.5,1
8209,k019,349,10,38,12,17,1735287.5,2
8210,k019,349,11,39,1,15,1735316.5,1
8211,k019,349,12,39,2,14,1735346.5,2
8212,k019,349,12.5,39,3,15,1735375.5,1
8213,k019,350,1,39,4,14,1735405.5,2
8214,k019,350,2,39,5,14,1735435.5,2
8215,k019,350,3,39,6,12,1735464.5,2
8216,k019,350,4,39,7,12,1735494.5,2
8217,k019,350,5,39,8,11,1735524.5,3
8218,k019,350,6,39,9,9,1735553.5,2
8219,k019,350,7,39,10,9,1735583.5,3
8220,k019,350,8,39,11,7,1735612.5,2
8221,k019,350,9,39,12,6,1735641.5,1
8222,k019,350,10,40,1,5,1735671.5,2
8223,k019,350,11,40,2,3,1735700.5,1
8224,k019,350,12,40,3,4,1735730.5,2
8225,k019,351,1,40,4,2,1735759.5,1
8226,k019,351,2,40,5,2,1735789.5,2
8227,k019,351,3,40,5,31,1735818.5,1
8228,k019,351,4,40,6,30,1735848.5,2
8229,k019,351,5,40,7,30,1735878.5,2
8230,k019,351,6,40,8,29,1735908.5,3
8231,k019,351,7,40,9,27,1735937.5,2
8232,k019,351,8,40,10,27,1735967.5,3
8233,k019,351,9,40,11,25,1735996.5,2
8234,k019,351,10,40,12,24,1736025.5,2
8235,k019,351,11,41,1,23,1736055.5,2
8236,k019,351,12,41,2,21,1736084.5,2
8237,k019,351,12.5,41,3,22,1736113.5,1
8238,k019,352,1,41,4,21,1736143.5,1
8239,k019,352,2,41,5,21,1736173.5,2
8240,k019,352,3,41,6,19,1736202.5,1
8241,k019,352,4,41,7,19,1736232.5,2
8242,k019,352,5,41,8,18,1736262.5,2
8243,k019,352,6,41,9,17,1736292.5,3
8244,k019,352,7,41,10,16,1736321.5,2
8245,k019,352,8,41,11,14,1736350.5,2
8246,k019,352,9,41,12,14,1736380.5,2
8247,k019,352,10,42,1,12,1736409.5,2
8248,k019,352,11,42,2,11,1736439.5,2
8249,k019,352,12,42,3,12,1736468.5,2
8250,k019,353,1,42,4,10,1736497.5,1
8251,k019,353,2,42,5,10,1736527.5,2
8252,k019,353,3,42,6,8,1736556.5,1
8253,k019,353,4,42,7,8,1736586.5,2
8254,k019,353,5,42,8,7,1736616.5,2
8255,k019,353,6,42,9,5,1736645.5,1
8256,k019,353,7,42,10,5,1736675.5,2
8257,k019,353,8,42,11,4,1736705.5,2
8258,k019,353,9,42,12,3,1736734.5,2
8259,k019,353,10,43,1,1,1736763.5,1
8260,k019,353,11,43,1,31,1736793.5,2
8261,k019,353,12,43,3,2,1736823.5,2
8262,k019,354,1,43,3,31,1736852.5,2
8263,k019,354,2,43,4,29,1736881.5,1
8264,k019,354,3,43,5,29,1736911.5,2
8265,k019,354,4,43,6,27,1736940.5,1
8266,k019,354,5,43,7,27,1736970.5,2
8267,k019,354,6,43,8,25,1736999.5,1
8268,k019,354,7,43,9,24,1737029.5,2
8269,k019,354,8,43,10,24,1737059.5,2
8270,k019,354,9,43,11,22,1737088.5,1
8271,k019,354,10,43,12,22,1737118.5,2
8272,k019,354,11,44,1,21,1737148.5,2
8273,k019,354,12,44,2,19,1737177.5,2
8274,k019,354,12.5,44,3,20,1737207.5,2
8275,k019,355,1,44,4,18,1737236.5,2
8276,k019,355,2,44,5,18,1737266.5,2
8277,k019,355,3,44,6,16,1737295.5,2
8278,k019,355,4,44,7,15,1737324.5,1
8279,k019,355,5,44,8,14,1737354.5,2
8280,k019,355,6,44,9,12,1737383.5,1
8281,k019,355,7,44,10,12,1737413.5,2
8282,k019,355,8,44,11,10,1737442.5,1
8283,k019,355,9,44,12,10,1737472.5,2
8284,k019,355,10,45,1,9,1737502.5,2
8285,k019,355,11,45,2,8,1737532.5,3
8286,k019,355,12,45,3,9,1737561.5,2
8287,k019,356,1,45,4,8,1737591.5,2
8288,k019,356,2,45,5,7,1737620.5,2
8289,k019,356,3,45,6,6,1737650.5,2
8290,k019,356,4,45,7,5,1737679.5,2
8291,k019,356,5,45,8,3,1737708.5,1
8292,k019,356,6,45,9,2,1737738.5,2
8293,k019,356,7,45,10,1,1737767.5,1
8294,k019,356,8,45,10,31,1737797.5,2
8295,k019,356,9,45,11,29,1737826.5,1
8296,k019,356,10,45,12,29,1737856.5,2
8297,k019,356,11,46,1,28,1737886.5,2
8298,k019,356,12,46,2,27,1737916.5,3
8299,k019,357,1,46,3,28,1737945.5,2
8300,k019,357,2,46,4,27,1737975.5,3
8301,k019,357,3,46,5,26,1738004.5,2
8302,k019,357,4,46,6,25,1738034.5,3
8303,k019,357,5,46,7,24,1738063.5,2
8304,k019,357,6,46,8,22,1738092.5,1
8305,k019,357,7,46,9,20,1738121.5,1
8306,k019,357,8,46,10,20,1738151.5,1
8307,k019,357,9,46,11,19,1738181.5,2
8308,k019,357,10,46,12,18,1738210.5,1
8309,k019,357,11,47,1,17,1738240.5,2
8310,k019,357,12,47,2,16,1738270.5,2
8311,k019,357,12.5,47,3,17,1738299.5,2
8312,k019,358,1,47,4,16,1738329.5,2
8313,k019,358,2,47,5,16,1738359.5,3
8314,k019,358,3,47,6,14,1738388.5,2
8315,k019,358,4,47,7,13,1738417.5,2
8316,k019,358,5,47,8,12,1738447.5,2
8317,k019,358,6,47,9,10,1738476.5,2
8318,k019,358,7,47,10,10,1738506.5,2
8319,k019,358,8,47,11,8,1738535.5,1
8320,k019,358,9,47,12,8,1738565.5,2
8321,k019,358,10,48,1,6,1738594.5,1
8322,k019,358,11,48,2,5,1738624.5,2
8323,k019,358,12,48,3,5,1738653.5,1
8324,k019,359,1,48,4,4,1738683.5,2
8325,k019,359,2,48,5,4,1738713.5,2
8326,k019,359,3,48,6,2,1738742.5,2
8327,k019,359,4,48,7,2,1738772.5,2
8328,k019,359,5,48,7,31,1738801.5,2
8329,k019,359,6,48,8,30,1738831.5,2
8330,k019,359,7,48,9,28,1738860.5,2
8331,k019,359,8,48,10,28,1738890.5,2
8332,k019,359,9,48,11,26,1738919.5,2
8333,k019,359,10,48,12,26,1738949.5,2
8334,k019,359,11,49,1,24,1738978.5,2
8335,k019,359,12,49,2,23,1739008.5,2
8336,k019,360,1,49,3,24,1739037.5,1
8337,k019,360,2,49,4,23,1739067.5,2
8338,k019,360,3,49,5,22,1739096.5,1
8339,k019,360,4,49,6,21,1739126.5,2
8340,k019,360,5,49,7,20,1739155.5,1
8341,k019,360,6,49,8,19,1739185.5,2
8342,k019,360,6.5,49,9,18,1739215.5,2
8343,k019,360,7,49,10,18,1739245.5,3
8344,k019,360,8,49,11,16,1739274.5,2
8345,k019,360,9,49,12,15,1739303.5,2
8346,k019,360,10,50,1,14,1739333.5,2
8347,k019,360,11,50,2,12,1739362.5,2
8348,k019,360,12,50,3,13,1739391.5,1
8349,k019,361,1,50,4,12,1739421.5,2
8350,k019,361,2,50,5,11,1739450.5,1
8351,k019,361,3,50,6,10,1739480.5,2
8352,k019,361,4,50,7,9,1739509.5,1
8353,k019,361,5,50,8,8,1739539.5,1
8354,k019,361,6,50,9,7,1739569.5,2
8355,k019,361,7,50,10,7,1739599.5,2
8356,k019,361,8,50,11,6,1739629.5,3
8357,k019,361,9,50,12,5,1739658.5,2
8358,k019,361,10,51,1,4,1739688.5,3
8359,k019,361,11,51,2,2,1739717.5,2
8360,k019,361,12,51,3,3,1739746.5,2
8361,k019,362,1,51,4,1,1739775.5,1
8362,k019,362,2,51,5,1,1739805.5,2
8363,k019,362,3,51,5,30,1739834.5,1
8364,k019,362,4,51,6,29,1739864.5,2
8365,k019,362,5,51,7,28,1739893.5,1
8366,k019,362,6,51,8,27,1739923.5,2
8367,k019,362,7,51,9,26,1739953.5,2
8368,k019,362,8,51,10,26,1739983.5,2
8369,k019,362,9,51,11,25,1740013.5,3
8370,k019,362,10,51,12,24,1740042.5,2
8371,k019,362,11,52,1,22,1740071.5,2
8372,k019,362,12,52,2,21,1740101.5,2
8373,k019,362,12.5,52,3,21,1740130.5,2
8374,k019,363,1,52,4,19,1740159.5,1
8375,k019,363,2,52,5,19,1740189.5,2
8376,k019,363,3,52,6,17,1740218.5,1
8377,k019,363,4,52,7,16,1740247.5,1
8378,k019,363,5,52,8,15,1740277.5,1
8379,k019,363,6,52,9,14,1740307.5,2
8380,k019,363,7,52,10,14,1740337.5,2
8381,k019,363,8,52,11,13,1740367.5,3
8382,k019,363,9,52,12,12,1740396.5,2
8383,k019,363,10,53,1,11,1740426.5,3
8384,k019,363,11,53,2,9,1740455.5,2
8385,k019,363,12,53,3,11,1740485.5,2
8386,k019,364,1,53,4,9,1740514.5,2
8387,k019,364,2,53,5,8,1740543.5,1
8388,k019,364,3,53,6,7,1740573.5,2
8389,k019,364,4,53,7,6,1740602.5,1
8390,k019,364,5,53,8,5,1740632.5,2
8391,k019,364,6,53,9,3,1740661.5,1
8392,k019,364,7,53,10,3,1740691.5,2
8393,k019,364,8,53,11,2,1740721.5,2
8394,k019,364,9,53,12,1,1740750.5,2
8395,k019,364,10,53,12,31,1740780.5,2
8396,k019,364,11,54,1,30,1740810.5,3
8397,k019,364,12,54,2,28,1740839.5,2
8398,k019,365,1,54,3,30,1740869.5,3
8399,k019,365,2,54,4,28,1740898.5,2
8400,k019,365,3,54,5,27,1740927.5,2
8401,k019,365,4,54,6,26,1740957.5,2
8402,k019,365,5,54,7,25,1740986.5,1
8403,k019,365,6,54,8,24,1741016.5,2
8404,k019,365,7,54,9,22,1741045.5,1
8405,k019,365,8,54,10,22,1741075.5,2
8406,k019,365,9,54,11,20,1741104.5,1
8407,k019,365,10,54,12,20,1741134.5,2
8408,k019,365,11,55,1,19,1741164.5,2
8409,k019,365,12,55,2,17,1741193.5,2
8410,k019,365,12.5,55,3,19,1741223.5,2
8411,k019,366,1,55,4,17,1741252.5,2
8412,k019,366,2,55,5,17,1741282.5,2
8413,k019,366,3,55,6,15,1741311.5,2
8414,k019,366,4,55,7,15,1741341.5,2
8415,k019,366,5,55,8,13,1741370.5,2
8416,k019,366,6,55,9,12,1741400.5,2
8417,k019,366,7,55,10,11,1741429.5,1
8418,k019,366,8,55,11,10,1741459.5,2
8419,k019,366,9,55,12,9,1741488.5,1
8420,k019,366,10,56,1,8,1741518.5,2
8421,k019,366,11,56,2,6,1741547.5,1
8422,k019,366,12,56,3,7,1741577.5,2
8423,k019,367,1,56,4,6,1741607.5,2
8424,k019,367,2,56,5,5,1741636.5,2
8425,k019,367,3,56,6,4,1741666.5,2
8426,k019,367,4,56,7,4,1741696.5,3
8427,k019,367,5,56,8,2,1741725.5,2
8428,k019,367,6,56,9,1,1741755.5,3
8429,k019,367,7,56,9,30,1741784.5,2
8430,k019,367,8,56,10,29,1741813.5,2
8431,k019,367,9,56,11,28,1741843.5,2
8432,k019,367,10,56,12,27,1741872.5,2
8433,k019,367,11,57,1,25,1741901.5,1
8434,k019,367,12,57,2,24,1741931.5,1
8435,k019,368,1,57,3,26,1741961.5,2
8436,k019,368,2,57,4,24,1741990.5,1
8437,k019,368,3,57,5,24,1742020.5,2
8438,k019,368,4,57,6,23,1742050.5,2
8439,k019,368,5,57,7,23,1742080.5,3
8440,k019,368,6,57,8,21,1742109.5,2
8441,k019,368,7,57,9,20,1742139.5,3
8442,k019,368,8,57,10,19,1742168.5,2
8443,k019,368,9,57,11,17,1742197.5,2
8444,k019,368,10,57,12,17,1742227.5,2
8445,k019,368,11,58,1,15,1742256.5,2
8446,k019,368,12,58,2,13,1742285.5,1
8447,k019,368,12.5,58,3,15,1742315.5,2
8448,k019,369,1,58,4,13,1742344.5,1
8449,k019,369,2,58,5,13,1742374.5,2
8450,k019,369,3,58,6,12,1742404.5,2
8451,k019,369,4,58,7,12,1742434.5,2
8452,k019,369,5,58,8,10,1742463.5,2
8453,k019,369,6,58,9,9,1742493.5,2
8454,k019,369,7,58,10,9,1742523.5,3
8455,k019,369,8,58,11,7,1742552.5,2
8456,k019,369,9,58,12,6,1742581.5,2
8457,k019,369,10,59,1,5,1742611.5,2
8458,k019,369,11,59,2,3,1742640.5,2
8459,k019,369,12,59,3,4,1742669.5,1
8460,k019,370,1,59,4,3,1742699.5,2
8461,k019,370,2,59,5,2,1742728.5,1
8462,k019,370,3,59,6,1,1742758.5,2
8463,k019,370,4,59,7,1,1742788.5,2
8464,k019,370,5,59,7,30,1742817.5,2
8465,k019,370,6,59,8,29,1742847.5,2
8466,k019,370,7,59,9,28,1742877.5,2
8467,k019,370,8,59,10,27,1742906.5,2
8468,k019,370,9,59,11,26,1742936.5,2
8469,k019,370,10,59,12,25,1742965.5,2
8470,k019,370,11,60,1,24,1742995.5,2
8471,k019,370,12,60,2,22,1743024.5,2
8472,k019,370,12.5,60,3,22,1743053.5,1
8473,k019,371,1,60,4,21,1743083.5,2
8474,k019,371,2,60,5,20,1743112.5,1
8475,k019,371,3,60,6,19,1743142.5,2
8476,k019,371,4,60,7,18,1743171.5,1
8477,k019,371,5,60,8,17,1743201.5,2
8478,k019,371,6,60,9,16,1743231.5,2
8479,k019,371,7,60,10,15,1743260.5,2
8480,k019,371,8,60,11,14,1743290.5,2
8481,k019,371,9,60,12,14,1743320.5,3
8482,k019,371,10,61,1,12,1743349.5,2
8483,k019,371,11,61,2,11,1743379.5,2
8484,k019,371,12,61,3,12,1743408.5,2
8485,k019,372,1,61,4,10,1743437.5,1
8486,k019,372,2,61,5,10,1743467.5,2
8487,k019,372,3,61,6,8,1743496.5,1
8488,k019,372,4,61,7,8,1743526.5,2
8489,k019,372,5,61,8,6,1743555.5,1
8490,k019,372,6,61,9,5,1743585.5,2
8491,k019,372,7,61,10,4,1743614.5,1
8492,k019,372,8,61,11,3,1743644.5,2
8493,k019,372,9,61,12,3,1743674.5,2
8494,k019,372,10,62,1,1,1743703.5,2
8495,k019,372,11,62,1,31,1743733.5,2
8496,k019,372,12,62,3,1,1743762.5,2
8497,k019,373,1,62,3,31,1743792.5,2
8498,k019,373,2,62,4,30,1743822.5,3
8499,k019,373,3,62,5,29,1743851.5,2
8500,k019,373,4,62,6,27,1743880.5,1
8501,k019,373,5,62,7,27,1743910.5,2
8502,k019,373,6,62,8,25,1743939.5,1
8503,k019,373,7,62,9,23,1743968.5,1
8504,k019,373,8,62,10,23,1743998.5,1
8505,k019,373,9,62,11,22,1744028.5,2
8506,k019,373,10,62,12,22,1744058.5,2
8507,k019,373,11,63,1,20,1744087.5,2
8508,k019,373,12,63,2,19,1744117.5,2
8509,k019,373,12.5,63,3,21,1744147.5,3
8510,k019,374,1,63,4,19,1744176.5,2
8511,k019,374,2,63,5,19,1744206.5,3
8512,k019,374,3,63,6,17,1744235.5,2
8513,k019,374,4,63,7,16,1744264.5,2
8514,k019,374,5,63,8,15,1744294.5,2
8515,k019,374,6,63,9,13,1744323.5,2
8516,k019,374,7,63,10,12,1744352.5,1
8517,k019,374,8,63,11,11,1744382.5,1
8518,k019,374,9,63,12,11,1744412.5,2
8519,k019,374,10,64,1,9,1744441.5,1
8520,k019,374,11,64,2,8,1744471.5,2
8521,k019,374,12,64,3,9,1744501.5,2
8522,k019,375,1,64,4,7,1744530.5,2
8523,k019,375,2,64,5,7,1744560.5,2
8524,k019,375,3,64,6,5,1744589.5,2
8525,k019,375,4,64,7,5,1744619.5,2
8526,k019,375,5,64,8,3,1744648.5,2
8527,k019,375,6,64,9,1,1744677.5,1
8528,k019,375,7,64,10,1,1744707.5,2
8529,k019,375,8,64,10,30,1744736.5,1
8530,k019,375,9,64,11,29,1744766.5,2
8531,k019,375,10,64,12,29,1744796.5,2
8532,k019,375,11,65,1,28,1744826.5,2
8533,k019,375,12,65,2,26,1744855.5,2
8534,k019,376,1,65,3,27,1744884.5,1
8535,k019,376,2,65,4,26,1744914.5,2
8536,k019,376,3,65,5,26,1744944.5,2
8537,k019,376,4,65,6,24,1744973.5,2
8538,k019,376,5,65,7,24,1745003.5,2
8539,k019,376,6,65,8,22,1745032.5,2
8540,k019,376,7,65,9,21,1745062.5,2
8541,k019,376,8,65,10,20,1745091.5,2
8542,k019,376,9,65,11,18,1745120.5,1
8543,k019,376,10,65,12,18,1745150.5,2
8544,k019,376,11,66,1,17,1745180.5,2
8545,k019,376,12,66,2,15,1745209.5,2
8546,k019,376,12.5,66,3,16,1745238.5,1
8547,k019,377,1,66,4,15,1745268.5,2
8548,k019,377,2,66,5,15,1745298.5,2
8549,k019,377,3,66,6,13,1745327.5,1
8550,k019,377,4,66,7,13,1745357.5,2
8551,k019,377,5,66,8,12,1745387.5,2
8552,k019,377,6,66,9,10,1745416.5,2
8553,k019,377,7,66,10,10,1745446.5,2
8554,k019,377,8,66,11,8,1745475.5,2
8555,k019,377,9,66,12,8,1745505.5,2
8556,k019,377,10,67,1,6,1745534.5,2
8557,k019,377,11,67,2,4,1745563.5,1
8558,k019,377,12,67,3,6,1745593.5,2
8559,k019,378,1,67,4,4,1745622.5,1
8560,k019,378,2,67,5,4,1745652.5,2
8561,k019,378,3,67,6,2,1745681.5,1
8562,k019,378,4,67,7,2,1745711.5,2
8563,k019,378,5,67,8,1,1745741.5,2
8564,k019,378,6,67,8,30,1745770.5,2
8565,k019,378,7,67,9,29,1745800.5,2
8566,k019,378,8,67,10,29,1745830.5,2
8567,k019,378,9,67,11,27,1745859.5,2
8568,k019,378,10,67,12,27,1745889.5,2
8569,k019,378,11,68,1,25,1745918.5,2
8570,k019,378,12,68,2,23,1745947.5,1
8571,k019,379,1,68,3,24,1745977.5,2
8572,k019,379,2,68,4,22,1746006.5,1
8573,k019,379,3,68,5,22,1746036.5,2
8574,k019,379,4,68,6,20,1746065.5,1
8575,k019,379,5,68,7,20,1746095.5,2
8576,k019,379,6,68,8,18,1746124.5,1
8577,k019,379,6.5,68,9,17,1746154.5,2
8578,k019,379,7,68,10,17,1746184.5,2
8579,k019,379,8,68,11,16,1746214.5,3
8580,k019,379,9,68,12,15,1746243.5,2
8581,k019,379,10,69,1,14,1746273.5,2
8582,k019,379,11,69,2,12,1746302.5,2
8583,k019,379,12,69,3,13,1746331.5,1
8584,k019,380,1,69,4,12,1746361.5,2
8585,k019,380,2,69,5,11,1746390.5,1
8586,k019,380,3,69,6,9,1746419.5,1
8587,k019,380,4,69,7,9,1746449.5,1
8588,k019,380,5,69,8,7,1746478.5,1
8589,k019,380,6,69,9,6,1746508.5,1
8590,k019,380,7,69,10,6,1746538.5,2
8591,k019,380,8,69,11,5,1746568.5,2
8592,k019,380,9,69,12,5,1746598.5,3
8593,k019,380,10,70,1,3,1746627.5,2
8594,k019,380,11,70,2,2,1746657.5,3
8595,k019,380,12,70,3,3,1746686.5,2
8596,k019,381,1,70,4,1,1746715.5,2
8597,k019,381,2,70,5,1,1746745.5,2
8598,k019,381,3,70,5,30,1746774.5,1
8599,k019,381,4,70,6,28,1746803.5,1
8600,k019,381,5,70,7,28,1746833.5,1
8601,k019,381,6,70,8,26,1746862.5,1
8602,k019,381,7,70,9,25,1746892.5,1
8603,k019,381,8,70,10,25,1746922.5,2
8604,k019,381,9,70,11,24,1746952.5,2
8605,k019,381,10,70,12,24,1746982.5,3
8606,k019,381,11,71,1,22,1747011.5,2
8607,k019,381,12,71,2,21,1747041.5,3
8608,k019,381,12.5,71,3,22,1747070.5,2
8609,k019,382,1,71,4,20,1747099.5,2
8610,k019,382,2,71,5,20,1747129.5,2
8611,k019,382,3,71,6,18,1747158.5,2
8612,k019,382,4,71,7,17,1747187.5,1
8613,k019,382,5,71,8,16,1747217.5,2
8614,k019,382,6,71,9,15,1747247.5,2
8615,k019,382,7,71,10,14,1747276.5,1
8616,k019,382,8,71,11,13,1747306.5,2
8617,k019,382,9,71,12,12,1747335.5,1
8618,k019,382,10,72,1,11,1747365.5,2
8619,k019,382,11,72,2,10,1747395.5,2
8620,k019,382,12,72,3,10,1747424.5,2
8621,k019,383,1,72,4,9,1747454.5,2
8622,k019,383,2,72,5,8,1747483.5,2
8623,k019,383,3,72,6,7,1747513.5,2
8624,k019,383,4,72,7,6,1747542.5,2
8625,k019,383,5,72,8,5,1747572.5,2
8626,k019,383,6,72,9,3,1747601.5,2
8627,k019,383,7,72,10,3,1747631.5,2
8628,k019,383,8,72,11,1,1747660.5,2
8629,k019,383,9,72,12,1,1747690.5,2
8630,k019,383,10,72,12,30,1747719.5,1
8631,k019,383,11,73,1,29,1747749.5,2
8632,k019,383,12,73,2,28,1747779.5,2
8633,k019,384,1,73,3,29,1747808.5,2
8634,k019,384,2,73,4,28,1747838.5,2
8635,k019,384,3,73,5,27,1747867.5,2
8636,k019,384,4,73,6,26,1747897.5,2
8637,k019,384,5,73,7,25,1747926.5,2
8638,k019,384,6,73,8,24,1747956.5,2
8639,k019,384,7,73,9,22,1747985.5,2
8640,k019,384,8,73,10,22,1748015.5,2
8641,k019,384,9,73,11,20,1748044.5,2
8642,k019,384,10,73,12,19,1748073.5,1
8643,k019,384,11,74,1,18,1748103.5,2
8644,k019,384,12,74,2,17,1748133.5,2
8645,k019,384,12.5,74,3,18,1748162.5,2
8646,k019,385,1,74,4,17,1748192.5,2
8647,k019,385,2,74,5,17,1748222.5,2
8648,k019,385,3,74,6,15,1748251.5,2
8649,k019,385,4,74,7,15,1748281.5,2
8650,k019,385,5,74,8,14,1748311.5,3
8651,k019,385,6,74,9,12,1748340.5,2
8652,k019,385,7,74,10,11,1748369.5,2
8653,k019,385,8,74,11,10,1748399.5,2
8654,k019,385,9,74,12,9,1748428.5,2
8655,k019,385,10,75,1,7,1748457.5,1
8656,k019,385,11,75,2,6,1748487.5,2
8657,k019,385,12,75,3,7,1748516.5,1
8658,k019,386,1,75,4,6,1748546.5,2
8659,k019,386,2,75,5,5,1748575.5,1
8660,k019,386,3,75,6,4,1748605.5,2
8661,k019,386,4,75,7,4,1748635.5,2
8662,k019,386,5,75,8,3,1748665.5,3
8663,k019,386,6,75,9,2,1748695.5,3
8664,k019,386,7,75,10,1,1748724.5,2
8665,k019,386,8,75,10,31,1748754.5,3
8666,k019,386,9,75,11,29,1748783.5,2
8667,k019,386,10,75,12,28,1748812.5,2
8668,k019,386,11,76,1,26,1748841.5,1
8669,k019,386,12,76,2,25,1748871.5,2
