k001,0,1,-625,4,5
k001,0,2,-625,5,5
k001,0,3,-625,6,4
k001,0,4,-625,7,3
k001,0,5,-625,8,2
k001,0,6,-625,8,31
k001,0,7,-625,9,29
k001,0,8,-625,10,29
k001,0,9,-625,11,27
k001,0,10,-625,12,27
k001,0,11,-624,1,25
k001,0,12,-624,2,24
k001,1,1,-624,3,24
k001,1,2,-624,4,23
k001,1,3,-624,5,23
k001,1,4,-624,6,21
k001,1,5,-624,7,21
k001,1,6,-624,8,19
k001,1,7,-624,9,18
k001,1,8,-624,10,18
k001,1,9,-624,11,16
k001,1,10,-624,12,16
k001,1,11,-623,1,14
k001,1,12,-623,2,12
k001,2,1,-623,3,14
k001,2,2,-623,4,12
k001,2,3,-623,5,12
k001,2,4,-623,6,10
k001,2,5,-623,7,10
k001,2,6,-623,8,9
k001,2,7,-623,9,7
k001,2,8,-623,10,7
k001,2,9,-623,11,6
k001,2,10,-623,12,5
k001,2,11,-622,1,4
k001,2,12,-622,2,2
k001,2,12.5,-622,3,3
k001,3,1,-622,4,2
k001,3,2,-622,5,1
k001,3,3,-622,5,31
k001,3,4,-622,6,29
k001,3,5,-622,7,29
k001,3,6,-622,8,27
k001,3,7,-622,9,26
k001,3,8,-622,10,26
k001,3,9,-622,11,25
k001,3,10,-622,12,24
k001,3,11,-621,1,23
k001,3,12,-621,2,21
k001,4,1,-621,3,22
k001,4,2,-621,4,21
k001,4,3,-621,5,20
k001,4,4,-621,6,18
k001,4,5,-621,7,18
k001,4,6,-621,8,16
k001,4,7,-621,9,15
k001,4,8,-621,10,15
k001,4,9,-621,11,14
k001,4,10,-621,12,13
k001,4,11,-620,1,12
k001,4,12,-620,2,11
k001,5,1,-620,3,11
k001,5,2,-620,4,9
k001,5,3,-620,5,9
k001,5,4,-620,6,7
k001,5,5,-620,7,6
k001,5,6,-620,8,5
k001,5,6.5,-620,9,3
k001,5,7,-620,10,3
k001,5,8,-620,11,2
k001,5,9,-620,12,2
k001,5,10,-619,1,1
k001,5,11,-619,1,30
k001,5,12,-619,3,1
k001,6,1,-619,3,30
k001,6,2,-619,4,28
k001,6,3,-619,5,28
k001,6,4,-619,6,26
k001,6,5,-619,7,25
k001,6,6,-619,8,24
k001,6,7,-619,9,22
k001,6,8,-619,10,22
k001,6,9,-619,11,21
k001,6,10,-619,12,21
k001,6,11,-618,1,19
k001,6,12,-618,2,18
k001,7,1,-618,3,19
k001,7,2,-618,4,18
k001,7,3,-618,5,17
k001,7,4,-618,6,16
k001,7,5,-618,7,15
k001,7,6,-618,8,13
k001,7,7,-618,9,12
k001,7,8,-618,10,12
k001,7,9,-618,11,10
k001,7,10,-618,12,10
k001,7,11,-617,1,8
k001,7,12,-617,2,7
k001,7,12.5,-617,3,8
k001,8,1,-617,4,7
k001,8,2,-617,5,7
k001,8,3,-617,6,5
k001,8,4,-617,7,5
k001,8,5,-617,8,3
k001,8,6,-617,9,1
k001,8,6.5,-617,10,1
k001,8,8,-617,10,31
k001,8,9,-617,11,29
k001,8,10,-617,12,28
k001,8,11,-616,1,27
k001,8,12,-616,2,25
k001,9,1,-616,3,26
k001,9,2,-616,4,25
k001,9,3,-616,5,24
k001,9,4,-616,6,23
k001,9,5,-616,7,23
k001,9,6,-616,8,21
k001,9,7,-616,9,20
k001,9,8,-616,10,19
k001,9,9,-616,11,18
k001,9,10,-616,12,17
k001,9,11,-615,1,15
k001,9,12,-615,2,14
k001,10,1,-615,3,15
k001,10,2,-615,4,14
k001,10,3,-615,5,13
k001,10,4,-615,6,12
k001,10,5,-615,7,12
k001,10,6,-615,8,11
k001,10,6.5,-615,9,9
k001,10,7,-615,10,9
k001,10,8,-615,11,7
k001,10,9,-615,12,7
k001,10,10,-614,1,5
k001,10,11,-614,2,3
k001,10,12,-614,3,5
k001,11,1,-614,4,3
k001,11,2,-614,5,3
k001,11,3,-614,6,1
k001,11,4,-614,7,1
k001,11,5,-614,7,31
k001,11,6,-614,8,30
k001,11,7,-614,9,28
k001,11,8,-614,10,28
k001,11,9,-614,11,26
k001,11,10,-614,12,26
k001,11,11,-613,1,24
k001,11,12,-613,2,22
k001,12,1,-613,3,24
k001,12,2,-613,4,22
k001,12,3,-613,5,21
k001,12,4,-613,6,20
k001,12,5,-613,7,20
k001,12,6,-613,8,19
k001,12,7,-613,9,18
k001,12,8,-613,10,17
k001,12,9,-613,11,16
k001,12,10,-613,12,15
k001,12,11,-612,1,13
k001,12,12,-612,2,12
k001,12,12.5,-612,3,12
k001,13,1,-612,4,11
k001,13,2,-612,5,10
k001,13,3,-612,6,8
k001,13,4,-612,7,8
k001,13,5,-612,8,7
k001,13,6,-612,9,5
k001,13,7,-612,10,5
k001,13,8,-612,11,4
k001,13,9,-612,12,3
k001,13,10,-611,1,2
k001,13,11,-611,1,31
k001,13,12,-611,3,2
k001,14,1,-611,3,31
k001,14,2,-611,4,30
k001,14,3,-611,5,29
k001,14,4,-611,6,27
k001,14,5,-611,7,27
k001,14,6,-611,8,26
k001,14,7,-611,9,24
k001,14,8,-611,10,24
k001,14,9,-611,11,22
k001,14,10,-611,12,22
k001,14,11,-610,1,21
k001,14,12,-610,2,19
k001,15,1,-610,3,21
k001,15,2,-610,4,19
k001,15,3,-610,5,19
k001,15,4,-610,6,17
k001,15,5,-610,7,16
k001,15,6,-610,8,15
k001,15,6.5,-610,9,13
k001,15,7,-610,10,13
k001,15,8,-610,11,11
k001,15,9,-610,12,11
k001,15,10,-609,1,10
k001,15,11,-609,2,9
k001,15,12,-609,3,10
k001,16,1,-609,4,9
k001,16,2,-609,5,8
k001,16,3,-609,6,7
k001,16,4,-609,7,6
k001,16,5,-609,8,5
k001,16,6,-609,9,3
k001,16,7,-609,10,2
k001,16,8,-609,11,1
k001,16,9,-609,11,30
k001,16,10,-609,12,30
k001,16,11,-608,1,29
k001,16,12,-608,2,27
k001,17,1,-608,3,28
k001,17,2,-608,4,27
k001,17,3,-608,5,26
k001,17,4,-608,6,25
k001,17,5,-608,7,24
k001,17,6,-608,8,23
k001,17,7,-608,9,21
k001,17,8,-608,10,20
k001,17,9,-608,11,19
k001,17,10,-608,12,18
k001,17,11,-607,1,17
k001,17,12,-607,2,15
k001,18,1,-607,3,17
k001,18,2,-607,4,16
k001,18,3,-607,5,15
k001,18,4,-607,6,14
k001,18,5,-607,7,14
k001,18,6,-607,8,12
k001,18,7,-607,9,10
k001,18,8,-607,10,10
k001,18,9,-607,11,8
k001,18,10,-607,12,8
k001,18,11,-606,1,6
k001,18,12,-606,2,5
k001,19,1,-606,3,6
k001,19,2,-606,4,5
k001,19,3,-606,5,4
k001,19,4,-606,6,3
k001,19,5,-606,7,3
k001,19,6,-606,8,1
k001,19,6.5,-606,8,31
k001,19,7,-606,9,29
k001,19,8,-606,10,29
k001,19,9,-606,11,27
k001,19,10,-606,12,27
k001,19,11,-605,1,25
k001,19,12,-605,2,24
k001,20,1,-605,3,25
k001,20,2,-605,4,24
k001,20,3,-605,5,23
k001,20,4,-605,6,22
k001,20,5,-605,7,21
k001,20,6,-605,8,20
k001,20,7,-605,9,19
k001,20,8,-605,10,18
k001,20,9,-605,11,17
k001,20,10,-605,12,17
k001,20,11,-604,1,15
k001,20,12,-604,2,13
k001,20,12.5,-604,3,14
k001,21,1,-604,4,12
k001,21,2,-604,5,11
k001,21,3,-604,6,10
k001,21,4,-604,7,9
k001,21,5,-604,8,8
k001,21,6,-604,9,7
k001,21,7,-604,10,7
k001,21,8,-604,11,5
k001,21,9,-604,12,5
k001,21,10,-603,1,4
k001,21,11,-603,2,2
k001,21,12,-603,3,3
k002,1,1,-603,4,2
k002,1,2,-603,5,1
k002,1,3,-603,5,30
k002,1,4,-603,6,29
k002,1,5,-603,7,28
k002,1,6,-603,8,27
k002,1,7,-603,9,26
k002,1,8,-603,10,25
k002,1,9,-603,11,24
k002,1,10,-603,12,24
k002,1,11,-602,1,23
k002,1,12,-602,2,21
k002,2,1,-602,3,22
k002,2,2,-602,4,21
k002,2,3,-602,5,20
k002,2,4,-602,6,18
k002,2,5,-602,7,17
k002,2,6,-602,8,16
k002,2,6.5,-602,9,15
k002,2,7,-602,10,15
k002,2,8,-602,11,13
k002,2,9,-602,12,13
k002,2,10,-601,1,12
k002,2,11,-601,2,10
k002,2,12,-601,3,12
k002,3,1,-601,4,10
k002,3,2,-601,5,10
k002,3,3,-601,6,8
k002,3,4,-601,7,7
k002,3,5,-601,8,6
k002,3,6,-601,9,4
k002,3,7,-601,10,4
k002,3,8,-601,11,3
k002,3,9,-601,12,2
k002,3,10,-600,1,1
k002,3,11,-600,1,30
k002,3,12,-600,2,29
k002,4,1,-600,3,30
k002,4,2,-600,4,28
k002,4,3,-600,5,28
k002,4,4,-600,6,26
k002,4,5,-600,7,25
k002,4,6,-600,8,24
k002,4,7,-600,9,22
k002,4,8,-600,10,22
k002,4,9,-600,11,21
k002,4,10,-600,12,20
k002,4,11,-599,1,19
k002,4,12,-599,2,17
k002,5,1,-599,3,19
k002,5,2,-599,4,17
k002,5,3,-599,5,17
k002,5,4,-599,6,15
k002,5,5,-599,7,15
k002,5,6,-599,8,13
k002,5,6.5,-599,9,11
k002,5,7,-599,10,10
k002,5,8,-599,11,9
k002,5,9,-599,12,9
k002,5,10,-598,1,8
k002,5,11,-598,2,6
k002,5,12,-598,3,7
k002,6,1,-598,4,6
k002,6,2,-598,5,6
k002,6,3,-598,6,5
k002,6,4,-598,7,4
k002,6,5,-598,8,3
k002,6,6,-598,9,2
k002,6,7,-598,10,1
k002,6,8,-598,10,31
k002,6,9,-598,11,29
k002,6,10,-598,12,28
k002,6,11,-597,1,27
k002,6,12,-597,2,25
k002,7,1,-597,3,27
k002,7,2,-597,4,25
k002,7,3,-597,5,25
k002,7,4,-597,6,23
k002,7,5,-597,7,23
k002,7,6,-597,8,22
k002,7,6.5,-597,9,21
k002,7,7,-597,10,20
k002,7,8,-597,11,19
k002,7,9,-597,12,18
k002,7,10,-596,1,16
k002,7,11,-596,2,15
k002,7,12,-596,3,15
k002,8,1,-596,4,13
k002,8,2,-596,5,13
k002,8,3,-596,6,11
k002,8,4,-596,7,11
k002,8,5,-596,8,10
k002,8,6,-596,9,9
k002,8,7,-596,10,9
k002,8,8,-596,11,7
k002,8,9,-596,12,6
k002,8,10,-595,1,5
k002,8,11,-595,2,3
k002,8,12,-595,3,5
k002,9,1,-595,4,3
k002,9,2,-595,5,2
k002,9,3,-595,6,1
k002,9,4,-595,6,30
k002,9,5,-595,7,30
k002,9,6,-595,8,29
k002,9,6.5,-595,9,28
k002,9,7,-595,10,28
k002,9,8,-595,11,26
k002,9,9,-595,12,25
k002,9,10,-594,1,24
k002,9,11,-594,2,22
k002,9,12,-594,3,24
k002,10,1,-594,4,22
k002,10,2,-594,5,21
k002,10,3,-594,6,20
k002,10,4,-594,7,19
k002,10,5,-594,8,18
k002,10,6,-594,9,17
k002,10,7,-594,10,16
k002,10,8,-594,11,15
k002,10,9,-594,12,15
k002,10,10,-593,1,13
k002,10,11,-593,2,12
k002,10,12,-593,3,13
k002,11,1,-593,4,12
k002,11,2,-593,5,11
k002,11,3,-593,6,9
k002,11,4,-593,7,9
k002,11,5,-593,8,7
k002,11,6,-593,9,6
k002,11,7,-593,10,6
k002,11,8,-593,11,4
k002,11,9,-593,12,4
k002,11,10,-592,1,2
k002,11,11,-592,2,1
k002,11,12,-592,3,2
k002,11,12.5,-592,3,31
k002,12,1,-592,4,30
k002,12,2,-592,5,29
k002,12,3,-592,6,27
k002,12,4,-592,7,27
k002,12,5,-592,8,25
k002,12,6,-592,9,24
k002,12,7,-592,10,23
k002,12,8,-592,11,22
k002,12,9,-592,12,21
k002,12,10,-591,1,20
k002,12,11,-591,2,19
k002,12,12,-591,3,21
k002,13,1,-591,4,19
k002,13,2,-591,5,19
k002,13,3,-591,6,17
k002,13,4,-591,7,17
k002,13,5,-591,8,15
k002,13,6,-591,9,13
k002,13,7,-591,10,13
k002,13,8,-591,11,11
k002,13,9,-591,12,10
k002,13,10,-590,1,9
k002,13,11,-590,2,8
k002,13,12,-590,3,10
k002,14,1,-590,4,8
k002,14,2,-590,5,8
k002,14,3,-590,6,7
k002,14,4,-590,7,6
k002,14,5,-590,8,5
k002,14,6,-590,9,3
k002,14,7,-590,10,2
k002,14,8,-590,11,1
k002,14,9,-590,11,30
k002,14,10,-590,12,29
k002,14,11,-589,1,28
k002,14,12,-589,2,27
k002,14,12.5,-589,3,28
k002,15,1,-589,4,27
k002,15,2,-589,5,27
k002,15,3,-589,6,25
k002,15,4,-589,7,25
k002,15,5,-589,8,23
k002,15,6,-589,9,22
k002,15,7,-589,10,21
k002,15,8,-589,11,20
k002,15,9,-589,12,19
k002,15,10,-588,1,18
k002,15,11,-588,2,16
k002,15,12,-588,3,16
k002,16,1,-588,4,15
k002,16,2,-588,5,15
k002,16,3,-588,6,13
k002,16,4,-588,7,13
k002,16,5,-588,8,11
k002,16,6,-588,9,10
k002,16,7,-588,10,10
k002,16,8,-588,11,8
k002,16,9,-588,12,8
k002,16,10,-587,1,6
k002,16,11,-587,2,5
k002,16,12,-587,3,6
k002,17,1,-587,4,4
k002,17,2,-587,5,4
k002,17,3,-587,6,2
k002,17,4,-587,7,2
k002,17,5,-587,7,31
k002,17,6,-587,8,30
k002,17,7,-587,9,29
k002,17,8,-587,10,29
k002,17,9,-587,11,27
k002,17,10,-587,12,27
k002,17,11,-586,1,25
k002,17,12,-586,2,24
k002,17,12.5,-586,3,25
k002,18,1,-586,4,23
k002,18,2,-586,5,23
k002,18,3,-586,6,21
k002,18,4,-586,7,21
k002,18,5,-586,8,19
k002,18,6,-586,9,18
k002,18,7,-586,10,18
k002,18,8,-586,11,17
k002,18,9,-586,12,16
k002,18,10,-585,1,15
k002,18,11,-585,2,13
k002,18,12,-585,3,15
k002,19,1,-585,4,13
k002,19,2,-585,5,12
k002,19,3,-585,6,11
k002,19,4,-585,7,10
k002,19,5,-585,8,8
k002,19,6,-585,9,7
k002,19,7,-585,10,7
k002,19,8,-585,11,6
k002,19,9,-585,12,6
k002,19,10,-584,1,4
k002,19,11,-584,2,3
k002,19,12,-584,3,3
k002,20,1,-584,4,2
k002,20,2,-584,5,1
k002,20,3,-584,5,30
k002,20,4,-584,6,29
k002,20,5,-584,7,28
k002,20,6,-584,8,26
k002,20,7,-584,9,25
k002,20,8,-584,10,25
k002,20,9,-584,11,24
k002,20,10,-584,12,23
k002,20,11,-583,1,22
k002,20,12,-583,2,21
k002,21,1,-583,3,22
k002,21,2,-583,4,21
k002,21,3,-583,5,20
k002,21,4,-583,6,18
k002,21,5,-583,7,18
k002,21,6,-583,8,16
k002,21,6.5,-583,9,14
k002,21,7,-583,10,14
k002,21,8,-583,11,13
k002,21,9,-583,12,13
k002,21,10,-582,1,11
k002,21,11,-582,2,10
k002,21,12,-582,3,11
k002,22,1,-582,4,10
k002,22,2,-582,5,9
k002,22,3,-582,6,8
k002,22,4,-582,7,7
k002,22,5,-582,8,6
k002,22,6,-582,9,4
k002,22,7,-582,10,4
k002,22,8,-582,11,2
k002,22,9,-582,12,2
k002,22,10,-582,12,31
k002,22,11,-581,1,30
k002,22,12,-581,2,28
k002,23,1,-581,3,30
k002,23,2,-581,4,29
k002,23,3,-581,5,28
k002,23,4,-581,6,27
k002,23,5,-581,7,26
k002,23,6,-581,8,25
k002,23,7,-581,9,23
k002,23,8,-581,10,23
k002,23,9,-581,11,21
k002,23,10,-581,12,21
k002,23,11,-580,1,19
k002,23,12,-580,2,18
k002,23,12.5,-580,3,18
k002,24,1,-580,4,17
k002,24,2,-580,5,16
k002,24,3,-580,6,15
k002,24,4,-580,7,15
k002,24,5,-580,8,13
k002,24,6,-580,9,12
k002,24,7,-580,10,12
k002,24,8,-580,11,10
k002,24,9,-580,12,9
k002,24,10,-579,1,8
k002,24,11,-579,2,6
k002,24,12,-579,3,7
k002,25,1,-579,4,6
k002,25,2,-579,5,5
k002,25,3,-579,6,4
k002,25,4,-579,7,4
k002,25,5,-579,8,3
k002,25,6,-579,9,1
k002,25,7,-579,10,1
k002,25,8,-579,10,31
k002,25,9,-579,11,29
k002,25,10,-579,12,28
k002,25,11,-578,1,27
k002,25,12,-578,2,25
k002,26,1,-578,3,26
k002,26,2,-578,4,25
k002,26,3,-578,5,24
k002,26,4,-578,6,23
k002,26,5,-578,7,23
k002,26,6,-578,8,22
k002,26,7,-578,9,20
k002,26,8,-578,10,20
k002,26,9,-578,11,19
k002,26,10,-578,12,18
k002,26,11,-577,1,16
k002,26,12,-577,2,15
k002,26,12.5,-577,3,16
k002,27,1,-577,4,14
k002,27,2,-577,5,14
k002,27,3,-577,6,12
k002,27,4,-577,7,12
k002,27,5,-577,8,10
k002,27,6,-577,9,9
k002,27,7,-577,10,9
k002,27,8,-577,11,8
k002,27,9,-577,12,7
k002,27,10,-576,1,6
k002,27,11,-576,2,4
k002,27,12,-576,3,5
k002,28,1,-576,4,3
k002,28,2,-576,5,2
k002,28,3,-576,6,1
k002,28,4,-576,6,30
k002,28,5,-576,7,30
k002,28,6,-576,8,28
k002,28,7,-576,9,27
k002,28,8,-576,10,27
k002,28,9,-576,11,25
k002,28,10,-576,12,25
k002,28,11,-575,1,24
k002,28,12,-575,2,22
k002,28,12.5,-575,3,24
k002,29,1,-575,4,22
k002,29,2,-575,5,21
k002,29,3,-575,6,20
k002,29,4,-575,7,19
k002,29,5,-575,8,18
k002,29,6,-575,9,16
k002,29,7,-575,10,16
k002,29,8,-575,11,14
k002,29,9,-575,12,14
k002,29,10,-574,1,13
k002,29,11,-574,2,11
k002,29,12,-574,3,13
k002,30,1,-574,4,12
k002,30,2,-574,5,11
k002,30,3,-574,6,9
k002,30,4,-574,7,9
k002,30,5,-574,8,7
k002,30,6,-574,9,6
k002,30,7,-574,10,5
k002,30,8,-574,11,4
k002,30,9,-574,12,3
k002,30,10,-573,1,2
k002,30,11,-573,1,31
k002,30,12,-573,3,2
k002,31,1,-573,4,1
k002,31,2,-573,4,30
k002,31,3,-573,5,30
k002,31,4,-573,6,28
k002,31,5,-573,7,28
k002,31,6,-573,8,26
k002,31,6.5,-573,9,25
k002,31,7,-573,10,24
k002,31,8,-573,11,22
k002,31,9,-573,12,22
k002,31,10,-572,1,20
k002,31,11,-572,2,19
k002,31,12,-572,3,20
k002,32,1,-572,4,19
k002,32,2,-572,5,18
k002,32,3,-572,6,17
k002,32,4,-572,7,16
k002,32,5,-572,8,15
k002,32,6,-572,9,13
k002,32,7,-572,10,13
k002,32,8,-572,11,11
k002,32,9,-572,12,10
k002,32,10,-571,1,9
k002,32,11,-571,2,7
k002,32,12,-571,3,9
k002,33,1,-571,4,8
k002,33,2,-571,5,7
k002,33,3,-571,6,6
k002,33,4,-571,7,6
k002,33,5,-571,8,4
k002,33,6,-571,9,3
k002,33,7,-571,10,2
k002,33,8,-571,11,1
k002,33,9,-571,11,30
k002,33,10,-571,12,29
k002,33,11,-570,1,28
k002,33,12,-570,2,26
k002,33,12.5,-570,3,28
k002,34,1,-570,4,26
k002,34,2,-570,5,26
k002,34,3,-570,6,25
k002,34,4,-570,7,24
k002,34,5,-570,8,23
k002,34,6,-570,9,22
k002,34,7,-570,10,21
k002,34,8,-570,11,20
k002,34,9,-570,12,19
k002,34,10,-569,1,18
k002,34,11,-569,2,16
k002,34,12,-569,3,17
k002,35,1,-569,4,16
k002,35,2,-569,5,15
k002,35,3,-569,6,14
k002,35,4,-569,7,13
k002,35,5,-569,8,12
k002,35,6,-569,9,10
k002,35,7,-569,10,10
k002,35,8,-569,11,9
k002,35,9,-569,12,9
k002,35,10,-568,1,7
k002,35,11,-568,2,6
k002,35,12,-568,3,6
k002,36,1,-568,4,4
k002,36,2,-568,5,4
k002,36,3,-568,6,2
k002,36,4,-568,7,1
k002,36,5,-568,7,31
k002,36,6,-568,8,30
k002,36,7,-568,9,28
k002,36,8,-568,10,28
k002,36,9,-568,11,27
k002,36,10,-568,12,27
k002,36,11,-567,1,25
k002,36,12,-567,2,24
k002,36,12.5,-567,3,25
k002,37,1,-567,4,23
k002,37,2,-567,5,23
k002,37,3,-567,6,21
k002,37,4,-567,7,20
k002,37,5,-567,8,19
k002,37,6,-567,9,17
k002,37,7,-567,10,17
k002,37,8,-567,11,16
k002,37,9,-567,12,16
k002,37,10,-566,1,15
k002,37,11,-566,2,13
k002,37,12,-566,3,15
k002,38,1,-566,4,13
k002,38,2,-566,5,12
k002,38,3,-566,6,11
k002,38,4,-566,7,10
k002,38,5,-566,8,8
k002,38,6,-566,9,7
k002,38,7,-566,10,6
k002,38,8,-566,11,5
k002,38,9,-566,12,5
k002,38,10,-565,1,4
k002,38,11,-565,2,2
k002,38,12,-565,3,4
k002,39,1,-565,4,2
k002,39,2,-565,5,2
k002,39,3,-565,5,31
k002,39,4,-565,6,29
k002,39,5,-565,7,29
k002,39,6,-565,8,27
k002,39,7,-565,9,26
k002,39,8,-565,10,25
k002,39,9,-565,11,24
k002,39,10,-565,12,24
k002,39,11,-564,1,22
k002,39,12,-564,2,21
k002,40,1,-564,3,22
k002,40,2,-564,4,20
k002,40,3,-564,5,20
k002,40,4,-564,6,18
k002,40,5,-564,7,17
k002,40,6,-564,8,16
k002,40,7,-564,9,14
k002,40,8,-564,10,14
k002,40,9,-564,11,13
k002,40,10,-564,12,12
k002,40,11,-563,1,11
k002,40,12,-563,2,9
k002,41,1,-563,3,11
k002,41,2,-563,4,9
k002,41,3,-563,5,9
k002,41,4,-563,6,7
k002,41,5,-563,7,7
k002,41,6,-563,8,5
k002,41,6.5,-563,9,4
k002,41,7,-563,10,4
k002,41,8,-563,11,2
k002,41,9,-563,12,2
k002,41,10,-563,12,31
k002,41,11,-562,1,29
k002,41,12,-562,2,28
k002,42,1,-562,3,29
k002,42,2,-562,4,28
k002,42,3,-562,5,28
k002,42,4,-562,6,26
k002,42,5,-562,7,26
k002,42,6,-562,8,25
k002,42,7,-562,9,23
k002,42,8,-562,10,23
k002,42,9,-562,11,21
k002,42,10,-562,12,21
k002,42,11,-561,1,19
k002,42,12,-561,2,17
k002,42,12.5,-561,3,19
k002,43,1,-561,4,17
k002,43,2,-561,5,17
k002,43,3,-561,6,15
k002,43,4,-561,7,15
k002,43,5,-561,8,14
k002,43,6,-561,9,13
k002,43,7,-561,10,13
k002,43,8,-561,11,11
k002,43,9,-561,12,10
k002,43,10,-560,1,9
k002,43,11,-560,2,7
k002,43,12,-560,3,7
k003,1,1,-560,4,6
k003,1,2,-560,5,5
k003,1,3,-560,6,3
k003,1,4,-560,7,3
k003,1,5,-560,8,2
k003,1,6,-560,9,1
k003,1,7,-560,10,1
k003,1,8,-560,10,30
k003,1,9,-560,11,29
k003,1,10,-560,12,28
k003,1,11,-559,1,27
k003,1,12,-559,2,25
k003,2,1,-559,3,26
k003,2,2,-559,4,24
k003,2,3,-559,5,24
k003,2,4,-559,6,22
k003,2,5,-559,7,22
k003,2,6,-559,8,21
k003,2,7,-559,9,20
k003,2,8,-559,10,20
k003,2,9,-559,11,18
k003,2,10,-559,12,18
k003,2,11,-558,1,16
k003,2,12,-558,2,15
k003,2,12.5,-558,3,16
k004,1,1,-558,4,14
k004,1,2,-558,5,14
k004,1,3,-558,6,12
k004,1,4,-558,7,11
k004,1,5,-558,8,10
k004,1,6,-558,9,9
k004,1,7,-558,10,9
k004,1,8,-558,11,7
k004,1,9,-558,12,7
k004,1,10,-557,1,5
k004,1,11,-557,2,4
k004,1,12,-557,3,5
k004,2,1,-557,4,4
k004,2,2,-557,5,3
k004,2,3,-557,6,2
k004,2,4,-557,7,1
k004,2,5,-557,7,31
k004,2,6,-557,8,29
k004,2,7,-557,9,28
k004,2,8,-557,10,27
k004,2,9,-557,11,26
k004,2,10,-557,12,25
k004,2,11,-556,1,24
k004,2,12,-556,2,23
k004,3,1,-556,3,23
k004,3,2,-556,4,22
k004,3,3,-556,5,21
k004,3,4,-556,6,20
k004,3,5,-556,7,19
k004,3,6,-556,8,18
k004,3,7,-556,9,16
k004,3,8,-556,10,15
k004,3,9,-556,11,14
k004,3,10,-556,12,13
k004,3,11,-555,1,12
k004,3,12,-555,2,11
k004,3,12.5,-555,3,12
k004,4,1,-555,4,11
k004,4,2,-555,5,11
k004,4,3,-555,6,9
k004,4,4,-555,7,9
k004,4,5,-555,8,7
k004,4,6,-555,9,6
k004,4,7,-555,10,5
k004,4,8,-555,11,3
k004,4,9,-555,12,3
k004,4,10,-554,1,1
k004,4,11,-554,1,30
k004,4,12,-554,3,1
k005,1,1,-554,3,31
k005,1,2,-554,4,30
k005,1,3,-554,5,30
k005,1,4,-554,6,28
k005,1,5,-554,7,28
k005,1,6,-554,8,26
k005,1,7,-554,9,25
k005,1,8,-554,10,24
k005,1,9,-554,11,22
k005,1,10,-554,12,22
k005,1,11,-553,1,20
k005,1,12,-553,2,19
k005,1,12.5,-553,3,20
k005,2,1,-553,4,19
k005,2,2,-553,5,19
k005,2,3,-553,6,17
k005,2,4,-553,7,17
k005,2,5,-553,8,15
k005,2,6,-553,9,14
k005,2,7,-553,10,14
k005,2,8,-553,11,12
k005,2,9,-553,12,11
k005,2,10,-552,1,10
k005,2,11,-552,2,8
k005,2,12,-552,3,9
k005,3,1,-552,4,7
k005,3,2,-552,5,7
k005,3,3,-552,6,5
k005,3,4,-552,7,5
k005,3,5,-552,8,3
k005,3,6,-552,9,2
k005,3,7,-552,10,2
k005,3,8,-552,10,31
k005,3,9,-552,11,30
k005,3,10,-552,12,29
k005,3,11,-551,1,28
k005,3,12,-551,2,26
k005,3,12.5,-551,3,28
k005,4,1,-551,4,26
k005,4,2,-551,5,25
k005,4,3,-551,6,24
k005,4,4,-551,7,23
k005,4,5,-551,8,22
k005,4,6,-551,9,21
k005,4,7,-551,10,21
k005,4,8,-551,11,19
k005,4,9,-551,12,19
k005,4,10,-550,1,18
k005,4,11,-550,2,16
k005,4,12,-550,3,17
k005,5,1,-550,4,16
k005,5,2,-550,5,15
k005,5,3,-550,6,13
k005,5,4,-550,7,13
k005,5,5,-550,8,11
k005,5,6,-550,9,10
k005,5,7,-550,10,10
k005,5,8,-550,11,8
k005,5,9,-550,12,8
k005,5,10,-549,1,7
k005,5,11,-549,2,6
k005,5,12,-549,3,7
k005,6,1,-549,4,5
k005,6,2,-549,5,5
k005,6,3,-549,6,3
k005,6,4,-549,7,2
k005,6,5,-549,8,1
k005,6,6,-549,8,30
k005,6,7,-549,9,29
k005,6,8,-549,10,29
k005,6,9,-549,11,27
k005,6,10,-549,12,27
k005,6,11,-548,1,26
k005,6,12,-548,2,24
k005,6,12.5,-548,3,25
k005,7,1,-548,4,23
k005,7,2,-548,5,23
k005,7,3,-548,6,21
k005,7,4,-548,7,20
k005,7,5,-548,8,19
k005,7,6,-548,9,17
k005,7,7,-548,10,17
k005,7,8,-548,11,16
k005,7,9,-548,12,15
k005,7,10,-547,1,14
k005,7,11,-547,2,13
k005,7,12,-547,3,14
k005,8,1,-547,4,13
k005,8,2,-547,5,12
k005,8,3,-547,6,11
k005,8,4,-547,7,10
k005,8,5,-547,8,8
k005,8,6,-547,9,7
k005,8,7,-547,10,6
k005,8,8,-547,11,5
k005,8,9,-547,12,5
k005,8,10,-546,1,3
k005,8,11,-546,2,2
k005,8,12,-546,3,3
k005,9,1,-546,4,2
k005,9,2,-546,5,2
k005,9,3,-546,5,31
k005,9,4,-546,6,29
k005,9,5,-546,7,29
k005,9,6,-546,8,27
k005,9,7,-546,9,26
k005,9,8,-546,10,25
k005,9,9,-546,11,24
k005,9,10,-546,12,23
k005,9,11,-545,1,22
k005,9,12,-545,2,20
k005,10,1,-545,3,22
k005,10,2,-545,4,21
k005,10,3,-545,5,20
k005,10,4,-545,6,19
k005,10,5,-545,7,18
k005,10,6,-545,8,17
k005,10,6.5,-545,9,15
k005,10,7,-545,10,15
k005,10,8,-545,11,14
k005,10,9,-545,12,13
k005,10,10,-544,1,11
k005,10,11,-544,2,10
k005,10,12,-544,3,10
k005,11,1,-544,4,9
k005,11,2,-544,5,8
k005,11,3,-544,6,7
k005,11,4,-544,7,6
k005,11,5,-544,8,5
k005,11,6,-544,9,4
k005,11,7,-544,10,3
k005,11,8,-544,11,2
k005,11,9,-544,12,2
k005,11,10,-544,12,31
k005,11,11,-543,1,29
k005,11,12,-543,2,28
k005,12,1,-543,3,29
k005,12,2,-543,4,27
k005,12,3,-543,5,27
k005,12,4,-543,6,25
k005,12,5,-543,7,25
k005,12,6,-543,8,24
k005,12,7,-543,9,23
k005,12,8,-543,10,23
k005,12,9,-543,11,21
k005,12,10,-543,12,21
k005,12,11,-542,1,19
k005,12,12,-542,2,17
k005,12,12.5,-542,3,19
k005,13,1,-542,4,17
k005,13,2,-542,5,16
k005,13,3,-542,6,15
k005,13,4,-542,7,14
k005,13,5,-542,8,13
k005,13,6,-542,9,12
k005,13,7,-542,10,12
k005,13,8,-542,11,11
k005,13,9,-542,12,10
k005,13,10,-541,1,9
k005,13,11,-541,2,7
k005,13,12,-541,3,8
k005,14,1,-541,4,6
k005,14,2,-541,5,6
k005,14,3,-541,6,4
k005,14,4,-541,7,4
k005,14,5,-541,8,2
k005,14,6,-541,9,1
k005,14,7,-541,10,1
k005,14,8,-541,10,30
k005,14,9,-541,11,29
k005,14,10,-541,12,29
k005,14,11,-540,1,27
k005,14,12,-540,2,26
k005,15,1,-540,3,26
k005,15,2,-540,4,25
k005,15,3,-540,5,24
k005,15,4,-540,6,22
k005,15,5,-540,7,22
k005,15,6,-540,8,20
k005,15,7,-540,9,19
k005,15,8,-540,10,18
k005,15,9,-540,11,17
k005,15,10,-540,12,17
k005,15,11,-539,1,16
k005,15,12,-539,2,14
k005,15,12.5,-539,3,16
k005,16,1,-539,4,14
k005,16,2,-539,5,14
k005,16,3,-539,6,12
k005,16,4,-539,7,11
k005,16,5,-539,8,10
k005,16,6,-539,9,8
k005,16,7,-539,10,8
k005,16,8,-539,11,7
k005,16,9,-539,12,6
k005,16,10,-538,1,5
k005,16,11,-538,2,3
k005,16,12,-538,3,5
k005,17,1,-538,4,4
k005,17,2,-538,5,3
k005,17,3,-538,6,2
k005,17,4,-538,7,1
k005,17,5,-538,7,31
k005,17,6,-538,8,29
k005,17,7,-538,9,27
k005,17,8,-538,10,27
k005,17,9,-538,11,25
k005,17,10,-538,12,24
k005,17,11,-537,1,23
k005,17,12,-537,2,22
k006,1,1,-537,3,24
k006,1,2,-537,4,22
k006,1,3,-537,5,22
k006,1,4,-537,6,20
k006,1,5,-537,7,20
k006,1,6,-537,8,19
k006,1,7,-537,9,17
k006,1,8,-537,10,16
k006,1,9,-537,11,15
k006,1,10,-537,12,14
k006,1,11,-536,1,13
k006,1,12,-536,2,11
k006,2,1,-536,3,12
k006,2,2,-536,4,10
k006,2,3,-536,5,10
k006,2,4,-536,6,9
k006,2,5,-536,7,8
k006,2,6,-536,8,7
k006,2,6.5,-536,9,6
k006,2,7,-536,10,5
k006,2,8,-536,11,3
k006,2,9,-536,12,3
k006,2,10,-535,1,1
k006,2,11,-535,1,30
k006,2,12,-535,3,1
k006,3,1,-535,3,31
k006,3,2,-535,4,29
k006,3,3,-535,5,29
k006,3,4,-535,6,28
k006,3,5,-535,7,27
k006,3,6,-535,8,26
k006,3,7,-535,9,25
k006,3,8,-535,10,24
k006,3,9,-535,11,22
k006,3,10,-535,12,22
k006,3,11,-534,1,20
k006,3,12,-534,2,19
k006,3,12.5,-534,3,20
k006,4,1,-534,4,18
k006,4,2,-534,5,18
k006,4,3,-534,6,17
k006,4,4,-534,7,16
k006,4,5,-534,8,15
k006,4,6,-534,9,14
k006,4,7,-534,10,13
k006,4,8,-534,11,12
k006,4,9,-534,12,11
k006,4,10,-533,1,9
k006,4,11,-533,2,8
k006,4,12,-533,3,9
k006,5,1,-533,4,8
k006,5,2,-533,5,7
k006,5,3,-533,6,6
k006,5,4,-533,7,6
k006,5,5,-533,8,4
k006,5,6,-533,9,3
k006,5,7,-533,10,2
k006,5,8,-533,11,1
k006,5,9,-533,12,1
k006,5,10,-533,12,30
k006,5,11,-532,1,29
k006,5,12,-532,2,27
k006,6,1,-532,3,28
k006,6,2,-532,4,26
k006,6,3,-532,5,25
k006,6,4,-532,6,24
k006,6,5,-532,7,24
k006,6,6,-532,8,22
k006,6,7,-532,9,20
k006,6,8,-532,10,20
k006,6,9,-532,11,19
k006,6,10,-532,12,19
k006,6,11,-531,1,17
k006,6,12,-531,2,16
k006,6,12.5,-531,3,17
k006,7,1,-531,4,16
k006,7,2,-531,5,15
k006,7,3,-531,6,13
k006,7,4,-531,7,13
k006,7,5,-531,8,11
k006,7,6,-531,9,9
k006,7,7,-531,10,9
k006,7,8,-531,11,8
k006,7,9,-531,12,8
k006,7,10,-530,1,6
k006,7,11,-530,2,5
k006,7,12,-530,3,7
k006,8,1,-530,4,5
k006,8,2,-530,5,5
k006,8,3,-530,6,3
k006,8,4,-530,7,2
k006,8,5,-530,7,31
k006,8,6,-530,8,30
k006,8,7,-530,9,28
k006,8,8,-530,10,28
k006,8,9,-530,11,27
k006,8,10,-530,12,27
k006,8,11,-529,1,25
k006,8,12,-529,2,24
k006,9,1,-529,3,26
k006,9,2,-529,4,24
k006,9,3,-529,5,24
k006,9,4,-529,6,22
k006,9,5,-529,7,21
k006,9,6,-529,8,20
k006,9,6.5,-529,9,18
k006,9,7,-529,10,18
k006,9,8,-529,11,16
k006,9,9,-529,12,16
k006,9,10,-528,1,14
k006,9,11,-528,2,13
k006,9,12,-528,3,14
k007,1,1,-528,4,12
k007,1,2,-528,5,12
k007,1,3,-528,6,10
k007,1,4,-528,7,10
k007,1,5,-528,8,8
k007,1,6,-528,9,7
k007,1,7,-528,10,6
k007,1,8,-528,11,5
k007,1,9,-528,12,4
k007,1,10,-527,1,3
k007,1,11,-527,2,1
k007,1,12,-527,3,3
k007,2,1,-527,4,1
k007,2,2,-527,5,1
k007,2,3,-527,5,30
k007,2,4,-527,6,29
k007,2,5,-527,7,29
k007,2,6,-527,8,27
k007,2,7,-527,9,26
k007,2,8,-527,10,26
k007,2,9,-527,11,24
k007,2,10,-527,12,23
k007,2,11,-526,1,22
k007,2,12,-526,2,20
k007,3,1,-526,3,21
k007,3,2,-526,4,20
k007,3,3,-526,5,19
k007,3,4,-526,6,18
k007,3,5,-526,7,18
k007,3,6,-526,8,16
k007,3,6.5,-526,9,15
k007,3,7,-526,10,15
k007,3,8,-526,11,14
k007,3,9,-526,12,13
k007,3,10,-525,1,11
k007,3,11,-525,2,10
k007,3,12,-525,3,11
k007,4,1,-525,4,9
k007,4,2,-525,5,9
k007,4,3,-525,6,7
k007,4,4,-525,7,7
k007,4,5,-525,8,6
k007,4,6,-525,9,5
k007,4,7,-525,10,5
k007,4,8,-525,11,3
k007,4,9,-525,12,2
k007,4,10,-524,1,1
k007,4,11,-524,1,30
k007,4,12,-524,2,29
k007,5,1,-524,3,29
k007,5,2,-524,4,27
k007,5,3,-524,5,26
k007,5,4,-524,6,25
k007,5,5,-524,7,25
k007,5,6,-524,8,24
k007,5,7,-524,9,23
k007,5,8,-524,10,22
k007,5,9,-524,11,21
k007,5,10,-524,12,20
k007,5,11,-523,1,19
k007,5,12,-523,2,17
k007,5,12.5,-523,3,19
k007,6,1,-523,4,17
k007,6,2,-523,5,16
k007,6,3,-523,6,14
k007,6,4,-523,7,14
k007,6,5,-523,8,13
k007,6,6,-523,9,12
k007,6,7,-523,10,11
k007,6,8,-523,11,10
k007,6,9,-523,12,10
k007,6,10,-522,1,8
k007,6,11,-522,2,7
k007,6,12,-522,3,8
k007,7,1,-522,4,7
k007,7,2,-522,5,6
k007,7,3,-522,6,4
k007,7,4,-522,7,4
k007,7,5,-522,8,2
k007,7,6,-522,9,1
k007,7,7,-522,10,1
k007,7,8,-522,10,30
k007,7,9,-522,11,29
k007,7,10,-522,12,28
k007,7,11,-521,1,27
k007,7,12,-521,2,26
k007,8,1,-521,3,27
k007,8,2,-521,4,25
k007,8,3,-521,5,25
k007,8,4,-521,6,23
k007,8,5,-521,7,23
k007,8,6,-521,8,21
k007,8,7,-521,9,20
k007,8,8,-521,10,19
k007,8,9,-521,11,18
k007,8,10,-521,12,17
k007,8,11,-520,1,16
k007,8,12,-520,2,15
k007,8,12.5,-520,3,15
k008,1,1,-520,4,14
k008,1,2,-520,5,13
k008,1,3,-520,6,12
k008,1,4,-520,7,11
k008,1,5,-520,8,10
k008,1,6,-520,9,8
k008,1,7,-520,10,8
k008,1,8,-520,11,6
k008,1,9,-520,12,6
k008,1,10,-519,1,4
k008,1,11,-519,2,3
k008,1,12,-519,3,4
k008,2,1,-519,4,3
k008,2,2,-519,5,3
k008,2,3,-519,6,1
k008,2,4,-519,7,1
k008,2,5,-519,7,31
k008,2,6,-519,8,29
k008,2,7,-519,9,27
k008,2,8,-519,10,27
k008,2,9,-519,11,25
k008,2,10,-519,12,24
k008,2,11,-518,1,23
k008,2,12,-518,2,21
k008,3,1,-518,3,23
k008,3,2,-518,4,22
k008,3,3,-518,5,21
k008,3,4,-518,6,20
k008,3,5,-518,7,20
k008,3,6,-518,8,19
k008,3,6.5,-518,9,17
k008,3,7,-518,10,16
k008,3,8,-518,11,15
k008,3,9,-518,12,14
k008,3,10,-517,1,12
k008,3,11,-517,2,11
k008,3,12,-517,3,12
k008,4,1,-517,4,11
k008,4,2,-517,5,10
k008,4,3,-517,6,9
k008,4,4,-517,7,9
k008,4,5,-517,8,8
k008,4,6,-517,9,6
k008,4,7,-517,10,6
k008,4,8,-517,11,4
k008,4,9,-517,12,4
k008,4,10,-516,1,2
k008,4,11,-516,1,31
k008,4,12,-516,3,1
k008,5,1,-516,3,30
k008,5,2,-516,4,29
k008,5,3,-516,5,28
k008,5,4,-516,6,27
k008,5,5,-516,7,27
k008,5,6,-516,8,25
k008,5,7,-516,9,24
k008,5,8,-516,10,24
k008,5,9,-516,11,22
k008,5,10,-516,12,22
k008,5,11,-515,1,20
k008,5,12,-515,2,19
k008,5,12.5,-515,3,20
k008,6,1,-515,4,18
k008,6,2,-515,5,18
k008,6,3,-515,6,16
k008,6,4,-515,7,16
k008,6,5,-515,8,14
k008,6,6,-515,9,13
k008,6,7,-515,10,13
k008,6,8,-515,11,11
k008,6,9,-515,12,11
k008,6,10,-514,1,10
k008,6,11,-514,2,8
k008,6,12,-514,3,10
k008,7,1,-514,4,8
k008,7,2,-514,5,7
k008,7,3,-514,6,6
k008,7,4,-514,7,5
k008,7,5,-514,8,3
k008,7,6,-514,9,2
k008,7,6.5,-514,10,2
k008,7,8,-514,10,31
k008,7,9,-514,11,30
k008,7,10,-514,12,30
k008,7,11,-513,1,29
k008,7,12,-513,2,27
k008,8,1,-513,3,29
k008,8,2,-513,4,27
k008,8,3,-513,5,26
k008,8,4,-513,6,25
k008,8,5,-513,7,24
k008,8,6,-513,8,22
k008,8,7,-513,9,21
k008,8,8,-513,10,20
k008,8,9,-513,11,19
k008,8,10,-513,12,19
k008,8,11,-512,1,18
k008,8,12,-512,2,16
k008,8,12.5,-512,3,17
k008,9,1,-512,4,16
k008,9,2,-512,5,15
k008,9,3,-512,6,13
k008,9,4,-512,7,13
k008,9,5,-512,8,11
k008,9,6,-512,9,10
k008,9,7,-512,10,9
k008,9,8,-512,11,7
k008,9,9,-512,12,7
k008,9,10,-511,1,6
k008,9,11,-511,2,5
k008,9,12,-511,3,6
k008,10,1,-511,4,5
k008,10,2,-511,5,4
k008,10,3,-511,6,3
k008,10,4,-511,7,2
k008,10,5,-511,7,31
k008,10,6,-511,8,30
k008,10,7,-511,9,29
k008,10,8,-511,10,28
k008,10,9,-511,11,28
k008,10,10,-511,12,27
k008,10,11,-510,1,25
k008,10,12,-510,2,23
k008,11,1,-510,3,25
k008,11,2,-510,4,23
k008,11,3,-510,5,23
k008,11,4,-510,6,22
k008,11,5,-510,7,21
k008,11,6,-510,8,19
k008,11,6.5,-510,9,18
k008,11,7,-510,10,18
k008,11,8,-510,11,16
k008,11,9,-510,12,16
k008,11,10,-509,1,14
k008,11,11,-509,2,12
k008,11,12,-509,3,14
k008,12,1,-509,4,13
k008,12,2,-509,5,12
k008,12,3,-509,6,11
k008,12,4,-509,7,10
k008,12,5,-509,8,9
k008,12,6,-509,9,8
k008,12,7,-509,10,7
k008,12,8,-509,11,6
k008,12,9,-509,12,5
k008,12,10,-508,1,4
k008,12,11,-508,2,2
k008,12,12,-508,3,2
k008,13,1,-508,4,1
k008,13,2,-508,4,30
k008,13,3,-508,5,30
k008,13,4,-508,6,28
k008,13,5,-508,7,28
k008,13,6,-508,8,27
k008,13,7,-508,9,26
k008,13,8,-508,10,25
k008,13,9,-508,11,24
k008,13,10,-508,12,23
k008,13,11,-507,1,22
k008,13,12,-507,2,20
k008,13,12.5,-507,3,21
k008,14,1,-507,4,20
k008,14,2,-507,5,19
k008,14,3,-507,6,17
k008,14,4,-507,7,17
k008,14,5,-507,8,16
k008,14,6,-507,9,15
k008,14,7,-507,10,15
k008,14,8,-507,11,14
k008,14,9,-507,12,13
k008,14,10,-506,1,11
k008,14,11,-506,2,10
k008,14,12,-506,3,11
k008,15,1,-506,4,9
k008,15,2,-506,5,8
k008,15,3,-506,6,7
k008,15,4,-506,7,6
k008,15,5,-506,8,5
k008,15,6,-506,9,4
k008,15,7,-506,10,4
k008,15,8,-506,11,3
k008,15,9,-506,12,2
k008,15,10,-505,1,1
k008,15,11,-505,1,30
k008,15,12,-505,3,1
k008,16,1,-505,3,30
k008,16,2,-505,4,28
k008,16,3,-505,5,27
k008,16,4,-505,6,26
k008,16,5,-505,7,25
k008,16,6,-505,8,24
k008,16,7,-505,9,23
k008,16,8,-505,10,23
k008,16,9,-505,11,21
k008,16,10,-505,12,21
k008,16,11,-504,1,20
k008,16,12,-504,2,18
k008,16,12.5,-504,3,18
k008,17,1,-504,4,17
k008,17,2,-504,5,16
k008,17,3,-504,6,14
k008,17,4,-504,7,14
k008,17,5,-504,8,12
k008,17,6,-504,9,11
k008,17,7,-504,10,11
k008,17,8,-504,11,9
k008,17,9,-504,12,9
k008,17,10,-503,1,8
k008,17,11,-503,2,6
k008,17,12,-503,3,8
k008,18,1,-503,4,6
k008,18,2,-503,5,6
k008,18,3,-503,6,4
k008,18,4,-503,7,4
k008,18,5,-503,8,2
k008,18,6,-503,9,1
k008,18,7,-503,9,30
k008,18,8,-503,10,30
k008,18,9,-503,11,28
k008,18,10,-503,12,28
k008,18,11,-502,1,26
k008,18,12,-502,2,25
k008,19,1,-502,3,27
k008,19,2,-502,4,25
k008,19,3,-502,5,25
k008,19,4,-502,6,23
k008,19,5,-502,7,23
k008,19,6,-502,8,21
k008,19,6.5,-502,9,20
k008,19,7,-502,10,19
k008,19,8,-502,11,18
k008,19,9,-502,12,17
k008,19,10,-501,1,15
k008,19,11,-501,2,14
k008,19,12,-501,3,16
k008,20,1,-501,4,14
k008,20,2,-501,5,14
k008,20,3,-501,6,13
k008,20,4,-501,7,12
k008,20,5,-501,8,11
k008,20,6,-501,9,9
k008,20,7,-501,10,9
k008,20,8,-501,11,7
k008,20,9,-501,12,6
k008,20,10,-500,1,5
k008,20,11,-500,2,3
k008,20,12,-500,3,4
k008,21,1,-500,4,2
k008,21,2,-500,5,2
k008,21,3,-500,6,1
k008,21,4,-500,6,30
k008,21,5,-500,7,30
k008,21,6,-500,8,29
k008,21,7,-500,9,27
k008,21,8,-500,10,27
k008,21,9,-500,11,25
k008,21,10,-500,12,24
k008,21,11,-499,1,23
k008,21,12,-499,2,21
k008,22,1,-499,3,23
k008,22,2,-499,4,21
k008,22,3,-499,5,21
k008,22,4,-499,6,19
k008,22,5,-499,7,19
k008,22,6,-499,8,18
k008,22,7,-499,9,17
k008,22,8,-499,10,16
k008,22,9,-499,11,15
k008,22,10,-499,12,14
k008,22,11,-498,1,12
k008,22,12,-498,2,11
k008,22,12.5,-498,3,12
k008,23,1,-498,4,11
k008,23,2,-498,5,10
k008,23,3,-498,6,9
k008,23,4,-498,7,8
k008,23,5,-498,8,7
k008,23,6,-498,9,6
k008,23,7,-498,10,5
k008,23,8,-498,11,4
k008,23,9,-498,12,3
k008,23,10,-497,1,2
k008,23,11,-497,1,31
k008,23,12,-497,3,2
k008,24,1,-497,3,31
k008,24,2,-497,4,30
k008,24,3,-497,5,29
k008,24,4,-497,6,27
k008,24,5,-497,7,27
k008,24,6,-497,8,26
k008,24,7,-497,9,24
k008,24,8,-497,10,24
k008,24,9,-497,11,23
k008,24,10,-497,12,22
k008,24,11,-496,1,21
k008,24,12,-496,2,20
k008,24,12.5,-496,3,20
k008,25,1,-496,4,18
k008,25,2,-496,5,18
k008,25,3,-496,6,16
k008,25,4,-496,7,15
k008,25,5,-496,8,14
k008,25,6,-496,9,12
k008,25,7,-496,10,12
k008,25,8,-496,11,11
k008,25,9,-496,12,10
k008,25,10,-495,1,9
k008,25,11,-495,2,8
k008,25,12,-495,3,9
k008,26,1,-495,4,8
k008,26,2,-495,5,7
k008,26,3,-495,6,6
k008,26,4,-495,7,5
k008,26,5,-495,8,3
k008,26,6,-495,9,2
k008,26,7,-495,10,1
k008,26,8,-495,10,31
k008,26,9,-495,11,29
k008,26,10,-495,12,29
k008,26,11,-494,1,28
k008,26,12,-494,2,26
k008,27,1,-494,3,28
k008,27,2,-494,4,27
k008,27,3,-494,5,26
k008,27,4,-494,6,25
k008,27,5,-494,7,24
k008,27,6,-494,8,22
k008,27,7,-494,9,21
k008,27,8,-494,10,20
k008,27,9,-494,11,19
k008,27,10,-494,12,18
k008,27,11,-493,1,17
k008,27,12,-493,2,16
k008,27,12.5,-493,3,17
k008,28,1,-493,4,16
k008,28,2,-493,5,16
k008,28,3,-493,6,14
k008,28,4,-493,7,14
k008,28,5,-493,8,12
k008,28,6,-493,9,10
k008,28,7,-493,10,10
k008,28,8,-493,11,8
k008,28,9,-493,12,8
k008,28,10,-492,1,6
k008,28,11,-492,2,5
k008,28,12,-492,3,6
k008,29,1,-492,4,4
k008,29,2,-492,5,4
k008,29,3,-492,6,2
k008,29,4,-492,7,2
k008,29,5,-492,7,31
k008,29,6,-492,8,30
k008,29,7,-492,9,28
k008,29,8,-492,10,28
k008,29,9,-492,11,26
k008,29,10,-492,12,26
k008,29,11,-491,1,24
k008,29,12,-491,2,23
k008,29,12.5,-491,3,24
k008,30,1,-491,4,23
k008,30,2,-491,5,22
k008,30,3,-491,6,21
k008,30,4,-491,7,21
k008,30,5,-491,8,19
k008,30,6,-491,9,18
k008,30,7,-491,10,18
k008,30,8,-491,11,16
k008,30,9,-491,12,16
k008,30,10,-490,1,14
k008,30,11,-490,2,12
k008,30,12,-490,3,14
k008,31,1,-490,4,12
k008,31,2,-490,5,12
k008,31,3,-490,6,10
k008,31,4,-490,7,10
k008,31,5,-490,8,8
k008,31,6,-490,9,7
k008,31,7,-490,10,7
k008,31,8,-490,11,6
k008,31,9,-490,12,5
k008,31,10,-489,1,4
k008,31,11,-489,2,2
k008,31,12,-489,3,3
k008,32,1,-489,4,2
k008,32,2,-489,5,1
k008,32,3,-489,5,30
k008,32,4,-489,6,29
k008,32,5,-489,7,28
k008,32,6,-489,8,27
k008,32,7,-489,9,26
k008,32,8,-489,10,26
k008,32,9,-489,11,25
k008,32,10,-489,12,24
k008,32,11,-488,1,23
k008,32,12,-488,2,21
k008,32,12.5,-488,3,21
k008,33,1,-488,4,19
k008,33,2,-488,5,19
k008,33,3,-488,6,17
k008,33,4,-488,7,17
k008,33,5,-488,8,15
k008,33,6,-488,9,14
k008,33,7,-488,10,14
k008,33,8,-488,11,13
k008,33,9,-488,12,13
k008,33,10,-487,1,11
k008,33,11,-487,2,9
k008,33,12,-487,3,11
k008,34,1,-487,4,9
k008,34,2,-487,5,8
k008,34,3,-487,6,7
k008,34,4,-487,7,6
k008,34,5,-487,8,5
k008,34,6,-487,9,3
k008,34,7,-487,10,3
k008,34,8,-487,11,2
k008,34,9,-487,12,2
k008,34,10,-487,12,31
k008,34,11,-486,1,30
k008,34,12,-486,2,28
k008,35,1,-486,3,30
k008,35,2,-486,4,28
k008,35,3,-486,5,28
k008,35,4,-486,6,26
k008,35,5,-486,7,25
k008,35,6,-486,8,24
k008,35,7,-486,9,23
k008,35,8,-486,10,22
k008,35,9,-486,11,21
k008,35,10,-486,12,20
k008,35,11,-485,1,19
k008,35,12,-485,2,17
k008,35,12.5,-485,3,19
k008,36,1,-485,4,18
k008,36,2,-485,5,17
k008,36,3,-485,6,15
k008,36,4,-485,7,15
k008,36,5,-485,8,13
k008,36,6,-485,9,12
k008,36,7,-485,10,12
k008,36,8,-485,11,10
k008,36,9,-485,12,9
k008,36,10,-484,1,8
k008,36,11,-484,2,6
k008,36,12,-484,3,7
k009,1,1,-484,4,6
k009,1,2,-484,5,5
k009,1,3,-484,6,4
k009,1,4,-484,7,4
k009,1,5,-484,8,2
k009,1,6,-484,9,1
k009,1,7,-484,9,30
k009,1,8,-484,10,30
k009,1,9,-484,11,28
k009,1,10,-484,12,27
k009,1,11,-483,1,26
k009,1,12,-483,2,24
k009,2,1,-483,3,26
k009,2,2,-483,4,25
k009,2,3,-483,5,24
k009,2,4,-483,6,23
k009,2,5,-483,7,23
k009,2,6,-483,8,21
k009,2,6.5,-483,9,20
k009,2,7,-483,10,19
k009,2,8,-483,11,17
k009,2,9,-483,12,17
k009,2,10,-482,1,15
k009,2,11,-482,2,13
k009,2,12,-482,3,15
k009,3,1,-482,4,14
k009,3,2,-482,5,13
k009,3,3,-482,6,12
k009,3,4,-482,7,12
k009,3,5,-482,8,11
k009,3,6,-482,9,9
k009,3,7,-482,10,9
k009,3,8,-482,11,7
k009,3,9,-482,12,6
k009,3,10,-481,1,5
k009,3,11,-481,2,3
k009,3,12,-481,3,4
k009,4,1,-481,4,3
k009,4,2,-481,5,2
k009,4,3,-481,6,1
k009,4,4,-481,7,1
k009,4,5,-481,7,31
k009,4,6,-481,8,29
k009,4,7,-481,9,28
k009,4,8,-481,10,28
k009,4,9,-481,11,26
k009,4,10,-481,12,25
k009,4,11,-480,1,24
k009,4,12,-480,2,22
k009,4,12.5,-480,3,22
k009,5,1,-480,4,21
k009,5,2,-480,5,20
k009,5,3,-480,6,19
k009,5,4,-480,7,19
k009,5,5,-480,8,17
k009,5,6,-480,9,16
k009,5,7,-480,10,16
k009,5,8,-480,11,14
k009,5,9,-480,12,14
k009,5,10,-479,1,12
k009,5,11,-479,2,11
k009,5,12,-479,3,12
k009,6,1,-479,4,11
k009,6,2,-479,5,10
k009,6,3,-479,6,8
k009,6,4,-479,7,8
k009,6,5,-479,8,6
k009,6,6,-479,9,5
k009,6,7,-479,10,5
k009,6,8,-479,11,3
k009,6,9,-479,12,3
k009,6,10,-478,1,2
k009,6,11,-478,1,31
k009,6,12,-478,3,2
k009,7,1,-478,3,31
k009,7,2,-478,4,30
k009,7,3,-478,5,29
k009,7,4,-478,6,27
k009,7,5,-478,7,27
k009,7,6,-478,8,25
k009,7,7,-478,9,24
k009,7,8,-478,10,23
k009,7,9,-478,11,22
k009,7,10,-478,12,22
k009,7,11,-477,1,21
k009,7,12,-477,2,19
k009,7,12.5,-477,3,21
k009,8,1,-477,4,19
k009,8,2,-477,5,19
k009,8,3,-477,6,17
k009,8,4,-477,7,16
k009,8,5,-477,8,15
k009,8,6,-477,9,13
k009,8,7,-477,10,12
k009,8,8,-477,11,11
k009,8,9,-477,12,11
k009,8,10,-476,1,10
k009,8,11,-476,2,8
k009,8,12,-476,3,9
k009,9,1,-476,4,8
k009,9,2,-476,5,7
k009,9,3,-476,6,6
k009,9,4,-476,7,5
k009,9,5,-476,8,3
k009,9,6,-476,9,2
k009,9,7,-476,10,1
k009,9,8,-476,10,30
k009,9,9,-476,11,29
k009,9,10,-476,12,29
k009,9,11,-475,1,27
k009,9,12,-475,2,26
k009,10,1,-475,3,28
k009,10,2,-475,4,26
k009,10,3,-475,5,26
k009,10,4,-475,6,24
k009,10,5,-475,7,24
k009,10,6,-475,8,22
k009,10,7,-475,9,21
k009,10,8,-475,10,20
k009,10,9,-475,11,19
k009,10,10,-475,12,18
k009,10,11,-474,1,17
k009,10,12,-474,2,15
k009,10,12.5,-474,3,17
k009,11,1,-474,4,15
k009,11,2,-474,5,15
k009,11,3,-474,6,14
k009,11,4,-474,7,13
k009,11,5,-474,8,12
k009,11,6,-474,9,10
k009,11,7,-474,10,10
k009,11,8,-474,11,8
k009,11,9,-474,12,8
k009,11,10,-473,1,6
k009,11,11,-473,2,5
k009,11,12,-473,3,6
k009,12,1,-473,4,5
k009,12,2,-473,5,4
k009,12,3,-473,6,3
k009,12,4,-473,7,2
k009,12,5,-473,8,1
k009,12,6,-473,8,31
k009,12,7,-473,9,29
k009,12,8,-473,10,29
k009,12,9,-473,11,28
k009,12,10,-473,12,27
k009,12,11,-472,1,25
k009,12,12,-472,2,24
k009,12,12.5,-472,3,24
k009,13,1,-472,4,22
k009,13,2,-472,5,22
k009,13,3,-472,6,20
k009,13,4,-472,7,20
k009,13,5,-472,8,19
k009,13,6,-472,9,18
k009,13,7,-472,10,17
k009,13,8,-472,11,16
k009,13,9,-472,12,16
k009,13,10,-471,1,14
k009,13,11,-471,2,12
k009,13,12,-471,3,13
k009,14,1,-471,4,12
k009,14,2,-471,5,11
k009,14,3,-471,6,10
k009,14,4,-471,7,10
k009,14,5,-471,8,9
k009,14,6,-471,9,7
k009,14,7,-471,10,7
k009,14,8,-471,11,5
k009,14,9,-471,12,5
k009,14,10,-470,1,4
k009,14,11,-470,2,2
k009,14,12,-470,3,3
k009,15,1,-470,4,1
k009,15,2,-470,5,1
k009,15,3,-470,5,30
k009,15,4,-470,6,28
k009,15,5,-470,7,28
k009,15,6,-470,8,27
k009,15,7,-470,9,26
k009,15,8,-470,10,26
k009,15,9,-470,11,24
k009,15,10,-470,12,24
k009,15,11,-469,1,22
k009,15,12,-469,2,21
k009,15,12.5,-469,3,22
k009,16,1,-469,4,21
k009,16,2,-469,5,20
k009,16,3,-469,6,18
k009,16,4,-469,7,17
k009,16,5,-469,8,16
k009,16,6,-469,9,15
k009,16,7,-469,10,15
k009,16,8,-469,11,13
k009,16,9,-469,12,13
k009,16,10,-468,1,12
k009,16,11,-468,2,10
k009,16,12,-468,3,11
k009,17,1,-468,4,9
k009,17,2,-468,5,8
k009,17,3,-468,6,7
k009,17,4,-468,7,6
k009,17,5,-468,8,5
k009,17,6,-468,9,3
k009,17,7,-468,10,3
k009,17,8,-468,11,1
k009,17,9,-468,12,1
k009,17,10,-468,12,31
k009,17,11,-467,1,29
k009,17,12,-467,2,28
k009,18,1,-467,3,29
k009,18,2,-467,4,28
k009,18,3,-467,5,27
k009,18,4,-467,6,26
k009,18,5,-467,7,25
k009,18,6,-467,8,24
k009,18,7,-467,9,22
k009,18,8,-467,10,22
k009,18,9,-467,11,20
k009,18,10,-467,12,20
k009,18,11,-466,1,18
k009,18,12,-466,2,17
k009,18,12.5,-466,3,18
k009,19,1,-466,4,17
k009,19,2,-466,5,17
k009,19,3,-466,6,15
k009,19,4,-466,7,15
k009,19,5,-466,8,14
k009,19,6,-466,9,12
k009,19,7,-466,10,12
k009,19,8,-466,11,10
k009,19,9,-466,12,9
k009,19,10,-465,1,7
k009,19,11,-465,2,6
k009,19,12,-465,3,7
k009,20,1,-465,4,6
k009,20,2,-465,5,6
k009,20,3,-465,6,4
k009,20,4,-465,7,4
k009,20,5,-465,8,3
k009,20,6,-465,9,2
k009,20,7,-465,10,1
k009,20,8,-465,10,31
k009,20,9,-465,11,29
k009,20,10,-465,12,28
k009,20,11,-464,1,26
k009,20,12,-464,2,25
k009,21,1,-464,3,25
k009,21,2,-464,4,24
k009,21,3,-464,5,24
k009,21,4,-464,6,22
k009,21,5,-464,7,22
k009,21,6,-464,8,21
k009,21,6.5,-464,9,20
k009,21,7,-464,10,19
k009,21,8,-464,11,17
k009,21,9,-464,12,17
k009,21,10,-463,1,15
k009,21,11,-463,2,13
k009,21,12,-463,3,15
k010,1,1,-463,4,13
k010,1,2,-463,5,13
k010,1,3,-463,6,11
k010,1,4,-463,7,11
k010,1,5,-463,8,10
k010,1,6,-463,9,9
k010,1,7,-463,10,8
k010,1,8,-463,11,7
k010,1,9,-463,12,6
k010,1,10,-462,1,5
k010,1,11,-462,2,3
k010,1,12,-462,3,4
k010,2,1,-462,4,3
k010,2,2,-462,5,2
k010,2,3,-462,6,1
k010,2,4,-462,6,30
k010,2,5,-462,7,30
k010,2,6,-462,8,29
k010,2,7,-462,9,27
k010,2,8,-462,10,27
k010,2,9,-462,11,26
k010,2,10,-462,12,25
k010,2,11,-461,1,24
k010,2,12,-461,2,22
k010,2,12.5,-461,3,24
k010,3,1,-461,4,22
k010,3,2,-461,5,21
k010,3,3,-461,6,20
k010,3,4,-461,7,19
k010,3,5,-461,8,18
k010,3,6,-461,9,16
k010,3,7,-461,10,16
k010,3,8,-461,11,15
k010,3,9,-461,12,14
k010,3,10,-460,1,13
k010,3,11,-460,2,12
k010,3,12,-460,3,12
k010,4,1,-460,4,11
k010,4,2,-460,5,10
k010,4,3,-460,6,8
k010,4,4,-460,7,8
k010,4,5,-460,8,6
k010,4,6,-460,9,5
k010,4,7,-460,10,4
k010,4,8,-460,11,3
k010,4,9,-460,12,2
k010,4,10,-459,1,1
k010,4,11,-459,1,31
k010,4,12,-459,3,1
k010,5,1,-459,3,31
k010,5,2,-459,4,30
k010,5,3,-459,5,29
k010,5,4,-459,6,27
k010,5,5,-459,7,27
k010,5,6,-459,8,25
k010,5,7,-459,9,23
k010,5,8,-459,10,23
k010,5,9,-459,11,21
k010,5,10,-459,12,21
k010,5,11,-458,1,20
k010,5,12,-458,2,19
k010,5,12.5,-458,3,20
k010,6,1,-458,4,19
k010,6,2,-458,5,18
k010,6,3,-458,6,17
k010,6,4,-458,7,16
k010,6,5,-458,8,15
k010,6,6,-458,9,13
k010,6,7,-458,10,12
k010,6,8,-458,11,11
k010,6,9,-458,12,10
k010,6,10,-457,1,9
k010,6,11,-457,2,8
k010,6,12,-457,3,9
k010,7,1,-457,4,8
k010,7,2,-457,5,8
k010,7,3,-457,6,6
k010,7,4,-457,7,6
k010,7,5,-457,8,4
k010,7,6,-457,9,3
k010,7,7,-457,10,2
k010,7,8,-457,10,31
k010,7,9,-457,11,30
k010,7,10,-457,12,29
k010,7,11,-456,1,28
k010,7,12,-456,2,27
k010,8,1,-456,3,27
k010,8,2,-456,4,26
k010,8,3,-456,5,25
k010,8,4,-456,6,24
k010,8,5,-456,7,24
k010,8,6,-456,8,22
k010,8,7,-456,9,21
k010,8,8,-456,10,20
k010,8,9,-456,11,19
k010,8,10,-456,12,18
k010,8,11,-455,1,17
k010,8,12,-455,2,15
k010,8,12.5,-455,3,16
k010,9,1,-455,4,15
k010,9,2,-455,5,14
k010,9,3,-455,6,13
k010,9,4,-455,7,13
k010,9,5,-455,8,11
k010,9,6,-455,9,10
k010,9,7,-455,10,10
k010,9,8,-455,11,8
k010,9,9,-455,12,8
k010,9,10,-454,1,6
k010,9,11,-454,2,5
k010,9,12,-454,3,6
k010,10,1,-454,4,4
k010,10,2,-454,5,4
k010,10,3,-454,6,2
k010,10,4,-454,7,2
k010,10,5,-454,7,31
k010,10,6,-454,8,30
k010,10,7,-454,9,29
k010,10,8,-454,10,29
k010,10,9,-454,11,27
k010,10,10,-454,12,27
k010,10,11,-453,1,25
k010,10,12,-453,2,24
k010,10,12.5,-453,3,25
k010,11,1,-453,4,23
k010,11,2,-453,5,22
k010,11,3,-453,6,21
k010,11,4,-453,7,20
k010,11,5,-453,8,19
k010,11,6,-453,9,18
k010,11,7,-453,10,18
k010,11,8,-453,11,17
k010,11,9,-453,12,16
k010,11,10,-452,1,15
k010,11,11,-452,2,13
k010,11,12,-452,3,14
k010,12,1,-452,4,12
k010,12,2,-452,5,11
k010,12,3,-452,6,9
k010,12,4,-452,7,9
k010,12,5,-452,8,7
k010,12,6,-452,9,6
k010,12,7,-452,10,6
k010,12,8,-452,11,5
k010,12,9,-452,12,5
k010,12,10,-451,1,3
k010,12,11,-451,2,2
k010,12,12,-451,3,3
k010,13,1,-451,4,2
k010,13,2,-451,5,1
k010,13,3,-451,5,30
k010,13,4,-451,6,28
k010,13,5,-451,7,28
k010,13,6,-451,8,26
k010,13,7,-451,9,25
k010,13,8,-451,10,25
k010,13,9,-451,11,24
k010,13,10,-451,12,23
k010,13,11,-450,1,22
k010,13,12,-450,2,20
k010,13,12.5,-450,3,22
k010,14,1,-450,4,20
k010,14,2,-450,5,20
k010,14,3,-450,6,18
k010,14,4,-450,7,17
k010,14,5,-450,8,16
k010,14,6,-450,9,15
k010,14,7,-450,10,14
k010,14,8,-450,11,13
k010,14,9,-450,12,12
k010,14,10,-449,1,11
k010,14,11,-449,2,9
k010,14,12,-449,3,11
k010,15,1,-449,4,10
k010,15,2,-449,5,9
k010,15,3,-449,6,8
k010,15,4,-449,7,7
k010,15,5,-449,8,6
k010,15,6,-449,9,4
k010,15,7,-449,10,4
k010,15,8,-449,11,2
k010,15,9,-449,12,1
k010,15,10,-449,12,31
k010,15,11,-448,1,29
k010,15,12,-448,2,28
k010,16,1,-448,3,29
k010,16,2,-448,4,27
k010,16,3,-448,5,27
k010,16,4,-448,6,26
k010,16,5,-448,7,25
k010,16,6,-448,8,24
k010,16,7,-448,9,22
k010,16,8,-448,10,22
k010,16,9,-448,11,20
k010,16,10,-448,12,19
k010,16,11,-447,1,18
k010,16,12,-447,2,16
k010,16,12.5,-447,3,18
k010,17,1,-447,4,16
k010,17,2,-447,5,16
k010,17,3,-447,6,15
k010,17,4,-447,7,15
k010,17,5,-447,8,13
k010,17,6,-447,9,12
k010,17,7,-447,10,12
k010,17,8,-447,11,10
k010,17,9,-447,12,9
k010,17,10,-446,1,7
k010,17,11,-446,2,6
k010,17,12,-446,3,7
k010,18,1,-446,4,6
k010,18,2,-446,5,5
k010,18,3,-446,6,4
k010,18,4,-446,7,4
k010,18,5,-446,8,2
k010,18,6,-446,9,1
k010,18,7,-446,10,1
k010,18,8,-446,10,30
k010,18,9,-446,11,29
k010,18,10,-446,12,28
k010,18,11,-445,1,26
k010,18,12,-445,2,25
k010,19,1,-445,3,26
k010,19,2,-445,4,25
k010,19,3,-445,5,24
k010,19,4,-445,6,23
k010,19,5,-445,7,22
k010,19,6,-445,8,21
k010,19,7,-445,9,20
k010,19,8,-445,10,20
k010,19,9,-445,11,18
k010,19,10,-445,12,18
k010,19,11,-444,1,16
k010,19,12,-444,2,14
k010,19,12.5,-444,3,15
k010,20,1,-444,4,13
k010,20,2,-444,5,12
k010,20,3,-444,6,11
k010,20,4,-444,7,11
k010,20,5,-444,8,9
k010,20,6,-444,9,8
k010,20,7,-444,10,8
k010,20,8,-444,11,6
k010,20,9,-444,12,6
k010,20,10,-443,1,4
k010,20,11,-443,2,3
k010,20,12,-443,3,4
k010,21,1,-443,4,3
k010,21,2,-443,5,2
k010,21,3,-443,6,1
k010,21,4,-443,6,30
k010,21,5,-443,7,30
k010,21,6,-443,8,28
k010,21,7,-443,9,27
k010,21,8,-443,10,26
k010,21,9,-443,11,25
k010,21,10,-443,12,25
k010,21,11,-442,1,23
k010,21,12,-442,2,22
k010,21,12.5,-442,3,23
k010,22,1,-442,4,22
k010,22,2,-442,5,21
k010,22,3,-442,6,20
k010,22,4,-442,7,19
k010,22,5,-442,8,17
k010,22,6,-442,9,16
k010,22,7,-442,10,15
k010,22,8,-442,11,14
k010,22,9,-442,12,14
k010,22,10,-441,1,12
k010,22,11,-441,2,11
k010,22,12,-441,3,13
k010,23,1,-441,4,11
k010,23,2,-441,5,11
k010,23,3,-441,6,9
k010,23,4,-441,7,9
k010,23,5,-441,8,7
k010,23,6,-441,9,5
k010,23,7,-441,10,5
k010,23,8,-441,11,3
k010,23,9,-441,12,3
k010,23,10,-440,1,1
k010,23,11,-440,1,31
k010,23,12,-440,3,1
k010,24,1,-440,3,31
k010,24,2,-440,4,29
k010,24,3,-440,5,29
k010,24,4,-440,6,27
k010,24,5,-440,7,27
k010,24,6,-440,8,25
k010,24,7,-440,9,23
k010,24,8,-440,10,23
k010,24,9,-440,11,21
k010,24,10,-440,12,21
k010,24,11,-439,1,19
k010,24,12,-439,2,18
k010,24,12.5,-439,3,19
k010,25,1,-439,4,18
k010,25,2,-439,5,18
k010,25,3,-439,6,17
k010,25,4,-439,7,16
k010,25,5,-439,8,15
k010,25,6,-439,9,13
k010,25,7,-439,10,12
k010,25,8,-439,11,11
k010,25,9,-439,12,10
k010,25,10,-438,1,9
k010,25,11,-438,2,7
k010,25,12,-438,3,9
k010,26,1,-438,4,7
k010,26,2,-438,5,7
k010,26,3,-438,6,6
k010,26,4,-438,7,5
k010,26,5,-438,8,4
k010,26,6,-438,9,2
k010,26,7,-438,10,2
k010,26,8,-438,10,31
k010,26,9,-438,11,30
k010,26,10,-438,12,29
k010,26,11,-437,1,28
k010,26,12,-437,2,26
k010,27,1,-437,3,28
k010,27,2,-437,4,26
k010,27,3,-437,5,26
k010,27,4,-437,6,24
k010,27,5,-437,7,24
k010,27,6,-437,8,23
k010,27,7,-437,9,21
k010,27,8,-437,10,21
k010,27,9,-437,11,20
k010,27,10,-437,12,19
k010,27,11,-436,1,18
k010,27,12,-436,2,16
k010,27,12.5,-436,3,16
k010,28,1,-436,4,14
k010,28,2,-436,5,14
k010,28,3,-436,6,12
k010,28,4,-436,7,12
k010,28,5,-436,8,11
k010,28,6,-436,9,9
k010,28,7,-436,10,9
k010,28,8,-436,11,8
k010,28,9,-436,12,8
k010,28,10,-435,1,6
k010,28,11,-435,2,5
k010,28,12,-435,3,6
k010,29,1,-435,4,4
k010,29,2,-435,5,3
k010,29,3,-435,6,2
k010,29,4,-435,7,1
k010,29,5,-435,7,31
k010,29,6,-435,8,29
k010,29,7,-435,9,28
k010,29,8,-435,10,28
k010,29,9,-435,11,27
k010,29,10,-435,12,27
k010,29,11,-434,1,25
k010,29,12,-434,2,24
k010,29,12.5,-434,3,25
k010,30,1,-434,4,23
k010,30,2,-434,5,22
k010,30,3,-434,6,21
k010,30,4,-434,7,20
k010,30,5,-434,8,19
k010,30,6,-434,9,17
k010,30,7,-434,10,17
k010,30,8,-434,11,16
k010,30,9,-434,12,16
k010,30,10,-433,1,14
k010,30,11,-433,2,13
k010,30,12,-433,3,14
k010,31,1,-433,4,13
k010,31,2,-433,5,12
k010,31,3,-433,6,10
k010,31,4,-433,7,10
k010,31,5,-433,8,8
k010,31,6,-433,9,7
k010,31,7,-433,10,6
k010,31,8,-433,11,5
k010,31,9,-433,12,5
k010,31,10,-432,1,3
k010,31,11,-432,2,2
k010,31,12,-432,3,3
k010,32,1,-432,4,1
k010,32,2,-432,5,1
k010,32,3,-432,5,30
k010,32,4,-432,6,28
k010,32,5,-432,7,28
k010,32,6,-432,8,26
k010,32,7,-432,9,25
k010,32,8,-432,10,25
k010,32,9,-432,11,23
k010,32,10,-432,12,23
k010,32,11,-431,1,21
k010,32,12,-431,2,20
k010,32,12.5,-431,3,21
k010,33,1,-431,4,20
k010,33,2,-431,5,19
k010,33,3,-431,6,18
k010,33,4,-431,7,17
k010,33,5,-431,8,16
k010,33,6,-431,9,15
k010,33,7,-431,10,14
k010,33,8,-431,11,13
k010,33,9,-431,12,12
k010,33,10,-430,1,10
k010,33,11,-430,2,9
k010,33,12,-430,3,10
k010,34,1,-430,4,9
k010,34,2,-430,5,9
k010,34,3,-430,6,7
k010,34,4,-430,7,7
k010,34,5,-430,8,6
k010,34,6,-430,9,4
k010,34,7,-430,10,4
k010,34,8,-430,11,2
k010,34,9,-430,12,2
k010,34,10,-430,12,31
k010,34,11,-429,1,29
k010,34,12,-429,2,28
k010,35,1,-429,3,29
k010,35,2,-429,4,28
k010,35,3,-429,5,27
k010,35,4,-429,6,26
k010,35,5,-429,7,26
k010,35,6,-429,8,25
k010,35,7,-429,9,23
k010,35,8,-429,10,23
k010,35,9,-429,11,21
k010,35,10,-429,12,20
k010,35,11,-428,1,19
k010,35,12,-428,2,17
k010,35,12.5,-428,3,17
k010,36,1,-428,4,16
k010,36,2,-428,5,15
k010,36,3,-428,6,14
k010,36,4,-428,7,14
k010,36,5,-428,8,13
k010,36,6,-428,9,12
k010,36,7,-428,10,11
k010,36,8,-428,11,10
k010,36,9,-428,12,9
k010,36,10,-427,1,7
k010,36,11,-427,2,6
k010,36,12,-427,3,7
k010,37,1,-427,4,5
k010,37,2,-427,5,5
k010,37,3,-427,6,3
k010,37,4,-427,7,3
k010,37,5,-427,8,2
k010,37,6,-427,9,1
k010,37,7,-427,9,30
k010,37,8,-427,10,30
k010,37,9,-427,11,29
k010,37,10,-427,12,28
k010,37,11,-426,1,26
k010,37,12,-426,2,25
k010,38,1,-426,3,26
k010,38,2,-426,4,24
k010,38,3,-426,5,24
k010,38,4,-426,6,22
k010,38,5,-426,7,22
k010,38,6,-426,8,21
k010,38,7,-426,9,20
k010,38,8,-426,10,19
k010,38,9,-426,11,18
k010,38,10,-426,12,17
k010,38,11,-425,1,16
k010,38,12,-425,2,14
k010,38,12.5,-425,3,16
k010,39,1,-425,4,14
k010,39,2,-425,5,13
k010,39,3,-425,6,12
k010,39,4,-425,7,11
k010,39,5,-425,8,10
k010,39,6,-425,9,8
k010,39,7,-425,10,8
k010,39,8,-425,11,7
k010,39,9,-425,12,6
k010,39,10,-424,1,5
k010,39,11,-424,2,4
k010,39,12,-424,3,4
k010,40,1,-424,4,3
k010,40,2,-424,5,2
k010,40,3,-424,6,1
k010,40,4,-424,6,30
k010,40,5,-424,7,29
k010,40,6,-424,8,28
k010,40,7,-424,9,26
k010,40,8,-424,10,26
k010,40,9,-424,11,24
k010,40,10,-424,12,24
k010,40,11,-423,1,23
k010,40,12,-423,2,21
k010,40,12.5,-423,3,23
k010,41,1,-423,4,22
k010,41,2,-423,5,21
k010,41,3,-423,6,20
k010,41,4,-423,7,19
k010,41,5,-423,8,17
k010,41,6,-423,9,16
k010,41,7,-423,10,15
k010,41,8,-423,11,14
k010,41,9,-423,12,13
k010,41,10,-422,1,12
k010,41,11,-422,2,10
k010,41,12,-422,3,12
k011,1,1,-422,4,11
k011,1,2,-422,5,11
k011,1,3,-422,6,9
k011,1,4,-422,7,9
k011,1,5,-422,8,7
k011,1,6,-422,9,5
k011,1,7,-422,10,5
k011,1,8,-422,11,3
k011,1,9,-422,12,3
k011,1,10,-421,1,1
k011,1,11,-421,1,31
k011,1,12,-421,3,1
k011,2,1,-421,3,31
k011,2,2,-421,4,30
k011,2,3,-421,5,29
k011,2,4,-421,6,28
k011,2,5,-421,7,28
k011,2,6,-421,8,26
k011,2,7,-421,9,24
k011,2,8,-421,10,24
k011,2,9,-421,11,22
k011,2,10,-421,12,22
k011,2,11,-420,1,20
k011,2,12,-420,2,19
k011,2,12.5,-420,3,19
k011,3,1,-420,4,18
k011,3,2,-420,5,17
k011,3,3,-420,6,16
k011,3,4,-420,7,16
k011,3,5,-420,8,14
k011,3,6,-420,9,13
k011,3,7,-420,10,12
k011,3,8,-420,11,11
k011,3,9,-420,12,10
k011,3,10,-419,1,9
k011,3,11,-419,2,7
k011,3,12,-419,3,9
k011,4,1,-419,4,7
k011,4,2,-419,5,6
k011,4,3,-419,6,5
k011,4,4,-419,7,5
k011,4,5,-419,8,3
k011,4,6,-419,9,2
k011,4,7,-419,10,2
k011,4,8,-419,10,31
k011,4,9,-419,11,30
k011,4,10,-419,12,29
k011,4,11,-418,1,28
k011,4,12,-418,2,26
k011,5,1,-418,3,27
k011,5,2,-418,4,26
k011,5,3,-418,5,25
k011,5,4,-418,6,24
k011,5,5,-418,7,23
k011,5,6,-418,8,22
k011,5,7,-418,9,21
k011,5,8,-418,10,21
k011,5,9,-418,11,19
k011,5,10,-418,12,19
k011,5,11,-417,1,17
k011,5,12,-417,2,16
k011,5,12.5,-417,3,17
k011,6,1,-417,4,15
k011,6,2,-417,5,15
k011,6,3,-417,6,13
k011,6,4,-417,7,12
k011,6,5,-417,8,11
k011,6,6,-417,9,10
k011,6,7,-417,10,10
k011,6,8,-417,11,8
k011,6,9,-417,12,8
k011,6,10,-416,1,7
k011,6,11,-416,2,5
k011,6,12,-416,3,6
k011,7,1,-416,4,4
k011,7,2,-416,5,3
k011,7,3,-416,6,2
k011,7,4,-416,7,1
k011,7,5,-416,7,30
k011,7,6,-416,8,29
k011,7,7,-416,9,28
k011,7,8,-416,10,28
k011,7,9,-416,11,26
k011,7,10,-416,12,26
k011,7,11,-415,1,25
k011,7,12,-415,2,23
k011,7,12.5,-415,3,25
k011,8,1,-415,4,23
k011,8,2,-415,5,22
k011,8,3,-415,6,21
k011,8,4,-415,7,20
k011,8,5,-415,8,18
k011,8,6,-415,9,17
k011,8,7,-415,10,17
k011,8,8,-415,11,16
k011,8,9,-415,12,15
k011,8,10,-414,1,14
k011,8,11,-414,2,12
k011,8,12,-414,3,14
k011,9,1,-414,4,13
k011,9,2,-414,5,12
k011,9,3,-414,6,10
k011,9,4,-414,7,10
k011,9,5,-414,8,8
k011,9,6,-414,9,7
k011,9,7,-414,10,6
k011,9,8,-414,11,5
k011,9,9,-414,12,4
k011,9,10,-413,1,3
k011,9,11,-413,2,1
k011,9,12,-413,3,3
k011,10,1,-413,4,2
k011,10,2,-413,5,1
k011,10,3,-413,5,31
k011,10,4,-413,6,29
k011,10,5,-413,7,29
k011,10,6,-413,8,27
k011,10,7,-413,9,26
k011,10,8,-413,10,26
k011,10,9,-413,11,24
k011,10,10,-413,12,23
k011,10,11,-412,1,22
k011,10,12,-412,2,20
k011,10,12.5,-412,3,21
k011,11,1,-412,4,19
k011,11,2,-412,5,19
k011,11,3,-412,6,18
k011,11,4,-412,7,17
k011,11,5,-412,8,16
k011,11,6,-412,9,15
k011,11,7,-412,10,14
k011,11,8,-412,11,13
k011,11,9,-412,12,12
k011,11,10,-411,1,10
k011,11,11,-411,2,8
k011,11,12,-411,3,10
k011,12,1,-411,4,8
k011,12,2,-411,5,8
k011,12,3,-411,6,7
k011,12,4,-411,7,6
k011,12,5,-411,8,5
k011,12,6,-411,9,4
k011,12,7,-411,10,4
k011,12,8,-411,11,2
k011,12,9,-411,12,2
k011,12,10,-411,12,31
k011,12,11,-410,1,29
k011,12,12,-410,2,27
k011,13,1,-410,3,29
k011,13,2,-410,4,27
k011,13,3,-410,5,27
k011,13,4,-410,6,25
k011,13,5,-410,7,25
k011,13,6,-410,8,24
k011,13,7,-410,9,23
k011,13,8,-410,10,23
k011,13,9,-410,11,21
k011,13,10,-410,12,20
k011,13,11,-409,1,19
k011,13,12,-409,2,17
k011,13,12.5,-409,3,18
k011,14,1,-409,4,17
k011,14,2,-409,5,16
k011,14,3,-409,6,15
k011,14,4,-409,7,14
k011,14,5,-409,8,13
k011,14,6,-409,9,12
k011,14,7,-409,10,12
k011,14,8,-409,11,10
k011,14,9,-409,12,10
k011,14,10,-408,1,8
k011,14,11,-408,2,7
k011,14,12,-408,3,7
k011,15,1,-408,4,5
k011,15,2,-408,5,5
k011,15,3,-408,6,3
k011,15,4,-408,7,3
k011,15,5,-408,8,1
k011,15,6,-408,8,31
k011,15,7,-408,9,30
k011,15,8,-408,10,29
k011,15,9,-408,11,28
k011,15,10,-408,12,28
k011,15,11,-407,1,27
k011,15,12,-407,2,25
k011,16,1,-407,3,26
k011,16,2,-407,4,24
k011,16,3,-407,5,24
k011,16,4,-407,6,22
k011,16,5,-407,7,22
k011,16,6,-407,8,20
k011,16,6.5,-407,9,19
k011,16,7,-407,10,18
k011,16,8,-407,11,17
k011,16,9,-407,12,17
k011,16,10,-406,1,15
k011,16,11,-406,2,14
k011,16,12,-406,3,16
k011,17,1,-406,4,14
k011,17,2,-406,5,14
k011,17,3,-406,6,12
k011,17,4,-406,7,11
k011,17,5,-406,8,10
k011,17,6,-406,9,8
k011,17,7,-406,10,8
k011,17,8,-406,11,6
k011,17,9,-406,12,6
k011,17,10,-405,1,4
k011,17,11,-405,2,3
k011,17,12,-405,3,5
k011,18,1,-405,4,3
k011,18,2,-405,5,3
k011,18,3,-405,6,2
k011,18,4,-405,7,1
k011,18,5,-405,7,30
k011,18,6,-405,8,29
k011,18,7,-405,9,27
k011,18,8,-405,10,26
k011,18,9,-405,11,25
k011,18,10,-405,12,24
k011,18,11,-404,1,23
k011,18,12,-404,2,22
k011,18,12.5,-404,3,22
k011,19,1,-404,4,21
k011,19,2,-404,5,21
k011,19,3,-404,6,19
k011,19,4,-404,7,19
k011,19,5,-404,8,17
k011,19,6,-404,9,16
k011,19,7,-404,10,15
k011,19,8,-404,11,13
k011,19,9,-404,12,13
k011,19,10,-403,1,11
k011,19,11,-403,2,10
k011,19,12,-403,3,12
k012,1,1,-403,4,10
k012,1,2,-403,5,10
k012,1,3,-403,6,9
k012,1,4,-403,7,8
k012,1,5,-403,8,7
k012,1,6,-403,9,5
k012,1,7,-403,10,5
k012,1,8,-403,11,3
k012,1,9,-403,12,2
k012,1,10,-402,1,1
k012,1,11,-402,1,30
k012,1,12,-402,3,1
k012,2,1,-402,3,30
k012,2,2,-402,4,29
k012,2,3,-402,5,29
k012,2,4,-402,6,27
k012,2,5,-402,7,27
k012,2,6,-402,8,26
k012,2,7,-402,9,24
k012,2,8,-402,10,24
k012,2,9,-402,11,22
k012,2,10,-402,12,22
k012,2,11,-401,1,20
k012,2,12,-401,2,18
k012,2,12.5,-401,3,20
k012,3,1,-401,4,18
k012,3,2,-401,5,18
k012,3,3,-401,6,16
k012,3,4,-401,7,16
k012,3,5,-401,8,15
k012,3,6,-401,9,13
k012,3,7,-401,10,13
k012,3,8,-401,11,12
k012,3,9,-401,12,11
k012,3,10,-400,1,10
k012,3,11,-400,2,8
k012,3,12,-400,3,8
k012,4,1,-400,4,7
k012,4,2,-400,5,6
k012,4,3,-400,6,5
k012,4,4,-400,7,4
k012,4,5,-400,8,3
k012,4,6,-400,9,1
k012,4,7,-400,10,1
k012,4,8,-400,10,31
k012,4,9,-400,11,30
k012,4,10,-400,12,29
k012,4,11,-399,1,28
k012,4,12,-399,2,26
k012,5,1,-399,3,27
k012,5,2,-399,4,26
k012,5,3,-399,5,25
k012,5,4,-399,6,23
k012,5,5,-399,7,23
k012,5,6,-399,8,21
k012,5,7,-399,9,20
k012,5,8,-399,10,20
k012,5,9,-399,11,19
k012,5,10,-399,12,19
k012,5,11,-398,1,17
k012,5,12,-398,2,16
k012,5,12.5,-398,3,17
k012,6,1,-398,4,15
k012,6,2,-398,5,15
k012,6,3,-398,6,13
k012,6,4,-398,7,12
k012,6,5,-398,8,11
k012,6,6,-398,9,9
k012,6,7,-398,10,9
k012,6,8,-398,11,8
k012,6,9,-398,12,8
k012,6,10,-397,1,6
k012,6,11,-397,2,5
k012,6,12,-397,3,7
k012,7,1,-397,4,5
k012,7,2,-397,5,4
k012,7,3,-397,6,3
k012,7,4,-397,7,2
k012,7,5,-397,7,31
k012,7,6,-397,8,30
k012,7,7,-397,9,28
k012,7,8,-397,10,28
k012,7,9,-397,11,27
k012,7,10,-397,12,26
k012,7,11,-396,1,25
k012,7,12,-396,2,24
k012,7,12.5,-396,3,24
k012,8,1,-396,4,23
k012,8,2,-396,5,22
k012,8,3,-396,6,21
k012,8,4,-396,7,20
k012,8,5,-396,8,18
k012,8,6,-396,9,17
k012,8,7,-396,10,17
k012,8,8,-396,11,15
k012,8,9,-396,12,15
k012,8,10,-395,1,13
k012,8,11,-395,2,12
k012,8,12,-395,3,13
k012,9,1,-395,4,12
k012,9,2,-395,5,12
k012,9,3,-395,6,10
k012,9,4,-395,7,10
k012,9,5,-395,8,8
k012,9,6,-395,9,7
k012,9,7,-395,10,6
k012,9,8,-395,11,5
k012,9,9,-395,12,4
k012,9,10,-394,1,3
k012,9,11,-394,2,1
k012,9,12,-394,3,2
k012,10,1,-394,4,1
k012,10,2,-394,5,1
k012,10,3,-394,5,30
k012,10,4,-394,6,29
k012,10,5,-394,7,29
k012,10,6,-394,8,27
k012,10,7,-394,9,26
k012,10,8,-394,10,25
k012,10,9,-394,11,24
k012,10,10,-394,12,23
k012,10,11,-393,1,21
k012,10,12,-393,2,20
k012,10,12.5,-393,3,21
k012,11,1,-393,4,20
k012,11,2,-393,5,19
k012,11,3,-393,6,18
k012,11,4,-393,7,18
k012,11,5,-393,8,17
k012,11,6,-393,9,15
k012,11,7,-393,10,15
k012,11,8,-393,11,14
k012,11,9,-393,12,13
k012,11,10,-392,1,11
k012,11,11,-392,2,9
k012,11,12,-392,3,10
k012,12,1,-392,4,8
k012,12,2,-392,5,7
k012,12,3,-392,6,6
k012,12,4,-392,7,6
k012,12,5,-392,8,5
k012,12,6,-392,9,4
k012,12,7,-392,10,3
k012,12,8,-392,11,2
k012,12,9,-392,12,1
k012,12,10,-392,12,31
k012,12,11,-391,1,29
k012,12,12,-391,2,27
k012,13,1,-391,3,29
k012,13,2,-391,4,27
k012,13,3,-391,5,26
k012,13,4,-391,6,25
k012,13,5,-391,7,25
k012,13,6,-391,8,23
k012,13,7,-391,9,22
k012,13,8,-391,10,22
k012,13,9,-391,11,21
k012,13,10,-391,12,20
k012,13,11,-390,1,19
k012,13,12,-390,2,17
k012,13,12.5,-390,3,18
k012,14,1,-390,4,17
k012,14,2,-390,5,16
k012,14,3,-390,6,14
k012,14,4,-390,7,14
k012,14,5,-390,8,13
k012,14,6,-390,9,11
k012,14,7,-390,10,11
k012,14,8,-390,11,10
k012,14,9,-390,12,9
k012,14,10,-389,1,8
k012,14,11,-389,2,6
k012,14,12,-389,3,8
k012,15,1,-389,4,6
k012,15,2,-389,5,6
k012,15,3,-389,6,4
k012,15,4,-389,7,4
k012,15,5,-389,8,2
k012,15,6,-389,9,1
k012,15,7,-389,9,30
k012,15,8,-389,10,30
k012,15,9,-389,11,28
k012,15,10,-389,12,28
k012,15,11,-388,1,27
k012,15,12,-388,2,25
k012,16,1,-388,3,26
k012,16,2,-388,4,24
k012,16,3,-388,5,24
k012,16,4,-388,6,22
k012,16,5,-388,7,22
k012,16,6,-388,8,20
k012,16,6.5,-388,9,19
k012,16,7,-388,10,18
k012,16,8,-388,11,16
k012,16,9,-388,12,16
k012,16,10,-387,1,15
k012,16,11,-387,2,13
k012,16,12,-387,3,15
k012,17,1,-387,4,14
k012,17,2,-387,5,13
k012,17,3,-387,6,12
k012,17,4,-387,7,11
k012,17,5,-387,8,10
k012,17,6,-387,9,8
k012,17,7,-387,10,7
k012,17,8,-387,11,6
k012,17,9,-387,12,5
k012,17,10,-386,1,4
k012,17,11,-386,2,2
k012,17,12,-386,3,4
k012,18,1,-386,4,3
k012,18,2,-386,5,2
k012,18,3,-386,6,1
k012,18,4,-386,7,1
k012,18,5,-386,7,30
k012,18,6,-386,8,29
k012,18,7,-386,9,27
k012,18,8,-386,10,26
k012,18,9,-386,11,25
k012,18,10,-386,12,24
k012,18,11,-385,1,23
k012,18,12,-385,2,21
k012,18,12.5,-385,3,23
k012,19,1,-385,4,21
k012,19,2,-385,5,21
k012,19,3,-385,6,20
k012,19,4,-385,7,20
k012,19,5,-385,8,18
k012,19,6,-385,9,17
k012,19,7,-385,10,16
k012,19,8,-385,11,14
k012,19,9,-385,12,14
k012,19,10,-384,1,12
k012,19,11,-384,2,11
k012,19,12,-384,3,11
k012,20,1,-384,4,10
k012,20,2,-384,5,9
k012,20,3,-384,6,8
k012,20,4,-384,7,8
k012,20,5,-384,8,6
k012,20,6,-384,9,5
k012,20,7,-384,10,4
k012,20,8,-384,11,3
k012,20,9,-384,12,3
k012,20,10,-383,1,1
k012,20,11,-383,1,30
k012,20,12,-383,3,1
k012,20,12.5,-383,3,30
k012,21,1,-383,4,29
k012,21,2,-383,5,28
k012,21,3,-383,6,27
k012,21,4,-383,7,26
k012,21,5,-383,8,25
k012,21,6,-383,9,24
k012,21,7,-383,10,23
k012,21,8,-383,11,22
k012,21,9,-383,12,21
k012,21,10,-382,1,20
k012,21,11,-382,2,19
k012,21,12,-382,3,20
k012,22,1,-382,4,18
k012,22,2,-382,5,17
k012,22,3,-382,6,16
k012,22,4,-382,7,15
k012,22,5,-382,8,14
k012,22,6,-382,9,13
k012,22,7,-382,10,12
k012,22,8,-382,11,11
k012,22,9,-382,12,11
k012,22,10,-381,1,10
k012,22,11,-381,2,8
k012,22,12,-381,3,10
k012,23,1,-381,4,8
k012,23,2,-381,5,7
k012,23,3,-381,6,5
k012,23,4,-381,7,5
k012,23,5,-381,8,3
k012,23,6,-381,9,2
k012,23,7,-381,10,1
k012,23,8,-381,10,31
k012,23,9,-381,11,30
k012,23,10,-381,12,30
k012,23,11,-380,1,28
k012,23,12,-380,2,27
k012,24,1,-380,3,27
k012,24,2,-380,4,26
k012,24,3,-380,5,25
k012,24,4,-380,6,23
k012,24,5,-380,7,23
k012,24,6,-380,8,21
k012,24,7,-380,9,20
k012,24,8,-380,10,19
k012,24,9,-380,11,18
k012,24,10,-380,12,18
k012,24,11,-379,1,17
k012,24,12,-379,2,15
k012,24,12.5,-379,3,17
k012,25,1,-379,4,15
k012,25,2,-379,5,15
k012,25,3,-379,6,13
k012,25,4,-379,7,12
k012,25,5,-379,8,11
k012,25,6,-379,9,9
k012,25,7,-379,10,9
k012,25,8,-379,11,7
k012,25,9,-379,12,7
k012,25,10,-378,1,6
k012,25,11,-378,2,4
k012,25,12,-378,3,6
k012,26,1,-378,4,5
k012,26,2,-378,5,4
k012,26,3,-378,6,3
k012,26,4,-378,7,2
k012,26,5,-378,7,31
k012,26,6,-378,8,30
k012,26,7,-378,9,29
k012,26,8,-378,10,28
k012,26,9,-378,11,27
k012,26,10,-378,12,26
k012,26,11,-377,1,24
k012,26,12,-377,2,23
k012,26,12.5,-377,3,25
k012,27,1,-377,4,23
k012,27,2,-377,5,23
k012,27,3,-377,6,21
k012,27,4,-377,7,21
k012,27,5,-377,8,19
k012,27,6,-377,9,18
k012,27,7,-377,10,18
k012,27,8,-377,11,16
k012,27,9,-377,12,16
k012,27,10,-376,1,14
k012,27,11,-376,2,12
k012,27,12,-376,3,13
k012,28,1,-376,4,11
k012,28,2,-376,5,11
k012,28,3,-376,6,9
k012,28,4,-376,7,9
k012,28,5,-376,8,8
k012,28,6,-376,9,7
k012,28,7,-376,10,6
k012,28,8,-376,11,5
k012,28,9,-376,12,4
k012,28,10,-375,1,2
k012,28,11,-375,2,1
k012,28,12,-375,3,2
k012,29,1,-375,4,1
k012,29,2,-375,4,30
k012,29,3,-375,5,29
k012,29,4,-375,6,28
k012,29,5,-375,7,28
k012,29,6,-375,8,27
k012,29,7,-375,9,26
k012,29,8,-375,10,25
k012,29,9,-375,11,24
k012,29,10,-375,12,23
k012,29,11,-374,1,21
k012,29,12,-374,2,20
k012,29,12.5,-374,3,21
k012,30,1,-374,4,19
k012,30,2,-374,5,19
k012,30,3,-374,6,17
k012,30,4,-374,7,17
k012,30,5,-374,8,16
k012,30,6,-374,9,15
k012,30,7,-374,10,15
k012,30,8,-374,11,13
k012,30,9,-374,12,13
k012,30,10,-373,1,11
k012,30,11,-373,2,9
k012,30,12,-373,3,11
k012,31,1,-373,4,9
k012,31,2,-373,5,8
k012,31,3,-373,6,7
k012,31,4,-373,7,6
k012,31,5,-373,8,5
k012,31,6,-373,9,4
k012,31,7,-373,10,4
k012,31,8,-373,11,2
k012,31,9,-373,12,2
k012,31,10,-373,12,31
k012,31,11,-372,1,30
k012,31,12,-372,2,28
k012,32,1,-372,3,29
k012,32,2,-372,4,27
k012,32,3,-372,5,26
k012,32,4,-372,6,25
k012,32,5,-372,7,24
k012,32,6,-372,8,23
k012,32,7,-372,9,22
k012,32,8,-372,10,21
k012,32,9,-372,11,20
k012,32,10,-372,12,20
k012,32,11,-371,1,18
k012,32,12,-371,2,17
k012,32,12.5,-371,3,18
k012,33,1,-371,4,17
k012,33,2,-371,5,16
k012,33,3,-371,6,14
k012,33,4,-371,7,14
k012,33,5,-371,8,12
k012,33,6,-371,9,11
k012,33,7,-371,10,11
k012,33,8,-371,11,9
k012,33,9,-371,12,9
k012,33,10,-370,1,7
k012,33,11,-370,2,6
k012,33,12,-370,3,8
k012,34,1,-370,4,6
k012,34,2,-370,5,6
k012,34,3,-370,6,4
k012,34,4,-370,7,4
k012,34,5,-370,8,2
k012,34,6,-370,9,1
k012,34,7,-370,9,30
k012,34,8,-370,10,29
k012,34,9,-370,11,28
k012,34,10,-370,12,27
k012,34,11,-369,1,26
k012,34,12,-369,2,25
k012,35,1,-369,3,26
k012,35,2,-369,4,25
k012,35,3,-369,5,25
k012,35,4,-369,6,23
k012,35,5,-369,7,23
k012,35,6,-369,8,21
k012,35,6.5,-369,9,20
k012,35,7,-369,10,19
k012,35,8,-369,11,17
k012,35,9,-369,12,17
k012,35,10,-368,1,15
k012,35,11,-368,2,14
k012,35,12,-368,3,14
k012,36,1,-368,4,13
k012,36,2,-368,5,13
k012,36,3,-368,6,11
k012,36,4,-368,7,11
k012,36,5,-368,8,9
k012,36,6,-368,9,8
k012,36,7,-368,10,7
k012,36,8,-368,11,6
k012,36,9,-368,12,5
k012,36,10,-367,1,4
k012,36,11,-367,2,2
k012,36,12,-367,3,4
k012,37,1,-367,4,2
k012,37,2,-367,5,2
k012,37,3,-367,5,31
k012,37,4,-367,6,30
k012,37,5,-367,7,30
k012,37,6,-367,8,29
k012,37,7,-367,9,27
k012,37,8,-367,10,26
k012,37,9,-367,11,25
k012,37,10,-367,12,24
k012,37,11,-366,1,23
k012,37,12,-366,2,21
k012,37,12.5,-366,3,22
k012,38,1,-366,4,21
k012,38,2,-366,5,21
k012,38,3,-366,6,19
k012,38,4,-366,7,19
k012,38,5,-366,8,18
k012,38,6,-366,9,16
k012,38,7,-366,10,16
k012,38,8,-366,11,14
k012,38,9,-366,12,14
k012,38,10,-365,1,12
k012,38,11,-365,2,11
k012,38,12,-365,3,12
k012,39,1,-365,4,10
k012,39,2,-365,5,10
k012,39,3,-365,6,8
k012,39,4,-365,7,8
k012,39,5,-365,8,7
k012,39,6,-365,9,5
k012,39,7,-365,10,5
k012,39,8,-365,11,4
k012,39,9,-365,12,3
k012,39,10,-364,1,2
k012,39,11,-364,1,31
k012,39,12,-364,3,1
k012,40,1,-364,3,30
k012,40,2,-364,4,28
k012,40,3,-364,5,28
k012,40,4,-364,6,26
k012,40,5,-364,7,26
k012,40,6,-364,8,24
k012,40,7,-364,9,23
k012,40,8,-364,10,23
k012,40,9,-364,11,21
k012,40,10,-364,12,21
k012,40,11,-363,1,20
k012,40,12,-363,2,18
k012,40,12.5,-363,3,20
k012,41,1,-363,4,18
k012,41,2,-363,5,17
k012,41,3,-363,6,16
k012,41,4,-363,7,15
k012,41,5,-363,8,13
k012,41,6,-363,9,12
k012,41,7,-363,10,12
k012,41,8,-363,11,10
k012,41,9,-363,12,10
k012,41,10,-362,1,9
k012,41,11,-362,2,8
k012,41,12,-362,3,9
k012,42,1,-362,4,8
k012,42,2,-362,5,7
k012,42,3,-362,6,5
k012,42,4,-362,7,5
k012,42,5,-362,8,3
k012,42,6,-362,9,1
k012,42,7,-362,10,1
k012,42,8,-362,10,31
k012,42,9,-362,11,29
k012,42,10,-362,12,29
k012,42,11,-361,1,28
k012,42,12,-361,2,27
k012,43,1,-361,3,28
k012,43,2,-361,4,27
k012,43,3,-361,5,26
k012,43,4,-361,6,24
k012,43,5,-361,7,24
k012,43,6,-361,8,22
k012,43,7,-361,9,21
k012,43,8,-361,10,20
k012,43,9,-361,11,19
k012,43,10,-361,12,18
k012,43,11,-360,1,17
k012,43,12,-360,2,16
k012,43,12.5,-360,3,16
k012,44,1,-360,4,15
k012,44,2,-360,5,14
k012,44,3,-360,6,13
k012,44,4,-360,7,12
k012,44,5,-360,8,11
k012,44,6,-360,9,9
k012,44,7,-360,10,9
k012,44,8,-360,11,7
k012,44,9,-360,12,7
k012,44,10,-359,1,5
k012,44,11,-359,2,4
k012,44,12,-359,3,5
k012,45,1,-359,4,4
k012,45,2,-359,5,3
k012,45,3,-359,6,2
k012,45,4,-359,7,2
k012,45,5,-359,7,31
k012,45,6,-359,8,30
k012,45,7,-359,9,28
k012,45,8,-359,10,28
k012,45,9,-359,11,26
k012,45,10,-359,12,26
k012,45,11,-358,1,24
k012,45,12,-358,2,23
k012,45,12.5,-358,3,24
k012,46,1,-358,4,23
k012,46,2,-358,5,22
k012,46,3,-358,6,21
k012,46,4,-358,7,20
k012,46,5,-358,8,19
k012,46,6,-358,9,18
k012,46,7,-358,10,18
k012,46,8,-358,11,16
k012,46,9,-358,12,16
k012,46,10,-357,1,14
k012,46,11,-357,2,12
k012,46,12,-357,3,13
k013,1,1,-357,4,12
k013,1,2,-357,5,11
k013,1,3,-357,6,10
k013,1,4,-357,7,9
k013,1,5,-357,8,8
k013,1,6,-357,9,7
k013,1,7,-357,10,7
k013,1,8,-357,11,6
k013,1,9,-357,12,5
k013,1,10,-356,1,3
k013,1,11,-356,2,2
k013,1,12,-356,3,2
k013,2,1,-356,3,31
k013,2,2,-356,4,30
k013,2,3,-356,5,29
k013,2,4,-356,6,28
k013,2,5,-356,7,27
k013,2,6,-356,8,26
k013,2,7,-356,9,25
k013,2,8,-356,10,25
k013,2,9,-356,11,24
k013,2,10,-356,12,23
k013,2,11,-355,1,21
k013,2,12,-355,2,20
k013,2,12.5,-355,3,21
k013,3,1,-355,4,19
k013,3,2,-355,5,19
k013,3,3,-355,6,17
k013,3,4,-355,7,17
k013,3,5,-355,8,15
k013,3,6,-355,9,14
k013,3,7,-355,10,14
k013,3,8,-355,11,13
k013,3,9,-355,12,12
k013,3,10,-354,1,11
k013,3,11,-354,2,9
k013,3,12,-354,3,11
k013,4,1,-354,4,9
k013,4,2,-354,5,8
k013,4,3,-354,6,7
k013,4,4,-354,7,6
k013,4,5,-354,8,5
k013,4,6,-354,9,3
k013,4,7,-354,10,3
k013,4,8,-354,11,2
k013,4,9,-354,12,1
k013,4,10,-354,12,31
k013,4,11,-353,1,29
k013,4,12,-353,2,28
k013,5,1,-353,3,30
k013,5,2,-353,4,28
k013,5,3,-353,5,27
k013,5,4,-353,6,26
k013,5,5,-353,7,25
k013,5,6,-353,8,24
k013,5,7,-353,9,22
k013,5,8,-353,10,22
k013,5,9,-353,11,20
k013,5,10,-353,12,20
k013,5,11,-352,1,18
k013,5,12,-352,2,17
k013,5,12.5,-352,3,18
k013,6,1,-352,4,16
k013,6,2,-352,5,16
k013,6,3,-352,6,15
k013,6,4,-352,7,14
k013,6,5,-352,8,12
k013,6,6,-352,9,11
k013,6,7,-352,10,10
k013,6,8,-352,11,9
k013,6,9,-352,12,8
k013,6,10,-351,1,7
k013,6,11,-351,2,5
k013,6,12,-351,3,7
k013,7,1,-351,4,6
k013,7,2,-351,5,5
k013,7,3,-351,6,4
k013,7,4,-351,7,4
k013,7,5,-351,8,2
k013,7,6,-351,9,1
k013,7,7,-351,9,30
k013,7,8,-351,10,29
k013,7,9,-351,11,27
k013,7,10,-351,12,27
k013,7,11,-350,1,25
k013,7,12,-350,2,24
k013,8,1,-350,3,26
k013,8,2,-350,4,24
k013,8,3,-350,5,24
k013,8,4,-350,6,23
k013,8,5,-350,7,23
k013,8,6,-350,8,21
k013,8,6.5,-350,9,20
k013,8,7,-350,10,19
k013,8,8,-350,11,17
k013,8,9,-350,12,16
k013,8,10,-349,1,15
k013,8,11,-349,2,13
k013,8,12,-349,3,15
k013,9,1,-349,4,13
k013,9,2,-349,5,13
k013,9,3,-349,6,12
k013,9,4,-349,7,12
k013,9,5,-349,8,10
k013,9,6,-349,9,9
k013,9,7,-349,10,8
k013,9,8,-349,11,7
k013,9,9,-349,12,6
k013,9,10,-348,1,5
k013,9,11,-348,2,3
k013,9,12,-348,3,3
k013,10,1,-348,4,2
k013,10,2,-348,5,1
k013,10,3,-348,5,31
k013,10,4,-348,6,30
k013,10,5,-348,7,29
k013,10,6,-348,8,28
k013,10,7,-348,9,27
k013,10,8,-348,10,26
k013,10,9,-348,11,25
k013,10,10,-348,12,24
k013,10,11,-347,1,23
k013,10,12,-347,2,21
k013,10,12.5,-347,3,22
k013,11,1,-347,4,21
k013,11,2,-347,5,20
k013,11,3,-347,6,19
k013,11,4,-347,7,18
k013,11,5,-347,8,17
k013,11,6,-347,9,16
k013,11,7,-347,10,15
k013,11,8,-347,11,14
k013,11,9,-347,12,14
k013,11,10,-346,1,12
k013,11,11,-346,2,11
k013,11,12,-346,3,12
k013,12,1,-346,4,10
k013,12,2,-346,5,10
k013,12,3,-346,6,8
k013,12,4,-346,7,8
k013,12,5,-346,8,6
k013,12,6,-346,9,5
k013,12,7,-346,10,4
k013,12,8,-346,11,3
k013,12,9,-346,12,3
k013,12,10,-345,1,2
k013,12,11,-345,1,31
k013,12,12,-345,3,2
k013,13,1,-345,3,31
k013,13,2,-345,4,29
k013,13,3,-345,5,29
k013,13,4,-345,6,27
k013,13,5,-345,7,26
k013,13,6,-345,8,25
k013,13,7,-345,9,23
k013,13,8,-345,10,23
k013,13,9,-345,11,22
k013,13,10,-345,12,22
k013,13,11,-344,1,20
k013,13,12,-344,2,19
k013,13,12.5,-344,3,20
k013,14,1,-344,4,18
k013,14,2,-344,5,17
k013,14,3,-344,6,16
k013,14,4,-344,7,15
k013,14,5,-344,8,13
k013,14,6,-344,9,12
k013,14,7,-344,10,11
k013,14,8,-344,11,10
k013,14,9,-344,12,10
k013,14,10,-343,1,8
k013,14,11,-343,2,7
k013,14,12,-343,3,9
k013,15,1,-343,4,7
k013,15,2,-343,5,7
k013,15,3,-343,6,5
k013,15,4,-343,7,5
k013,15,5,-343,8,3
k013,15,6,-343,9,1
k013,15,7,-343,10,1
k013,15,8,-343,10,30
k013,15,9,-343,11,29
k013,15,10,-343,12,29
k013,15,11,-342,1,27
k013,15,12,-342,2,26
k013,16,1,-342,3,27
k013,16,2,-342,4,26
k013,16,3,-342,5,26
k013,16,4,-342,6,24
k013,16,5,-342,7,24
k013,16,6,-342,8,22
k013,16,7,-342,9,21
k013,16,8,-342,10,20
k013,16,9,-342,11,19
k013,16,10,-342,12,18
k013,16,11,-341,1,17
k013,16,12,-341,2,15
k013,16,12.5,-341,3,17
k013,17,1,-341,4,15
k013,17,2,-341,5,15
k013,17,3,-341,6,13
k013,17,4,-341,7,13
k013,17,5,-341,8,12
k013,17,6,-341,9,10
k013,17,7,-341,10,10
k013,17,8,-341,11,8
k013,17,9,-341,12,8
k013,17,10,-340,1,6
k013,17,11,-340,2,4
k013,17,12,-340,3,5
k013,18,1,-340,4,3
k013,18,2,-340,5,3
k013,18,3,-340,6,1
k013,18,4,-340,7,1
k013,18,5,-340,7,31
k013,18,6,-340,8,30
k013,18,7,-340,9,28
k013,18,8,-340,10,28
k013,18,9,-340,11,27
k013,18,10,-340,12,26
k013,18,11,-339,1,24
k013,18,12,-339,2,22
k013,18,12.5,-339,3,24
k013,19,1,-339,4,22
k013,19,2,-339,5,22
k013,19,3,-339,6,20
k013,19,4,-339,7,20
k013,19,5,-339,8,19
k013,19,6,-339,9,18
k013,19,7,-339,10,17
k013,19,8,-339,11,16
k013,19,9,-339,12,15
k013,19,10,-338,1,14
k013,19,11,-338,2,12
k013,19,12,-338,3,13
k013,20,1,-338,4,12
k013,20,2,-338,5,11
k013,20,3,-338,6,9
k013,20,4,-338,7,9
k013,20,5,-338,8,8
k013,20,6,-338,9,7
k013,20,7,-338,10,7
k013,20,8,-338,11,5
k013,20,9,-338,12,5
k013,20,10,-337,1,3
k013,20,11,-337,2,2
k013,20,12,-337,3,3
k013,21,1,-337,4,1
k013,21,2,-337,5,1
k013,21,3,-337,5,30
k013,21,4,-337,6,28
k013,21,5,-337,7,28
k013,21,6,-337,8,27
k013,21,7,-337,9,26
k013,21,8,-337,10,25
k013,21,9,-337,11,24
k013,21,10,-337,12,24
k013,21,11,-336,1,22
k013,21,12,-336,2,21
k013,21,12.5,-336,3,21
k014,1,1,-336,4,19
k014,1,2,-336,5,19
k014,1,3,-336,6,17
k014,1,4,-336,7,16
k014,1,5,-336,8,15
k014,1,6,-336,9,14
k014,1,7,-336,10,13
k014,1,8,-336,11,12
k014,1,9,-336,12,12
k014,1,10,-335,1,10
k014,1,11,-335,2,9
k014,1,12,-335,3,10
k014,2,1,-335,4,9
k014,2,2,-335,5,8
k014,2,3,-335,6,7
k014,2,4,-335,7,6
k014,2,5,-335,8,5
k014,2,6,-335,9,3
k014,2,7,-335,10,3
k014,2,8,-335,11,1
k014,2,9,-335,12,1
k014,2,10,-335,12,30
k014,2,11,-334,1,29
k014,2,12,-334,2,28
k015,1,1,-334,3,29
k015,1,2,-334,4,28
k015,1,3,-334,5,27
k015,1,4,-334,6,26
k015,1,5,-334,7,25
k015,1,6,-334,8,24
k015,1,7,-334,9,22
k015,1,8,-334,10,22
k015,1,9,-334,11,20
k015,1,10,-334,12,19
k015,1,11,-333,1,18
k015,1,12,-333,2,17
k015,1,12.5,-333,3,18
k015,2,1,-333,4,17
k015,2,2,-333,5,17
k015,2,3,-333,6,15
k015,2,4,-333,7,15
k015,2,5,-333,8,13
k015,2,6,-333,9,12
k015,2,7,-333,10,11
k015,2,8,-333,11,9
k015,2,9,-333,12,9
k015,2,10,-332,1,7
k015,2,11,-332,2,6
k015,2,12,-332,3,6
k015,3,1,-332,4,5
k015,3,2,-332,5,5
k015,3,3,-332,6,3
k015,3,4,-332,7,3
k015,3,5,-332,8,2
k015,3,6,-332,8,31
k015,3,7,-332,9,30
k015,3,8,-332,10,29
k015,3,9,-332,11,27
k015,3,10,-332,12,27
k015,3,11,-331,1,25
k015,3,12,-331,2,24
k015,4,1,-331,3,25
k015,4,2,-331,4,24
k015,4,3,-331,5,23
k015,4,4,-331,6,22
k015,4,5,-331,7,22
k015,4,6,-331,8,21
k015,4,6.5,-331,9,19
k015,4,7,-331,10,19
k015,4,8,-331,11,17
k015,4,9,-331,12,16
k015,4,10,-330,1,15
k015,4,11,-330,2,13
k015,4,12,-330,3,15
k015,5,1,-330,4,13
k015,5,2,-330,5,13
k015,5,3,-330,6,11
k015,5,4,-330,7,11
k015,5,5,-330,8,10
k015,5,6,-330,9,8
k015,5,7,-330,10,8
k015,5,8,-330,11,6
k015,5,9,-330,12,6
k015,5,10,-329,1,5
k015,5,11,-329,2,3
k015,5,12,-329,3,4
k016,7,1,-329,4,3
k016,7,2,-329,5,2
k016,7,3,-329,6,1
k016,7,4,-329,6,30
k016,7,5,-329,7,30
k016,7,6,-329,8,28
k016,7,7,-329,9,27
k016,7,8,-329,10,27
k016,7,9,-329,11,25
k016,7,10,-329,12,25
k016,7,11,-328,1,24
k016,7,12,-328,2,22
k016,7,12.5,-328,3,22
k016,8,1,-328,4,21
k016,8,2,-328,5,20
k016,8,3,-328,6,18
k016,8,4,-328,7,18
k016,8,5,-328,8,16
k016,8,6,-328,9,15
k016,8,7,-328,10,15
k016,8,8,-328,11,13
k016,8,9,-328,12,13
k016,8,10,-327,1,12
k016,8,11,-327,2,11
k016,8,12,-327,3,12
k016,9,1,-327,4,10
k016,9,2,-327,5,10
k016,9,3,-327,6,8
k016,9,4,-327,7,7
k016,9,5,-327,8,6
k016,9,6,-327,9,4
k016,9,7,-327,10,4
k016,9,8,-327,11,2
k016,9,9,-327,12,2
k016,9,10,-326,1,1
k016,9,11,-326,1,31
k016,9,12,-326,3,1
k016,10,1,-326,3,31
k016,10,2,-326,4,29
k016,10,3,-326,5,29
k016,10,4,-326,6,27
k016,10,5,-326,7,26
k016,10,6,-326,8,25
k016,10,7,-326,9,23
k016,10,8,-326,10,23
k016,10,9,-326,11,21
k016,10,10,-326,12,21
k016,10,11,-325,1,20
k016,10,12,-325,2,18
k016,10,12.5,-325,3,20
k016,11,1,-325,4,19
k016,11,2,-325,5,18
k016,11,3,-325,6,17
k016,11,4,-325,7,16
k016,11,5,-325,8,14
k016,11,6,-325,9,13
k016,11,7,-325,10,12
k016,11,8,-325,11,11
k016,11,9,-325,12,10
k016,11,10,-324,1,9
k016,11,11,-324,2,8
k016,11,12,-324,3,8
k016,12,1,-324,4,7
k016,12,2,-324,5,6
k016,12,3,-324,6,5
k016,12,4,-324,7,4
k016,12,5,-324,8,3
k016,12,6,-324,9,1
k016,12,7,-324,10,1
k016,12,8,-324,10,31
k016,12,9,-324,11,29
k016,12,10,-324,12,28
k016,12,11,-323,1,27
k016,12,12,-323,2,25
k016,13,1,-323,3,27
k016,13,2,-323,4,25
k016,13,3,-323,5,25
k016,13,4,-323,6,24
k016,13,5,-323,7,23
k016,13,6,-323,8,22
k016,13,7,-323,9,21
k016,13,8,-323,10,20
k016,13,9,-323,11,19
k016,13,10,-323,12,18
k016,13,11,-322,1,16
k016,13,12,-322,2,15
k016,13,12.5,-322,3,16
k016,14,1,-322,4,15
k016,14,2,-322,5,14
k016,14,3,-322,6,13
k016,14,4,-322,7,12
k016,14,5,-322,8,11
k016,14,6,-322,9,10
k016,14,7,-322,10,10
k016,14,8,-322,11,8
k016,14,9,-322,12,8
k016,14,10,-321,1,6
k016,14,11,-321,2,4
k016,14,12,-321,3,6
k017,2,1,-321,4,4
k017,2,2,-321,5,4
k017,2,3,-321,6,2
k017,2,4,-321,7,1
k017,2,5,-321,7,31
k017,2,6,-321,8,30
k017,2,7,-321,9,29
k017,2,8,-321,10,29
k017,2,9,-321,11,27
k017,2,10,-321,12,27
k017,2,11,-320,1,25
k017,2,12,-320,2,23
k017,2,12.5,-320,3,24
k017,3,1,-320,4,22
k017,3,2,-320,5,21
k017,3,3,-320,6,20
k017,3,4,-320,7,19
k017,3,5,-320,8,18
k017,3,6,-320,9,17
k017,3,7,-320,10,17
k017,3,8,-320,11,16
k017,3,9,-320,12,15
k017,3,10,-319,1,13
k017,3,11,-319,2,12
k017,3,12,-319,3,13
k017,4,1,-319,4,12
k017,4,2,-319,5,11
k017,4,3,-319,6,9
k017,4,4,-319,7,9
k017,4,5,-319,8,7
k017,4,6,-319,9,6
k017,4,7,-319,10,6
k017,4,8,-319,11,5
k017,4,9,-319,12,4
k017,4,10,-318,1,3
k017,4,11,-318,2,1
k017,4,12,-318,3,3
k017,5,1,-318,4,1
k017,5,2,-318,5,1
k017,5,3,-318,5,30
k017,5,4,-318,6,28
k017,5,5,-318,7,28
k017,5,6,-318,8,26
k017,5,7,-318,9,25
k017,5,8,-318,10,25
k017,5,9,-318,11,23
k017,5,10,-318,12,23
k017,5,11,-317,1,21
k017,5,12,-317,2,20
k017,5,12.5,-317,3,21
k017,6,1,-317,4,20
k017,6,2,-317,5,20
k017,6,3,-317,6,18
k017,6,4,-317,7,18
k017,6,5,-317,8,16
k017,6,6,-317,9,15
k017,6,7,-317,10,14
k017,6,8,-317,11,13
k017,6,9,-317,12,12
k017,6,10,-316,1,10
k017,6,11,-316,2,9
k017,6,12,-316,3,10
k017,7,1,-316,4,8
k017,7,2,-316,5,8
k017,7,3,-316,6,7
k017,7,4,-316,7,6
k017,7,5,-316,8,5
k017,7,6,-316,9,3
k017,7,7,-316,10,3
k017,7,8,-316,11,1
k017,7,9,-316,11,30
k017,7,10,-316,12,30
k017,7,11,-315,1,28
k017,7,12,-315,2,27
k017,8,1,-315,3,28
k017,8,2,-315,4,27
k017,8,3,-315,5,27
k017,8,4,-315,6,25
k017,8,5,-315,7,25
k017,8,6,-315,8,24
k017,8,7,-315,9,22
k017,8,8,-315,10,22
k017,8,9,-315,11,20
k017,8,10,-315,12,19
k017,8,11,-314,1,18
k017,8,12,-314,2,16
k017,8,12.5,-314,3,18
k018,2,1,-314,4,16
k018,2,2,-314,5,16
k018,2,3,-314,6,15
k018,2,4,-314,7,14
k018,2,5,-314,8,13
k018,2,6,-314,9,12
k018,2,7,-314,10,11
k018,2,8,-314,11,10
k018,2,9,-314,12,9
k018,2,10,-313,1,7
k018,2,11,-313,2,6
k018,2,12,-313,3,7
k018,3,1,-313,4,5
k018,3,2,-313,5,5
k018,3,3,-313,6,4
k018,3,4,-313,7,3
k018,3,5,-313,8,2
k018,3,6,-313,9,1
k018,3,7,-313,10,1
k018,3,8,-313,10,30
k018,3,9,-313,11,28
k018,3,10,-313,12,28
k018,3,11,-312,1,26
k018,3,12,-312,2,25
k018,4,1,-312,3,25
k018,4,2,-312,4,23
k018,4,3,-312,5,23
k018,4,4,-312,6,22
k018,4,5,-312,7,21
k018,4,6,-312,8,20
k018,4,6.5,-312,9,19
k018,4,7,-312,10,18
k018,4,8,-312,11,17
k018,4,9,-312,12,16
k018,4,10,-311,1,15
k018,4,11,-311,2,13
k018,4,12,-311,3,15
k018,5,1,-311,4,13
k018,5,2,-311,5,12
k018,5,3,-311,6,11
k018,5,4,-311,7,10
k018,5,5,-311,8,9
k018,5,6,-311,9,8
k018,5,7,-311,10,7
k018,5,8,-311,11,6
k018,5,9,-311,12,6
k018,5,10,-310,1,4
k018,5,11,-310,2,3
k018,5,12,-310,3,4
k019,1,1,-310,4,3
k019,1,2,-310,5,2
k019,1,3,-310,5,31
k019,1,4,-310,6,30
k019,1,5,-310,7,29
k019,1,6,-310,8,28
k019,1,7,-310,9,26
k019,1,8,-310,10,26
k019,1,9,-310,11,25
k019,1,10,-310,12,24
k019,1,11,-309,1,23
k019,1,12,-309,2,22
k019,1,12.5,-309,3,23
k019,2,1,-309,4,22
k019,2,2,-309,5,21
k019,2,3,-309,6,19
k019,2,4,-309,7,19
k019,2,5,-309,8,17
k019,2,6,-309,9,16
k019,2,7,-309,10,15
k019,2,8,-309,11,14
k019,2,9,-309,12,13
k019,2,10,-308,1,12
k019,2,11,-308,2,11
k019,2,12,-308,3,12
k019,3,1,-308,4,10
k019,3,2,-308,5,10
k019,3,3,-308,6,8
k019,3,4,-308,7,7
k019,3,5,-308,8,6
k019,3,6,-308,9,4
k019,3,7,-308,10,4
k019,3,8,-308,11,2
k019,3,9,-308,12,2
k019,3,10,-308,12,31
k019,3,11,-307,1,30
k019,3,12,-307,3,1
k019,4,1,-307,3,30
k019,4,2,-307,4,29
k019,4,3,-307,5,29
k019,4,4,-307,6,27
k019,4,5,-307,7,26
k019,4,6,-307,8,25
k019,4,7,-307,9,23
k019,4,8,-307,10,23
k019,4,9,-307,11,21
k019,4,10,-307,12,21
k019,4,11,-306,1,19
k019,4,12,-306,2,18
k019,4,12.5,-306,3,19
k019,5,1,-306,4,18
k019,5,2,-306,5,18
k019,5,3,-306,6,16
k019,5,4,-306,7,16
k019,5,5,-306,8,14
k019,5,6,-306,9,13
k019,5,7,-306,10,12
k019,5,8,-306,11,11
k019,5,9,-306,12,10
k019,5,10,-305,1,9
k019,5,11,-305,2,7
k019,5,12,-305,3,9
k019,6,1,-305,4,7
k019,6,2,-305,5,7
k019,6,3,-305,6,5
k019,6,4,-305,7,5
k019,6,5,-305,8,4
k019,6,6,-305,9,2
k019,6,7,-305,10,2
k019,6,8,-305,11,1
k019,6,9,-305,11,30
k019,6,10,-305,12,29
k019,6,11,-304,1,28
k019,6,12,-304,2,26
k019,7,1,-304,3,26
k019,7,2,-304,4,25
k019,7,3,-304,5,24
k019,7,4,-304,6,23
k019,7,5,-304,7,23
k019,7,6,-304,8,21
k019,7,7,-304,9,20
k019,7,8,-304,10,20
k019,7,9,-304,11,19
k019,7,10,-304,12,18
k019,7,11,-303,1,16
k019,7,12,-303,2,15
k019,7,12.5,-303,3,16
k019,8,1,-303,4,14
k019,8,2,-303,5,14
k019,8,3,-303,6,12
k019,8,4,-303,7,12
k019,8,5,-303,8,10
k019,8,6,-303,9,9
k019,8,7,-303,10,9
k019,8,8,-303,11,8
k019,8,9,-303,12,8
k019,8,10,-302,1,6
k019,8,11,-302,2,4
k019,8,12,-302,3,6
k019,9,1,-302,4,4
k019,9,2,-302,5,3
k019,9,3,-302,6,2
k019,9,4,-302,7,1
k019,9,5,-302,7,30
k019,9,6,-302,8,29
k019,9,7,-302,9,28
k019,9,8,-302,10,28
k019,9,9,-302,11,27
k019,9,10,-302,12,26
k019,9,11,-301,1,25
k019,9,12,-301,2,23
k019,9,12.5,-301,3,25
k019,10,1,-301,4,23
k019,10,2,-301,5,22
k019,10,3,-301,6,21
k019,10,4,-301,7,20
k019,10,5,-301,8,19
k019,10,6,-301,9,17
k019,10,7,-301,10,17
k019,10,8,-301,11,16
k019,10,9,-301,12,16
k019,10,10,-300,1,14
k019,10,11,-300,2,13
k019,10,12,-300,3,13
k019,11,1,-300,4,12
k019,11,2,-300,5,11
k019,11,3,-300,6,9
k019,11,4,-300,7,9
k019,11,5,-300,8,7
k019,11,6,-300,9,6
k019,11,7,-300,10,5
k019,11,8,-300,11,4
k019,11,9,-300,12,4
k019,11,10,-299,1,2
k019,11,11,-299,2,1
k019,11,12,-299,3,2
k019,12,1,-299,4,1
k019,12,2,-299,5,1
k019,12,3,-299,5,30
k019,12,4,-299,6,28
k019,12,5,-299,7,28
k019,12,6,-299,8,26
k019,12,7,-299,9,25
k019,12,8,-299,10,24
k019,12,9,-299,11,23
k019,12,10,-299,12,22
k019,12,11,-298,1,21
k019,12,12,-298,2,19
k019,12,12.5,-298,3,21
k019,13,1,-298,4,20
k019,13,2,-298,5,19
k019,13,3,-298,6,18
k019,13,4,-298,7,18
k019,13,5,-298,8,16
k019,13,6,-298,9,15
k019,13,7,-298,10,14
k019,13,8,-298,11,12
k019,13,9,-298,12,12
k019,13,10,-297,1,10
k019,13,11,-297,2,9
k019,13,12,-297,3,10
k019,14,1,-297,4,9
k019,14,2,-297,5,8
k019,14,3,-297,6,7
k019,14,4,-297,7,7
k019,14,5,-297,8,6
k019,14,6,-297,9,4
k019,14,7,-297,10,4
k019,14,8,-297,11,2
k019,14,9,-297,12,1
k019,14,10,-297,12,30
k019,14,11,-296,1,29
k019,14,12,-296,2,27
k019,15,1,-296,3,28
k019,15,2,-296,4,26
k019,15,3,-296,5,26
k019,15,4,-296,6,25
k019,15,5,-296,7,25
k019,15,6,-296,8,24
k019,15,7,-296,9,22
k019,15,8,-296,10,22
k019,15,9,-296,11,20
k019,15,10,-296,12,19
k019,15,11,-295,1,18
k019,15,12,-295,2,16
k019,15,12.5,-295,3,17
k019,16,1,-295,4,16
k019,16,2,-295,5,15
k019,16,3,-295,6,14
k019,16,4,-295,7,14
k019,16,5,-295,8,13
k019,16,6,-295,9,11
k019,16,7,-295,10,11
k019,16,8,-295,11,9
k019,16,9,-295,12,9
k019,16,10,-294,1,7
k019,16,11,-294,2,6
k019,16,12,-294,3,7
k019,17,1,-294,4,5
k019,17,2,-294,5,5
k019,17,3,-294,6,3
k019,17,4,-294,7,3
k019,17,5,-294,8,1
k019,17,6,-294,8,31
k019,17,7,-294,9,30
k019,17,8,-294,10,30
k019,17,9,-294,11,28
k019,17,10,-294,12,28
k019,17,11,-293,1,26
k019,17,12,-293,2,25
k019,18,1,-293,3,26
k019,18,2,-293,4,24
k019,18,3,-293,5,24
k019,18,4,-293,6,22
k019,18,5,-293,7,22
k019,18,6,-293,8,20
k019,18,6.5,-293,9,19
k019,18,7,-293,10,19
k019,18,8,-293,11,18
k019,18,9,-293,12,17
k019,18,10,-292,1,16
k019,18,11,-292,2,14
k019,18,12,-292,3,15
k019,19,1,-292,4,13
k019,19,2,-292,5,12
k019,19,3,-292,6,11
k019,19,4,-292,7,10
k019,19,5,-292,8,9
k019,19,6,-292,9,7
k019,19,7,-292,10,7
k019,19,8,-292,11,5
k019,19,9,-292,12,5
k019,19,10,-291,1,4
k019,19,11,-291,2,2
k019,19,12,-291,3,4
k019,20,1,-291,4,3
k019,20,2,-291,5,2
k019,20,3,-291,5,31
k019,20,4,-291,6,30
k019,20,5,-291,7,29
k019,20,6,-291,8,28
k019,20,7,-291,9,26
k019,20,8,-291,10,25
k019,20,9,-291,11,24
k019,20,10,-291,12,24
k019,20,11,-290,1,23
k019,20,12,-290,2,21
k019,20,12.5,-290,3,23
k019,21,1,-290,4,22
k019,21,2,-290,5,21
k019,21,3,-290,6,19
k019,21,4,-290,7,19
k019,21,5,-290,8,17
k019,21,6,-290,9,15
k019,21,7,-290,10,15
k019,21,8,-290,11,13
k019,21,9,-290,12,13
k019,21,10,-289,1,12
k019,21,11,-289,2,10
k019,21,12,-289,3,12
k019,22,1,-289,4,11
k019,22,2,-289,5,10
k019,22,3,-289,6,9
k019,22,4,-289,7,8
k019,22,5,-289,8,7
k019,22,6,-289,9,5
k019,22,7,-289,10,5
k019,22,8,-289,11,3
k019,22,9,-289,12,3
k019,22,10,-288,1,1
k019,22,11,-288,1,31
k019,22,12,-288,2,29
k019,23,1,-288,3,30
k019,23,2,-288,4,28
k019,23,3,-288,5,28
k019,23,4,-288,6,27
k019,23,5,-288,7,26
k019,23,6,-288,8,25
k019,23,7,-288,9,23
k019,23,8,-288,10,23
k019,23,9,-288,11,21
k019,23,10,-288,12,21
k019,23,11,-287,1,19
k019,23,12,-287,2,17
k019,23,12.5,-287,3,19
k019,24,1,-287,4,17
k019,24,2,-287,5,17
k019,24,3,-287,6,16
k019,24,4,-287,7,15
k019,24,5,-287,8,14
k019,24,6,-287,9,13
k019,24,7,-287,10,12
k019,24,8,-287,11,11
k019,24,9,-287,12,10
k019,24,10,-286,1,9
k019,24,11,-286,2,7
k019,24,12,-286,3,8
k019,25,1,-286,4,7
k019,25,2,-286,5,6
k019,25,3,-286,6,5
k019,25,4,-286,7,4
k019,25,5,-286,8,3
k019,25,6,-286,9,2
k019,25,7,-286,10,2
k019,25,8,-286,10,31
k019,25,9,-286,11,30
k019,25,10,-286,12,29
k019,25,11,-285,1,28
k019,25,12,-285,2,26
k019,26,1,-285,3,27
k019,26,2,-285,4,26
k019,26,3,-285,5,25
k019,26,4,-285,6,24
k019,26,5,-285,7,23
k019,26,6,-285,8,22
k019,26,7,-285,9,21
k019,26,8,-285,10,21
k019,26,9,-285,11,19
k019,26,10,-285,12,19
k019,26,11,-284,1,17
k019,26,12,-284,2,16
k019,26,12.5,-284,3,16
k019,27,1,-284,4,14
k019,27,2,-284,5,14
k019,27,3,-284,6,12
k019,27,4,-284,7,11
k019,27,5,-284,8,10
k019,27,6,-284,9,9
k019,27,7,-284,10,9
k019,27,8,-284,11,7
k019,27,9,-284,12,7
k019,27,10,-283,1,6
k019,27,11,-283,2,4
k019,27,12,-283,3,6
k019,28,1,-283,4,4
k019,28,2,-283,5,3
k019,28,3,-283,6,2
k019,28,4,-283,7,1
k019,28,5,-283,7,30
k019,28,6,-283,8,29
k019,28,7,-283,9,28
k019,28,8,-283,10,28
k019,28,9,-283,11,26
k019,28,10,-283,12,26
k019,28,11,-282,1,24
k019,28,12,-282,2,23
k019,28,12.5,-282,3,25
k019,29,1,-282,4,23
k019,29,2,-282,5,22
k019,29,3,-282,6,21
k019,29,4,-282,7,20
k019,29,5,-282,8,19
k019,29,6,-282,9,17
k019,29,7,-282,10,17
k019,29,8,-282,11,15
k019,29,9,-282,12,15
k019,29,10,-281,1,13
k019,29,11,-281,2,12
k019,29,12,-281,3,14
k019,30,1,-281,4,12
k019,30,2,-281,5,12
k019,30,3,-281,6,10
k019,30,4,-281,7,10
k019,30,5,-281,8,8
k019,30,6,-281,9,7
k019,30,7,-281,10,6
k019,30,8,-281,11,5
k019,30,9,-281,12,4
k019,30,10,-280,1,3
k019,30,11,-280,2,1
k019,30,12,-280,3,2
k019,31,1,-280,3,31
k019,31,2,-280,4,30
k019,31,3,-280,5,29
k019,31,4,-280,6,28
k019,31,5,-280,7,28
k019,31,6,-280,8,26
k019,31,7,-280,9,25
k019,31,8,-280,10,24
k019,31,9,-280,11,23
k019,31,10,-280,12,22
k019,31,11,-279,1,20
k019,31,12,-279,2,19
k019,31,12.5,-279,3,20
k019,32,1,-279,4,19
k019,32,2,-279,5,19
k019,32,3,-279,6,17
k019,32,4,-279,7,17
k019,32,5,-279,8,16
k019,32,6,-279,9,15
k019,32,7,-279,10,14
k019,32,8,-279,11,12
k019,32,9,-279,12,12
k019,32,10,-278,1,10
k019,32,11,-278,2,8
k019,32,12,-278,3,10
k019,33,1,-278,4,8
k019,33,2,-278,5,8
k019,33,3,-278,6,6
k019,33,4,-278,7,6
k019,33,5,-278,8,5
k019,33,6,-278,9,4
k019,33,7,-278,10,4
k019,33,8,-278,11,2
k019,33,9,-278,12,1
k019,33,10,-278,12,31
k019,33,11,-277,1,29
k019,33,12,-277,2,27
k019,34,1,-277,3,29
k019,34,2,-277,4,27
k019,34,3,-277,5,27
k019,34,4,-277,6,25
k019,34,5,-277,7,25
k019,34,6,-277,8,24
k019,34,7,-277,9,23
k019,34,8,-277,10,22
k019,34,9,-277,11,21
k019,34,10,-277,12,20
k019,34,11,-276,1,19
k019,34,12,-276,2,17
k019,34,12.5,-276,3,17
k019,35,1,-276,4,16
k019,35,2,-276,5,15
k019,35,3,-276,6,14
k019,35,4,-276,7,13
k019,35,5,-276,8,12
k019,35,6,-276,9,11
k019,35,7,-276,10,10
k019,35,8,-276,11,9
k019,35,9,-276,12,8
k019,35,10,-275,1,7
k019,35,11,-275,2,6
k019,35,12,-275,3,7
k019,36,1,-275,4,5
k019,36,2,-275,5,5
k019,36,3,-275,6,3
k019,36,4,-275,7,3
k019,36,5,-275,8,1
k019,36,6,-275,8,31
k019,36,7,-275,9,29
k019,36,8,-275,10,29
k019,36,9,-275,11,28
k019,36,10,-275,12,27
k019,36,11,-274,1,26
k019,36,12,-274,2,25
k019,37,1,-274,3,26
k019,37,2,-274,4,24
k019,37,3,-274,5,24
k019,37,4,-274,6,22
k019,37,5,-274,7,22
k019,37,6,-274,8,20
k019,37,6.5,-274,9,18
k019,37,7,-274,10,18
k019,37,8,-274,11,17
k019,37,9,-274,12,16
k019,37,10,-273,1,15
k019,37,11,-273,2,14
k019,37,12,-273,3,15
k019,38,1,-273,4,14
k019,38,2,-273,5,13
k019,38,3,-273,6,12
k019,38,4,-273,7,11
k019,38,5,-273,8,10
k019,38,6,-273,9,8
k019,38,7,-273,10,7
k019,38,8,-273,11,6
k019,38,9,-273,12,5
k019,38,10,-272,1,4
k019,38,11,-272,2,3
k019,38,12,-272,3,4
k019,39,1,-272,4,2
k019,39,2,-272,5,2
k019,39,3,-272,5,31
k019,39,4,-272,6,30
k019,39,5,-272,7,29
k019,39,6,-272,8,27
k019,39,7,-272,9,26
k019,39,8,-272,10,25
k019,39,9,-272,11,24
k019,39,10,-272,12,23
k019,39,11,-271,1,22
k019,39,12,-271,2,21
k019,39,12.5,-271,3,22
k019,40,1,-271,4,21
k019,40,2,-271,5,21
k019,40,3,-271,6,19
k019,40,4,-271,7,19
k019,40,5,-271,8,17
k019,40,6,-271,9,15
k019,40,7,-271,10,15
k019,40,8,-271,11,13
k019,40,9,-271,12,13
k019,40,10,-270,1,11
k019,40,11,-270,2,10
k019,40,12,-270,3,11
k019,41,1,-270,4,10
k019,41,2,-270,5,10
k019,41,3,-270,6,8
k019,41,4,-270,7,8
k019,41,5,-270,8,6
k019,41,6,-270,9,5
k019,41,7,-270,10,5
k019,41,8,-270,11,3
k019,41,9,-270,12,3
k019,41,10,-269,1,1
k019,41,11,-269,1,30
k019,41,12,-269,3,1
k019,42,1,-269,3,30
k019,42,2,-269,4,29
k019,42,3,-269,5,28
k019,42,4,-269,6,27
k019,42,5,-269,7,27
k019,42,6,-269,8,25
k019,42,7,-269,9,24
k019,42,8,-269,10,24
k019,42,9,-269,11,22
k019,42,10,-269,12,22
k019,42,11,-268,1,20
k019,42,12,-268,2,18
k019,42,12.5,-268,3,19
k019,43,1,-268,4,17
k019,43,2,-268,5,17
k019,43,3,-268,6,15
k019,43,4,-268,7,14
k019,43,5,-268,8,13
k019,43,6,-268,9,12
k019,43,7,-268,10,12
k019,43,8,-268,11,11
k019,43,9,-268,12,10
k019,43,10,-267,1,9
k019,43,11,-267,2,7
k019,43,12,-267,3,8
k019,44,1,-267,4,7
k019,44,2,-267,5,6
k019,44,3,-267,6,4
k019,44,4,-267,7,4
k019,44,5,-267,8,2
k019,44,6,-267,9,1
k019,44,7,-267,10,1
k019,44,8,-267,10,31
k019,44,9,-267,11,29
k019,44,10,-267,12,29
k019,44,11,-266,1,28
k019,44,12,-266,2,26
k019,45,1,-266,3,27
k019,45,2,-266,4,26
k019,45,3,-266,5,25
k019,45,4,-266,6,23
k019,45,5,-266,7,23
k019,45,6,-266,8,21
k019,45,7,-266,9,20
k019,45,8,-266,10,20
k019,45,9,-266,11,19
k019,45,10,-266,12,18
k019,45,11,-265,1,17
k019,45,12,-265,2,16
k019,45,12.5,-265,3,17
k019,46,1,-265,4,15
k019,46,2,-265,5,15
k019,46,3,-265,6,13
k019,46,4,-265,7,12
k019,46,5,-265,8,11
k019,46,6,-265,9,9
k019,46,7,-265,10,9
k019,46,8,-265,11,8
k019,46,9,-265,12,7
k019,46,10,-264,1,6
k019,46,11,-264,2,5
k019,46,12,-264,3,5
k019,47,1,-264,4,4
k019,47,2,-264,5,3
k019,47,3,-264,6,2
k019,47,4,-264,7,1
k019,47,5,-264,7,30
k019,47,6,-264,8,29
k019,47,7,-264,9,28
k019,47,8,-264,10,27
k019,47,9,-264,11,26
k019,47,10,-264,12,25
k019,47,11,-263,1,24
k019,47,12,-263,2,22
k019,47,12.5,-263,3,24
k019,48,1,-263,4,23
k019,48,2,-263,5,22
k019,48,3,-263,6,21
k019,48,4,-263,7,20
k019,48,5,-263,8,18
k019,48,6,-263,9,17
k019,48,7,-263,10,17
k019,48,8,-263,11,15
k019,48,9,-263,12,14
k019,48,10,-262,1,13
k019,48,11,-262,2,11
k019,48,12,-262,3,13
k019,49,1,-262,4,12
k019,49,2,-262,5,11
k019,49,3,-262,6,10
k019,49,4,-262,7,10
k019,49,5,-262,8,8
k019,49,6,-262,9,7
k019,49,7,-262,10,6
k019,49,8,-262,11,5
k019,49,9,-262,12,4
k019,49,10,-261,1,2
k019,49,11,-261,2,1
k019,49,12,-261,3,2
k019,50,1,-261,4,1
k019,50,2,-261,4,30
k019,50,3,-261,5,30
k019,50,4,-261,6,29
k019,50,5,-261,7,29
k019,50,6,-261,8,27
k019,50,7,-261,9,26
k019,50,8,-261,10,25
k019,50,9,-261,11,24
k019,50,10,-261,12,23
k019,50,11,-260,1,21
k019,50,12,-260,2,20
k019,50,12.5,-260,3,20
k019,51,1,-260,4,18
k019,51,2,-260,5,18
k019,51,3,-260,6,17
k019,51,4,-260,7,17
k019,51,5,-260,8,15
k019,51,6,-260,9,14
k019,51,7,-260,10,14
k019,51,8,-260,11,12
k019,51,9,-260,12,12
k019,51,10,-259,1,10
k019,51,11,-259,2,8
k019,51,12,-259,3,10
k019,52,1,-259,4,8
k019,52,2,-259,5,7
k019,52,3,-259,6,6
k019,52,4,-259,7,6
k019,52,5,-259,8,4
k019,52,6,-259,9,3
k019,52,7,-259,10,3
k019,52,8,-259,11,2
k019,52,9,-259,12,1
k019,52,10,-259,12,30
k019,52,11,-258,1,29
k019,52,12,-258,2,27
k019,53,1,-258,3,29
k019,53,2,-258,4,27
k019,53,3,-258,5,26
k019,53,4,-258,6,25
k019,53,5,-258,7,25
k019,53,6,-258,8,23
k019,53,7,-258,9,22
k019,53,8,-258,10,22
k019,53,9,-258,11,20
k019,53,10,-258,12,20
k019,53,11,-257,1,18
k019,53,12,-257,2,17
k019,53,12.5,-257,3,18
k019,54,1,-257,4,17
k019,54,2,-257,5,16
k019,54,3,-257,6,14
k019,54,4,-257,7,14
k019,54,5,-257,8,12
k019,54,6,-257,9,11
k019,54,7,-257,10,11
k019,54,8,-257,11,9
k019,54,9,-257,12,9
k019,54,10,-256,1,8
k019,54,11,-256,2,6
k019,54,12,-256,3,7
k019,55,1,-256,4,5
k019,55,2,-256,5,5
k019,55,3,-256,6,3
k019,55,4,-256,7,3
k019,55,5,-256,8,1
k019,55,6,-256,8,30
k019,55,7,-256,9,29
k019,55,8,-256,10,28
k019,55,9,-256,11,27
k019,55,10,-256,12,27
k019,55,11,-255,1,25
k019,55,12,-255,2,24
k019,56,1,-255,3,26
k019,56,2,-255,4,24
k019,56,3,-255,5,24
k019,56,4,-255,6,22
k019,56,5,-255,7,22
k019,56,6,-255,8,20
k019,56,6.5,-255,9,19
k019,56,7,-255,10,18
k019,56,8,-255,11,16
k019,56,9,-255,12,16
k019,56,10,-254,1,14
k019,56,11,-254,2,13
k019,56,12,-254,3,15
k019,57,1,-254,4,14
k019,57,2,-254,5,13
k019,57,3,-254,6,12
k019,57,4,-254,7,11
k019,57,5,-254,8,10
k019,57,6,-254,9,8
k019,57,7,-254,10,7
k019,57,8,-254,11,6
k019,57,9,-254,12,5
k019,57,10,-253,1,4
k019,57,11,-253,2,2
k019,57,12,-253,3,4
k019,58,1,-253,4,3
k019,58,2,-253,5,2
k019,58,3,-253,6,1
k019,58,4,-253,6,30
k019,58,5,-253,7,30
k019,58,6,-253,8,28
k019,58,7,-253,9,27
k019,58,8,-253,10,26
k019,58,9,-253,11,25
k019,58,10,-253,12,24
k019,58,11,-252,1,23
k019,58,12,-252,2,21
k019,58,12.5,-252,3,22
k019,59,1,-252,4,20
k019,59,2,-252,5,20
k019,59,3,-252,6,19
k019,59,4,-252,7,18
k019,59,5,-252,8,17
k019,59,6,-252,9,15
k019,59,7,-252,10,15
k019,59,8,-252,11,13
k019,59,9,-252,12,13
k019,59,10,-251,1,11
k019,59,11,-251,2,10
k019,59,12,-251,3,11
k019,60,1,-251,4,9
k019,60,2,-251,5,9
k019,60,3,-251,6,8
k019,60,4,-251,7,7
k019,60,5,-251,8,6
k019,60,6,-251,9,5
k019,60,7,-251,10,4
k019,60,8,-251,11,3
k019,60,9,-251,12,3
k019,60,10,-250,1,1
k019,60,11,-250,1,30
k019,60,12,-250,3,1
k019,61,1,-250,3,30
k019,61,2,-250,4,28
k019,61,3,-250,5,28
k019,61,4,-250,6,26
k019,61,5,-250,7,26
k019,61,6,-250,8,24
k019,61,7,-250,9,23
k019,61,8,-250,10,23
k019,61,9,-250,11,22
k019,61,10,-250,12,22
k019,61,11,-249,1,20
k019,61,12,-249,2,18
k019,61,12.5,-249,3,20
k019,62,1,-249,4,18
k019,62,2,-249,5,17
k019,62,3,-249,6,16
k019,62,4,-249,7,15
k019,62,5,-249,8,14
k019,62,6,-249,9,12
k019,62,7,-249,10,12
k019,62,8,-249,11,11
k019,62,9,-249,12,11
k019,62,10,-248,1,10
k019,62,11,-248,2,8
k019,62,12,-248,3,8
k019,63,1,-248,4,7
k019,63,2,-248,5,6
k019,63,3,-248,6,4
k019,63,4,-248,7,4
k019,63,5,-248,8,2
k019,63,6,-248,9,1
k019,63,7,-248,9,30
k019,63,8,-248,10,30
k019,63,9,-248,11,29
k019,63,10,-248,12,29
k019,63,11,-247,1,27
k019,63,12,-247,2,26
k019,64,1,-247,3,27
k019,64,2,-247,4,26
k019,64,3,-247,5,25
k019,64,4,-247,6,23
k019,64,5,-247,7,23
k019,64,6,-247,8,21
k019,64,7,-247,9,20
k019,64,8,-247,10,19
k019,64,9,-247,11,18
k019,64,10,-247,12,18
k019,64,11,-246,1,16
k019,64,12,-246,2,15
k019,64,12.5,-246,3,17
k019,65,1,-246,4,15
k019,65,2,-246,5,15
k019,65,3,-246,6,13
k019,65,4,-246,7,12
k019,65,5,-246,8,10
k019,65,6,-246,9,9
k019,65,7,-246,10,9
k019,65,8,-246,11,8
k019,65,9,-246,12,7
k019,65,10,-245,1,5
k019,65,11,-245,2,4
k019,65,12,-245,3,6
k019,66,1,-245,4,4
k019,66,2,-245,5,4
k019,66,3,-245,6,2
k019,66,4,-245,7,2
k019,66,5,-245,7,31
k019,66,6,-245,8,30
k019,66,7,-245,9,29
k019,66,8,-245,10,28
k019,66,9,-245,11,26
k019,66,10,-245,12,26
k019,66,11,-244,1,24
k019,66,12,-244,2,23
k019,66,12.5,-244,3,23
k019,67,1,-244,4,22
k019,67,2,-244,5,22
k019,67,3,-244,6,20
k019,67,4,-244,7,20
k019,67,5,-244,8,19
k019,67,6,-244,9,17
k019,67,7,-244,10,17
k019,67,8,-244,11,15
k019,67,9,-244,12,14
k019,67,10,-243,1,13
k019,67,11,-243,2,11
k019,67,12,-243,3,12
k019,68,1,-243,4,11
k019,68,2,-243,5,11
k019,68,3,-243,6,9
k019,68,4,-243,7,9
k019,68,5,-243,8,8
k019,68,6,-243,9,7
k019,68,7,-243,10,6
k019,68,8,-243,11,5
k019,68,9,-243,12,4
k019,68,10,-242,1,2
k019,68,11,-242,2,1
k019,68,12,-242,3,2
k019,69,1,-242,3,31
k019,69,2,-242,4,30
k019,69,3,-242,5,29
k019,69,4,-242,6,28
k019,69,5,-242,7,28
k019,69,6,-242,8,27
k019,69,7,-242,9,26
k019,69,8,-242,10,25
k019,69,9,-242,11,24
k019,69,10,-242,12,23
k019,69,11,-241,1,21
k019,69,12,-241,2,20
k019,69,12.5,-241,3,21
k019,70,1,-241,4,19
k019,70,2,-241,5,19
k019,70,3,-241,6,17
k019,70,4,-241,7,17
k019,70,5,-241,8,16
k019,70,6,-241,9,15
k019,70,7,-241,10,14
k019,70,8,-241,11,13
k019,70,9,-241,12,12
k019,70,10,-240,1,11
k019,70,11,-240,2,9
k019,70,12,-240,3,10
k019,71,1,-240,4,8
k019,71,2,-240,5,7
k019,71,3,-240,6,6
k019,71,4,-240,7,5
k019,71,5,-240,8,4
k019,71,6,-240,9,3
k019,71,7,-240,10,2
k019,71,8,-240,11,1
k019,71,9,-240,12,1
k019,71,10,-240,12,30
k019,71,11,-239,1,29
k019,71,12,-239,2,27
k019,72,1,-239,3,29
k019,72,2,-239,4,27
k019,72,3,-239,5,26
k019,72,4,-239,6,25
k019,72,5,-239,7,24
k019,72,6,-239,8,23
k019,72,7,-239,9,21
k019,72,8,-239,10,21
k019,72,9,-239,11,19
k019,72,10,-239,12,19
k019,72,11,-238,1,18
k019,72,12,-238,2,17
k019,72,12.5,-238,3,18
k019,73,1,-238,4,17
k019,73,2,-238,5,16
k019,73,3,-238,6,14
k019,73,4,-238,7,14
k019,73,5,-238,8,12
k019,73,6,-238,9,11
k019,73,7,-238,10,10
k019,73,8,-238,11,9
k019,73,9,-238,12,8
k019,73,10,-237,1,7
k019,73,11,-237,2,6
k019,73,12,-237,3,7
k019,74,1,-237,4,6
k019,74,2,-237,5,6
k019,74,3,-237,6,4
k019,74,4,-237,7,4
k019,74,5,-237,8,2
k019,74,6,-237,8,31
k019,74,7,-237,9,30
k019,74,8,-237,10,29
k019,74,9,-237,11,27
k019,74,10,-237,12,27
k019,74,11,-236,1,26
k019,74,12,-236,2,24
k019,75,1,-236,3,25
k019,75,2,-236,4,24
k019,75,3,-236,5,23
k019,75,4,-236,6,22
k019,75,5,-236,7,22
k019,75,6,-236,8,20
k019,75,6.5,-236,9,18
k019,75,7,-236,10,18
k019,75,8,-236,11,16
k019,75,9,-236,12,15
k019,75,10,-235,1,14
k019,75,11,-235,2,13
k019,75,12,-235,3,14
k019,76,1,-235,4,13
k019,76,2,-235,5,13
k019,76,3,-235,6,11
k019,76,4,-235,7,11
k019,76,5,-235,8,9
k019,76,6,-235,9,8
k019,76,7,-235,10,7
k019,76,8,-235,11,6
k019,76,9,-235,12,5
k019,76,10,-234,1,4
k019,76,11,-234,2,2
k019,76,12,-234,3,3
k019,77,1,-234,4,2
k019,77,2,-234,5,2
k019,77,3,-234,5,31
k019,77,4,-234,6,30
k019,77,5,-234,7,30
k019,77,6,-234,8,28
k019,77,7,-234,9,27
k019,77,8,-234,10,26
k019,77,9,-234,11,25
k019,77,10,-234,12,24
k019,77,11,-233,1,23
k019,77,12,-233,2,21
k019,77,12.5,-233,3,22
k019,78,1,-233,4,21
k019,78,2,-233,5,20
k019,78,3,-233,6,19
k019,78,4,-233,7,18
k019,78,5,-233,8,17
k019,78,6,-233,9,16
k019,78,7,-233,10,16
k019,78,8,-233,11,14
k019,78,9,-233,12,14
k019,78,10,-232,1,12
k019,78,11,-232,2,11
k019,78,12,-232,3,11
k019,79,1,-232,4,9
k019,79,2,-232,5,9
k019,79,3,-232,6,7
k019,79,4,-232,7,7
k019,79,5,-232,8,5
k019,79,6,-232,9,4
k019,79,7,-232,10,4
k019,79,8,-232,11,3
k019,79,9,-232,12,2
k019,79,10,-231,1,1
k019,79,11,-231,1,30
k019,79,12,-231,3,1
k019,80,1,-231,3,30
k019,80,2,-231,4,28
k019,80,3,-231,5,28
k019,80,4,-231,6,26
k019,80,5,-231,7,25
k019,80,6,-231,8,24
k019,80,7,-231,9,23
k019,80,8,-231,10,23
k019,80,9,-231,11,21
k019,80,10,-231,12,21
k019,80,11,-230,1,20
k019,80,12,-230,2,18
k019,80,12.5,-230,3,20
k019,81,1,-230,4,18
k019,81,2,-230,5,17
k019,81,3,-230,6,16
k019,81,4,-230,7,15
k019,81,5,-230,8,13
k019,81,6,-230,9,12
k019,81,7,-230,10,12
k019,81,8,-230,11,11
k019,81,9,-230,12,10
k019,81,10,-229,1,9
k019,81,11,-229,2,8
k019,81,12,-229,3,9
k019,82,1,-229,4,8
k019,82,2,-229,5,7
k019,82,3,-229,6,5
k019,82,4,-229,7,5
k019,82,5,-229,8,3
k019,82,6,-229,9,1
k019,82,7,-229,10,1
k019,82,8,-229,10,31
k019,82,9,-229,11,29
k019,82,10,-229,12,29
k019,82,11,-228,1,28
k019,82,12,-228,2,26
k019,83,1,-228,3,27
k019,83,2,-228,4,25
k019,83,3,-228,5,25
k019,83,4,-228,6,23
k019,83,5,-228,7,23
k019,83,6,-228,8,21
k019,83,7,-228,9,20
k019,83,8,-228,10,19
k019,83,9,-228,11,18
k019,83,10,-228,12,17
k019,83,11,-227,1,16
k019,83,12,-227,2,14
k019,83,12.5,-227,3,16
k019,84,1,-227,4,15
k019,84,2,-227,5,14
k019,84,3,-227,6,13
k019,84,4,-227,7,12
k019,84,5,-227,8,11
k019,84,6,-227,9,9
k019,84,7,-227,10,9
k019,84,8,-227,11,7
k019,84,9,-227,12,7
k019,84,10,-226,1,5
k019,84,11,-226,2,3
k019,84,12,-226,3,5
k019,85,1,-226,4,4
k019,85,2,-226,5,3
k019,85,3,-226,6,2
k019,85,4,-226,7,1
k019,85,5,-226,7,31
k019,85,6,-226,8,30
k019,85,7,-226,9,29
k019,85,8,-226,10,28
k019,85,9,-226,11,26
k019,85,10,-226,12,26
k019,85,11,-225,1,24
k019,85,12,-225,2,22
k019,85,12.5,-225,3,24
k019,86,1,-225,4,22
k019,86,2,-225,5,22
k019,86,3,-225,6,21
k019,86,4,-225,7,20
k019,86,5,-225,8,19
k019,86,6,-225,9,18
k019,86,7,-225,10,18
k019,86,8,-225,11,16
k019,86,9,-225,12,15
k019,86,10,-224,1,14
k019,86,11,-224,2,12
k019,86,12,-224,3,12
k019,87,1,-224,4,11
k019,87,2,-224,5,10
k019,87,3,-224,6,9
k019,87,4,-224,7,8
k019,87,5,-224,8,7
k019,87,6,-224,9,6
k019,87,7,-224,10,6
k019,87,8,-224,11,5
k019,87,9,-224,12,4
k019,87,10,-223,1,2
k019,87,11,-223,2,1
k019,87,12,-223,3,2
k019,88,1,-223,3,31
k019,88,2,-223,4,30
k019,88,3,-223,5,29
k019,88,4,-223,6,28
k019,88,5,-223,7,27
k019,88,6,-223,8,26
k019,88,7,-223,9,25
k019,88,8,-223,10,25
k019,88,9,-223,11,23
k019,88,10,-223,12,23
k019,88,11,-222,1,21
k019,88,12,-222,2,20
k019,88,12.5,-222,3,21
k019,89,1,-222,4,19
k019,89,2,-222,5,19
k019,89,3,-222,6,17
k019,89,4,-222,7,17
k019,89,5,-222,8,15
k019,89,6,-222,9,14
k019,89,7,-222,10,14
k019,89,8,-222,11,12
k019,89,9,-222,12,12
k019,89,10,-221,1,10
k019,89,11,-221,2,9
k019,89,12,-221,3,11
k019,90,1,-221,4,9
k019,90,2,-221,5,8
k019,90,3,-221,6,7
k019,90,4,-221,7,6
k019,90,5,-221,8,5
k019,90,6,-221,9,3
k019,90,7,-221,10,3
k019,90,8,-221,11,1
k019,90,9,-221,12,1
k019,90,10,-221,12,30
k019,90,11,-220,1,29
k019,90,12,-220,2,28
k019,91,1,-220,3,28
k019,91,2,-220,4,27
k019,91,3,-220,5,26
k019,91,4,-220,6,25
k019,91,5,-220,7,24
k019,91,6,-220,8,23
k019,91,7,-220,9,21
k019,91,8,-220,10,20
k019,91,9,-220,11,19
k019,91,10,-220,12,19
k019,91,11,-219,1,17
k019,91,12,-219,2,16
k019,91,12.5,-219,3,18
k019,92,1,-219,4,16
k019,92,2,-219,5,16
k019,92,3,-219,6,14
k019,92,4,-219,7,14
k019,92,5,-219,8,12
k019,92,6,-219,9,11
k019,92,7,-219,10,10
k019,92,8,-219,11,8
k019,92,9,-219,12,8
k019,92,10,-218,1,6
k019,92,11,-218,2,5
k019,92,12,-218,3,7
k019,93,1,-218,4,5
k019,93,2,-218,5,5
k019,93,3,-218,6,4
k019,93,4,-218,7,3
k019,93,5,-218,8,2
k019,93,6,-218,8,31
k019,93,7,-218,9,29
k019,93,8,-218,10,29
k019,93,9,-218,11,28
k019,93,10,-218,12,27
k019,93,11,-217,1,25
k019,93,12,-217,2,24
k019,94,1,-217,3,25
k019,94,2,-217,4,24
k019,94,3,-217,5,24
k019,94,4,-217,6,23
k019,94,5,-217,7,22
k019,94,6,-217,8,21
k019,94,6.5,-217,9,19
k019,94,7,-217,10,19
k019,94,8,-217,11,17
k019,94,9,-217,12,16
k019,94,10,-216,1,15
k019,94,11,-216,2,13
k019,94,12,-216,3,14
k019,95,1,-216,4,12
k019,95,2,-216,5,12
k019,95,3,-216,6,11
k019,95,4,-216,7,10
k019,95,5,-216,8,9
k019,95,6,-216,9,7
k019,95,7,-216,10,7
k019,95,8,-216,11,6
k019,95,9,-216,12,5
k019,95,10,-215,1,4
k019,95,11,-215,2,2
k019,95,12,-215,3,3
k019,96,1,-215,4,2
k019,96,2,-215,5,1
k019,96,3,-215,5,31
k019,96,4,-215,6,29
k019,96,5,-215,7,29
k019,96,6,-215,8,27
k019,96,7,-215,9,26
k019,96,8,-215,10,26
k019,96,9,-215,11,25
k019,96,10,-215,12,24
k019,96,11,-214,1,23
k019,96,12,-214,2,21
k019,96,12.5,-214,3,22
k019,97,1,-214,4,21
k019,97,2,-214,5,20
k019,97,3,-214,6,18
k019,97,4,-214,7,18
k019,97,5,-214,8,16
k019,97,6,-214,9,15
k019,97,7,-214,10,15
k019,97,8,-214,11,14
k019,97,9,-214,12,14
k019,97,10,-213,1,12
k019,97,11,-213,2,11
k019,97,12,-213,3,12
k019,98,1,-213,4,10
k019,98,2,-213,5,10
k019,98,3,-213,6,8
k019,98,4,-213,7,7
k019,98,5,-213,8,6
k019,98,6,-213,9,4
k019,98,7,-213,10,4
k019,98,8,-213,11,3
k019,98,9,-213,12,3
k019,98,10,-212,1,2
k019,98,11,-212,1,31
k019,98,12,-212,3,1
k019,99,1,-212,3,30
k019,99,2,-212,4,28
k019,99,3,-212,5,28
k019,99,4,-212,6,26
k019,99,5,-212,7,25
k019,99,6,-212,8,24
k019,99,7,-212,9,22
k019,99,8,-212,10,22
k019,99,9,-212,11,21
k019,99,10,-212,12,21
k019,99,11,-211,1,19
k019,99,12,-211,2,18
k019,99,12.5,-211,3,19
k019,100,1,-211,4,18
k019,100,2,-211,5,17
k019,100,3,-211,6,16
k019,100,4,-211,7,15
k019,100,5,-211,8,13
k019,100,6,-211,9,12
k019,100,7,-211,10,11
k019,100,8,-211,11,10
k019,100,9,-211,12,10
k019,100,10,-210,1,8
k019,100,11,-210,2,7
k019,100,12,-210,3,9
k019,101,1,-210,4,7
k019,101,2,-210,5,7
k019,101,3,-210,6,5
k019,101,4,-210,7,5
k019,101,5,-210,8,3
k019,101,6,-210,9,1
k019,101,7,-210,10,1
k019,101,8,-210,10,31
k019,101,9,-210,11,29
k019,101,10,-210,12,29
k019,101,11,-209,1,27
k019,101,12,-209,2,26
k019,102,1,-209,3,27
k019,102,2,-209,4,26
k019,102,3,-209,5,25
k019,102,4,-209,6,24
k019,102,5,-209,7,23
k019,102,6,-209,8,22
k019,102,7,-209,9,21
k019,102,8,-209,10,20
k019,102,9,-209,11,19
k019,102,10,-209,12,18
k019,102,11,-208,1,16
k019,102,12,-208,2,15
k019,102,12.5,-208,3,15
k019,103,1,-208,4,14
k019,103,2,-208,5,13
k019,103,3,-208,6,12
k019,103,4,-208,7,12
k019,103,5,-208,8,11
k019,103,6,-208,9,9
k019,103,7,-208,10,9
k019,103,8,-208,11,7
k019,103,9,-208,12,6
k019,103,10,-207,1,5
k019,103,11,-207,2,3
k019,103,12,-207,3,5
k019,104,1,-207,4,3
k019,104,2,-207,5,3
k019,104,3,-207,6,1
k019,104,4,-207,7,1
k019,104,5,-207,7,31
k019,104,6,-207,8,30
k019,104,7,-207,9,28
k019,104,8,-207,10,28
k019,104,9,-207,11,26
k019,104,10,-207,12,26
k019,104,11,-206,1,24
k019,104,12,-206,2,22
k019,104,12.5,-206,3,24
k019,105,1,-206,4,22
k019,105,2,-206,5,21
k019,105,3,-206,6,20
k019,105,4,-206,7,20
k019,105,5,-206,8,19
k019,105,6,-206,9,18
k019,105,7,-206,10,17
k019,105,8,-206,11,16
k019,105,9,-206,12,15
k019,105,10,-205,1,14
k019,105,11,-205,2,12
k019,105,12,-205,3,13
k019,106,1,-205,4,12
k019,106,2,-205,5,11
k019,106,3,-205,6,9
k019,106,4,-205,7,9
k019,106,5,-205,8,8
k019,106,6,-205,9,7
k019,106,7,-205,10,6
k019,106,8,-205,11,5
k019,106,9,-205,12,5
k019,106,10,-204,1,3
k019,106,11,-204,2,1
k019,106,12,-204,3,2
k019,107,1,-204,3,31
k019,107,2,-204,4,30
k019,107,3,-204,5,29
k019,107,4,-204,6,27
k019,107,5,-204,7,27
k019,107,6,-204,8,26
k019,107,7,-204,9,24
k019,107,8,-204,10,24
k019,107,9,-204,11,23
k019,107,10,-204,12,22
k019,107,11,-203,1,21
k019,107,12,-203,2,19
k019,107,12.5,-203,3,21
k019,108,1,-203,4,19
k019,108,2,-203,5,19
k019,108,3,-203,6,17
k019,108,4,-203,7,17
k019,108,5,-203,8,15
k019,108,6,-203,9,14
k019,108,7,-203,10,13
k019,108,8,-203,11,12
k019,108,9,-203,12,11
k019,108,10,-202,1,10
k019,108,11,-202,2,9
k019,108,12,-202,3,10
k019,109,1,-202,4,9
k019,109,2,-202,5,8
k019,109,3,-202,6,7
k019,109,4,-202,7,6
k019,109,5,-202,8,5
k019,109,6,-202,9,3
k019,109,7,-202,10,3
k019,109,8,-202,11,1
k019,109,9,-202,11,30
k019,109,10,-202,12,30
k019,109,11,-201,1,28
k019,109,12,-201,2,27
k019,110,1,-201,3,29
k019,110,2,-201,4,27
k019,110,3,-201,5,27
k019,110,4,-201,6,26
k019,110,5,-201,7,25
k019,110,6,-201,8,24
k019,110,7,-201,9,22
k019,110,8,-201,10,21
k019,110,9,-201,11,20
k019,110,10,-201,12,19
k019,110,11,-200,1,18
k019,110,12,-200,2,16
k019,110,12.5,-200,3,17
k019,111,1,-200,4,16
k019,111,2,-200,5,15
k019,111,3,-200,6,14
k019,111,4,-200,7,14
k019,111,5,-200,8,12
k019,111,6,-200,9,11
k019,111,7,-200,10,10
k019,111,8,-200,11,8
k019,111,9,-200,12,8
k019,111,10,-199,1,6
k019,111,11,-199,2,5
k019,111,12,-199,3,6
k019,112,1,-199,4,5
k019,112,2,-199,5,4
k019,112,3,-199,6,3
k019,112,4,-199,7,3
k019,112,5,-199,8,2
k019,112,6,-199,8,31
k019,112,7,-199,9,30
k019,112,8,-199,10,29
k019,112,9,-199,11,27
k019,112,10,-199,12,27
k019,112,11,-198,1,25
k019,112,12,-198,2,24
k019,113,1,-198,3,25
k019,113,2,-198,4,24
k019,113,3,-198,5,23
k019,113,4,-198,6,22
k019,113,5,-198,7,22
k019,113,6,-198,8,20
k019,113,6.5,-198,9,19
k019,113,7,-198,10,18
k019,113,8,-198,11,17
k019,113,9,-198,12,16
k019,113,10,-197,1,15
k019,113,11,-197,2,13
k019,113,12,-197,3,15
k019,114,1,-197,4,13
k019,114,2,-197,5,12
k019,114,3,-197,6,11
k019,114,4,-197,7,11
k019,114,5,-197,8,9
k019,114,6,-197,9,8
k019,114,7,-197,10,8
k019,114,8,-197,11,6
k019,114,9,-197,12,6
k019,114,10,-196,1,4
k019,114,11,-196,2,3
k019,114,12,-196,3,3
k019,115,1,-196,4,2
k019,115,2,-196,5,1
k019,115,3,-196,5,30
k019,115,4,-196,6,29
k019,115,5,-196,7,28
k019,115,6,-196,8,27
k019,115,7,-196,9,25
k019,115,8,-196,10,25
k019,115,9,-196,11,24
k019,115,10,-196,12,24
k019,115,11,-195,1,23
k019,115,12,-195,2,21
k019,115,12.5,-195,3,22
k019,116,1,-195,4,21
k019,116,2,-195,5,20
k019,116,3,-195,6,18
k019,116,4,-195,7,18
k019,116,5,-195,8,16
k019,116,6,-195,9,15
k019,116,7,-195,10,14
k019,116,8,-195,11,13
k019,116,9,-195,12,13
k019,116,10,-194,1,12
k019,116,11,-194,2,10
k019,116,12,-194,3,12
k019,117,1,-194,4,10
k019,117,2,-194,5,10
k019,117,3,-194,6,8
k019,117,4,-194,7,7
k019,117,5,-194,8,6
k019,117,6,-194,9,4
k019,117,7,-194,10,4
k019,117,8,-194,11,2
k019,117,9,-194,12,2
k019,117,10,-193,1,1
k019,117,11,-193,1,31
k019,117,12,-193,3,1
k019,118,1,-193,3,31
k019,118,2,-193,4,29
k019,118,3,-193,5,29
k019,118,4,-193,6,27
k019,118,5,-193,7,26
k019,118,6,-193,8,25
k019,118,7,-193,9,23
k019,118,8,-193,10,23
k019,118,9,-193,11,21
k019,118,10,-193,12,21
k019,118,11,-192,1,20
k019,118,12,-192,2,18
k019,118,12.5,-192,3,19
k019,119,1,-192,4,17
k019,119,2,-192,5,17
k019,119,3,-192,6,15
k019,119,4,-192,7,15
k019,119,5,-192,8,13
k019,119,6,-192,9,12
k019,119,7,-192,10,11
k019,119,8,-192,11,10
k019,119,9,-192,12,10
k019,119,10,-191,1,8
k019,119,11,-191,2,6
k019,119,12,-191,3,8
k019,120,1,-191,4,6
k019,120,2,-191,5,6
k019,120,3,-191,6,5
k019,120,4,-191,7,4
k019,120,5,-191,8,3
k019,120,6,-191,9,1
k019,120,7,-191,10,1
k019,120,8,-191,10,31
k019,120,9,-191,11,29
k019,120,10,-191,12,28
k019,120,11,-190,1,27
k019,120,12,-190,2,25
k019,121,1,-190,3,27
k019,121,2,-190,4,25
k019,121,3,-190,5,25
k019,121,4,-190,6,23
k019,121,5,-190,7,23
k019,121,6,-190,8,22
k019,121,7,-190,9,21
k019,121,8,-190,10,20
k019,121,9,-190,11,19
k019,121,10,-190,12,18
k019,121,11,-189,1,16
k019,121,12,-189,2,15
k019,121,12.5,-189,3,16
k019,122,1,-189,4,14
k019,122,2,-189,5,14
k019,122,3,-189,6,12
k019,122,4,-189,7,12
k019,122,5,-189,8,11
k019,122,6,-189,9,10
k019,122,7,-189,10,10
k019,122,8,-189,11,8
k019,122,9,-189,12,8
k019,122,10,-188,1,6
k019,122,11,-188,2,4
k019,122,12,-188,3,5
k019,123,1,-188,4,3
k019,123,2,-188,5,2
k019,123,3,-188,6,1
k019,123,4,-188,6,30
k019,123,5,-188,7,30
k019,123,6,-188,8,29
k019,123,7,-188,9,28
k019,123,8,-188,10,28
k019,123,9,-188,11,26
k019,123,10,-188,12,26
k019,123,11,-187,1,24
k019,123,12,-187,2,22
k019,123,12.5,-187,3,24
k019,124,1,-187,4,22
k019,124,2,-187,5,21
k019,124,3,-187,6,20
k019,124,4,-187,7,19
k019,124,5,-187,8,18
k019,124,6,-187,9,17
k019,124,7,-187,10,17
k019,124,8,-187,11,15
k019,124,9,-187,12,15
k019,124,10,-186,1,13
k019,124,11,-186,2,12
k019,124,12,-186,3,13
k019,125,1,-186,4,12
k019,125,2,-186,5,11
k019,125,3,-186,6,9
k019,125,4,-186,7,9
k019,125,5,-186,8,7
k019,125,6,-186,9,6
k019,125,7,-186,10,6
k019,125,8,-186,11,4
k019,125,9,-186,12,4
k019,125,10,-185,1,2
k019,125,11,-185,2,1
k019,125,12,-185,3,3
k019,126,1,-185,4,1
k019,126,2,-185,5,1
k019,126,3,-185,5,30
k019,126,4,-185,6,28
k019,126,5,-185,7,28
k019,126,6,-185,8,26
k019,126,7,-185,9,25
k019,126,8,-185,10,24
k019,126,9,-185,11,23
k019,126,10,-185,12,22
k019,126,11,-184,1,21
k019,126,12,-184,2,20
k019,126,12.5,-184,3,20
k019,127,1,-184,4,19
k019,127,2,-184,5,19
k019,127,3,-184,6,17
k019,127,4,-184,7,17
k019,127,5,-184,8,15
k019,127,6,-184,9,13
k019,127,7,-184,10,13
k019,127,8,-184,11,11
k019,127,9,-184,12,11
k019,127,10,-183,1,9
k019,127,11,-183,2,8
k019,127,12,-183,3,10
k019,128,1,-183,4,8
k019,128,2,-183,5,8
k019,128,3,-183,6,7
k019,128,4,-183,7,6
k019,128,5,-183,8,5
k019,128,6,-183,9,3
k019,128,7,-183,10,2
k019,128,8,-183,11,1
k019,128,9,-183,11,30
k019,128,10,-183,12,29
k019,128,11,-182,1,28
k019,128,12,-182,2,27
k019,129,1,-182,3,28
k019,129,2,-182,4,27
k019,129,3,-182,5,27
k019,129,4,-182,6,25
k019,129,5,-182,7,25
k019,129,6,-182,8,24
k019,129,7,-182,9,22
k019,129,8,-182,10,21
k019,129,9,-182,11,20
k019,129,10,-182,12,19
k019,129,11,-181,1,17
k019,129,12,-181,2,16
k019,129,12.5,-181,3,17
k019,130,1,-181,4,16
k019,130,2,-181,5,16
k019,130,3,-181,6,14
k019,130,4,-181,7,14
k019,130,5,-181,8,13
k019,130,6,-181,9,11
k019,130,7,-181,10,11
k019,130,8,-181,11,9
k019,130,9,-181,12,9
k019,130,10,-180,1,7
k019,130,11,-180,2,6
k019,130,12,-180,3,6
k019,131,1,-180,4,4
k019,131,2,-180,5,4
k019,131,3,-180,6,2
k019,131,4,-180,7,2
k019,131,5,-180,8,1
k019,131,6,-180,8,31
k019,131,7,-180,9,29
k019,131,8,-180,10,29
k019,131,9,-180,11,27
k019,131,10,-180,12,27
k019,131,11,-179,1,25
k019,131,12,-179,2,24
k019,132,1,-179,3,25
k019,132,2,-179,4,24
k019,132,3,-179,5,23
k019,132,4,-179,6,21
k019,132,5,-179,7,21
k019,132,6,-179,8,19
k019,132,6.5,-179,9,18
k019,132,7,-179,10,18
k019,132,8,-179,11,17
k019,132,9,-179,12,16
k019,132,10,-178,1,15
k019,132,11,-178,2,13
k019,132,12,-178,3,15
k019,133,1,-178,4,13
k019,133,2,-178,5,12
k019,133,3,-178,6,11
k019,133,4,-178,7,10
k019,133,5,-178,8,9
k019,133,6,-178,9,7
k019,133,7,-178,10,7
k019,133,8,-178,11,6
k019,133,9,-178,12,5
k019,133,10,-177,1,4
k019,133,11,-177,2,3
k019,133,12,-177,3,4
k019,134,1,-177,4,3
k019,134,2,-177,5,2
k019,134,3,-177,5,31
k019,134,4,-177,6,30
k019,134,5,-177,7,29
k019,134,6,-177,8,27
k019,134,7,-177,9,26
k019,134,8,-177,10,26
k019,134,9,-177,11,24
k019,134,10,-177,12,24
k019,134,11,-176,1,23
k019,134,12,-176,2,22
k019,134,12.5,-176,3,22
k019,135,1,-176,4,21
k019,135,2,-176,5,20
k019,135,3,-176,6,18
k019,135,4,-176,7,18
k019,135,5,-176,8,16
k019,135,6,-176,9,14
k019,135,7,-176,10,14
k019,135,8,-176,11,13
k019,135,9,-176,12,12
k019,135,10,-175,1,11
k019,135,11,-175,2,10
k019,135,12,-175,3,11
k019,136,1,-175,4,10
k019,136,2,-175,5,10
k019,136,3,-175,6,8
k019,136,4,-175,7,7
k019,136,5,-175,8,6
k019,136,6,-175,9,4
k019,136,7,-175,10,3
k019,136,8,-175,11,2
k019,136,9,-175,12,2
k019,136,10,-175,12,31
k019,136,11,-174,1,30
k019,136,12,-174,2,28
k019,137,1,-174,3,30
k019,137,2,-174,4,29
k019,137,3,-174,5,28
k019,137,4,-174,6,27
k019,137,5,-174,7,26
k019,137,6,-174,8,25
k019,137,7,-174,9,23
k019,137,8,-174,10,23
k019,137,9,-174,11,21
k019,137,10,-174,12,21
k019,137,11,-173,1,19
k019,137,12,-173,2,18
k019,137,12.5,-173,3,19
k019,138,1,-173,4,18
k019,138,2,-173,5,18
k019,138,3,-173,6,16
k019,138,4,-173,7,16
k019,138,5,-173,8,14
k019,138,6,-173,9,13
k019,138,7,-173,10,12
k019,138,8,-173,11,11
k019,138,9,-173,12,10
k019,138,10,-172,1,9
k019,138,11,-172,2,7
k019,138,12,-172,3,7
k019,139,1,-172,4,6
k019,139,2,-172,5,5
k019,139,3,-172,6,4
k019,139,4,-172,7,4
k019,139,5,-172,8,2
k019,139,6,-172,9,1
k019,139,7,-172,10,1
k019,139,8,-172,10,31
k019,139,9,-172,11,29
k019,139,10,-172,12,28
k019,139,11,-171,1,27
k019,139,12,-171,2,25
k019,140,1,-171,3,26
k019,140,2,-171,4,25
k019,140,3,-171,5,24
k019,140,4,-171,6,23
k019,140,5,-171,7,22
k019,140,6,-171,8,21
k019,140,7,-171,9,20
k019,140,8,-171,10,20
k019,140,9,-171,11,19
k019,140,10,-171,12,18
k019,140,11,-170,1,16
k019,140,12,-170,2,15
k019,140,12.5,-170,3,16
k019,141,1,-170,4,14
k019,141,2,-170,5,14
k019,141,3,-170,6,12
k019,141,4,-170,7,12
k019,141,5,-170,8,10
k019,141,6,-170,9,9
k019,141,7,-170,10,9
k019,141,8,-170,11,8
k019,141,9,-170,12,7
k019,141,10,-169,1,6
k019,141,11,-169,2,4
k019,141,12,-169,3,6
k019,142,1,-169,4,4
k019,142,2,-169,5,3
k019,142,3,-169,6,2
k019,142,4,-169,7,1
k019,142,5,-169,7,31
k019,142,6,-169,8,29
k019,142,7,-169,9,28
k019,142,8,-169,10,28
k019,142,9,-169,11,27
k019,142,10,-169,12,26
k019,142,11,-168,1,25
k019,142,12,-168,2,23
k019,142,12.5,-168,3,24
k019,143,1,-168,4,22
k019,143,2,-168,5,21
k019,143,3,-168,6,20
k019,143,4,-168,7,19
k019,143,5,-168,8,18
k019,143,6,-168,9,17
k019,143,7,-168,10,16
k019,143,8,-168,11,15
k019,143,9,-168,12,14
k019,143,10,-167,1,13
k019,143,11,-167,2,11
k019,143,12,-167,3,13
k019,144,1,-167,4,11
k019,144,2,-167,5,11
k019,144,3,-167,6,9
k019,144,4,-167,7,9
k019,144,5,-167,8,7
k019,144,6,-167,9,6
k019,144,7,-167,10,5
k019,144,8,-167,11,4
k019,144,9,-167,12,3
k019,144,10,-166,1,2
k019,144,11,-166,2,1
k019,144,12,-166,3,2
k019,145,1,-166,4,1
k019,145,2,-166,4,30
k019,145,3,-166,5,30
k019,145,4,-166,6,28
k019,145,5,-166,7,28
k019,145,6,-166,8,26
k019,145,7,-166,9,25
k019,145,8,-166,10,24
k019,145,9,-166,11,22
k019,145,10,-166,12,22
k019,145,11,-165,1,20
k019,145,12,-165,2,19
k019,145,12.5,-165,3,21
k019,146,1,-165,4,20
k019,146,2,-165,5,19
k019,146,3,-165,6,18
k019,146,4,-165,7,17
k019,146,5,-165,8,16
k019,146,6,-165,9,14
k019,146,7,-165,10,14
k019,146,8,-165,11,12
k019,146,9,-165,12,11
k019,146,10,-164,1,10
k019,146,11,-164,2,8
k019,146,12,-164,3,9
k019,147,1,-164,4,8
k019,147,2,-164,5,7
k019,147,3,-164,6,6
k019,147,4,-164,7,6
k019,147,5,-164,8,4
k019,147,6,-164,9,3
k019,147,7,-164,10,2
k019,147,8,-164,10,31
k019,147,9,-164,11,30
k019,147,10,-164,12,29
k019,147,11,-163,1,28
k019,147,12,-163,2,26
k019,148,1,-163,3,28
k019,148,2,-163,4,26
k019,148,3,-163,5,26
k019,148,4,-163,6,25
k019,148,5,-163,7,25
k019,148,6,-163,8,23
k019,148,7,-163,9,22
k019,148,8,-163,10,21
k019,148,9,-163,11,20
k019,148,10,-163,12,19
k019,148,11,-162,1,17
k019,148,12,-162,2,16
k019,148,12.5,-162,3,17
k019,149,1,-162,4,16
k019,149,2,-162,5,15
k019,149,3,-162,6,14
k019,149,4,-162,7,13
k019,149,5,-162,8,12
k019,149,6,-162,9,11
k019,149,7,-162,10,10
k019,149,8,-162,11,9
k019,149,9,-162,12,9
k019,149,10,-161,1,7
k019,149,11,-161,2,6
k019,149,12,-161,3,7
k019,150,1,-161,4,5
k019,150,2,-161,5,5
k019,150,3,-161,6,3
k019,150,4,-161,7,3
k019,150,5,-161,8,1
k019,150,6,-161,8,31
k019,150,7,-161,9,29
k019,150,8,-161,10,29
k019,150,9,-161,11,28
k019,150,10,-161,12,28
k019,150,11,-160,1,26
k019,150,12,-160,2,25
k019,151,1,-160,3,25
k019,151,2,-160,4,23
k019,151,3,-160,5,23
k019,151,4,-160,6,21
k019,151,5,-160,7,20
k019,151,6,-160,8,19
k019,151,6.5,-160,9,18
k019,151,7,-160,10,17
k019,151,8,-160,11,16
k019,151,9,-160,12,16
k019,151,10,-159,1,15
k019,151,11,-159,2,13
k019,151,12,-159,3,15
k019,152,1,-159,4,13
k019,152,2,-159,5,12
k019,152,3,-159,6,11
k019,152,4,-159,7,10
k019,152,5,-159,8,8
k019,152,6,-159,9,7
k019,152,7,-159,10,6
k019,152,8,-159,11,5
k019,152,9,-159,12,5
k019,152,10,-158,1,4
k019,152,11,-158,2,2
k019,152,12,-158,3,4
k019,153,1,-158,4,3
k019,153,2,-158,5,2
k019,153,3,-158,5,31
k019,153,4,-158,6,30
k019,153,5,-158,7,29
k019,153,6,-158,8,27
k019,153,7,-158,9,26
k019,153,8,-158,10,25
k019,153,9,-158,11,24
k019,153,10,-158,12,24
k019,153,11,-157,1,22
k019,153,12,-157,2,21
k019,153,12.5,-157,3,23
k019,154,1,-157,4,21
k019,154,2,-157,5,21
k019,154,3,-157,6,19
k019,154,4,-157,7,19
k019,154,5,-157,8,17
k019,154,6,-157,9,15
k019,154,7,-157,10,15
k019,154,8,-157,11,13
k019,154,9,-157,12,13
k019,154,10,-156,1,12
k019,154,11,-156,2,10
k019,154,12,-156,3,11
k019,155,1,-156,4,9
k019,155,2,-156,5,9
k019,155,3,-156,6,8
k019,155,4,-156,7,7
k019,155,5,-156,8,5
k019,155,6,-156,9,4
k019,155,7,-156,10,4
k019,155,8,-156,11,2
k019,155,9,-156,12,2
k019,155,10,-156,12,31
k019,155,11,-155,1,29
k019,155,12,-155,2,28
k019,156,1,-155,3,29
k019,156,2,-155,4,28
k019,156,3,-155,5,28
k019,156,4,-155,6,26
k019,156,5,-155,7,26
k019,156,6,-155,8,24
k019,156,7,-155,9,23
k019,156,8,-155,10,23
k019,156,9,-155,11,21
k019,156,10,-155,12,21
k019,156,11,-154,1,19
k019,156,12,-154,2,17
k019,156,12.5,-154,3,19
k019,157,1,-154,4,17
k019,157,2,-154,5,17
k019,157,3,-154,6,15
k019,157,4,-154,7,15
k019,157,5,-154,8,14
k019,157,6,-154,9,13
k019,157,7,-154,10,12
k019,157,8,-154,11,11
k019,157,9,-154,12,10
k019,157,10,-153,1,9
k019,157,11,-153,2,7
k019,157,12,-153,3,8
k019,158,1,-153,4,7
k019,158,2,-153,5,6
k019,158,3,-153,6,4
k019,158,4,-153,7,4
k019,158,5,-153,8,3
k019,158,6,-153,9,2
k019,158,7,-153,10,2
k019,158,8,-153,10,31
k019,158,9,-153,11,30
k019,158,10,-153,12,29
k019,158,11,-152,1,28
k019,158,12,-152,2,26
k019,159,1,-152,3,26
k019,159,2,-152,4,25
k019,159,3,-152,5,24
k019,159,4,-152,6,22
k019,159,5,-152,7,22
k019,159,6,-152,8,21
k019,159,7,-152,9,20
k019,159,8,-152,10,19
k019,159,9,-152,11,18
k019,159,10,-152,12,18
k019,159,11,-151,1,16
k019,159,12,-151,2,15
k019,159,12.5,-151,3,16
k019,160,1,-151,4,14
k019,160,2,-151,5,14
k019,160,3,-151,6,12
k019,160,4,-151,7,11
k019,160,5,-151,8,10
k019,160,6,-151,9,9
k019,160,7,-151,10,9
k019,160,8,-151,11,7
k019,160,9,-151,12,7
k019,160,10,-150,1,5
k019,160,11,-150,2,4
k019,160,12,-150,3,5
k019,161,1,-150,4,4
k019,161,2,-150,5,3
k019,161,3,-150,6,2
k019,161,4,-150,7,1
k019,161,5,-150,7,31
k019,161,6,-150,8,29
k019,161,7,-150,9,28
k019,161,8,-150,10,27
k019,161,9,-150,11,26
k019,161,10,-150,12,25
k019,161,11,-149,1,24
k019,161,12,-149,2,23
k019,161,12.5,-149,3,24
k019,162,1,-149,4,23
k019,162,2,-149,5,22
k019,162,3,-149,6,21
k019,162,4,-149,7,20
k019,162,5,-149,8,19
k019,162,6,-149,9,17
k019,162,7,-149,10,17
k019,162,8,-149,11,15
k019,162,9,-149,12,14
k019,162,10,-148,1,13
k019,162,11,-148,2,12
k019,162,12,-148,3,12
k019,163,1,-148,4,11
k019,163,2,-148,5,11
k019,163,3,-148,6,9
k019,163,4,-148,7,9
k019,163,5,-148,8,7
k019,163,6,-148,9,6
k019,163,7,-148,10,5
k019,163,8,-148,11,4
k019,163,9,-148,12,3
k019,163,10,-147,1,1
k019,163,11,-147,1,31
k019,163,12,-147,3,1
k019,164,1,-147,3,31
k019,164,2,-147,4,29
k019,164,3,-147,5,29
k019,164,4,-147,6,28
k019,164,5,-147,7,28
k019,164,6,-147,8,26
k019,164,7,-147,9,25
k019,164,8,-147,10,24
k019,164,9,-147,11,22
k019,164,10,-147,12,22
k019,164,11,-146,1,20
k019,164,12,-146,2,19
k019,164,12.5,-146,3,20
k019,165,1,-146,4,19
k019,165,2,-146,5,19
k019,165,3,-146,6,17
k019,165,4,-146,7,17
k019,165,5,-146,8,16
k019,165,6,-146,9,14
k019,165,7,-146,10,14
k019,165,8,-146,11,12
k019,165,9,-146,12,11
k019,165,10,-145,1,10
k019,165,11,-145,2,8
k019,165,12,-145,3,10
k019,166,1,-145,4,8
k019,166,2,-145,5,8
k019,166,3,-145,6,6
k019,166,4,-145,7,6
k019,166,5,-145,8,5
k019,166,6,-145,9,4
k019,166,7,-145,10,3
k019,166,8,-145,11,2
k019,166,9,-145,12,1
k019,166,10,-145,12,30
k019,166,11,-144,1,29
k019,166,12,-144,2,27
k019,167,1,-144,3,28
k019,167,2,-144,4,26
k019,167,3,-144,5,25
k019,167,4,-144,6,24
k019,167,5,-144,7,24
k019,167,6,-144,8,23
k019,167,7,-144,9,21
k019,167,8,-144,10,21
k019,167,9,-144,11,19
k019,167,10,-144,12,19
k019,167,11,-143,1,17
k019,167,12,-143,2,16
k019,167,12.5,-143,3,17
k019,168,1,-143,4,16
k019,168,2,-143,5,15
k019,168,3,-143,6,13
k019,168,4,-143,7,13
k019,168,5,-143,8,12
k019,168,6,-143,9,10
k019,168,7,-143,10,10
k019,168,8,-143,11,8
k019,168,9,-143,12,8
k019,168,10,-142,1,7
k019,168,11,-142,2,6
k019,168,12,-142,3,7
k019,169,1,-142,4,5
k019,169,2,-142,5,5
k019,169,3,-142,6,3
k019,169,4,-142,7,2
k019,169,5,-142,8,1
k019,169,6,-142,8,30
k019,169,7,-142,9,29
k019,169,8,-142,10,28
k019,169,9,-142,11,27
k019,169,10,-142,12,27
k019,169,11,-141,1,26
k019,169,12,-141,2,24
k019,170,1,-141,3,26
k019,170,2,-141,4,24
k019,170,3,-141,5,24
k019,170,4,-141,6,22
k019,170,5,-141,7,21
k019,170,6,-141,8,20
k019,170,6.5,-141,9,18
k019,170,7,-141,10,18
k019,170,8,-141,11,16
k019,170,9,-141,12,16
k019,170,10,-140,1,15
k019,170,11,-140,2,14
k019,170,12,-140,3,14
k019,171,1,-140,4,13
k019,171,2,-140,5,12
k019,171,3,-140,6,11
k019,171,4,-140,7,10
k019,171,5,-140,8,8
k019,171,6,-140,9,7
k019,171,7,-140,10,6
k019,171,8,-140,11,5
k019,171,9,-140,12,4
k019,171,10,-139,1,3
k019,171,11,-139,2,2
k019,171,12,-139,3,3
k019,172,1,-139,4,2
k019,172,2,-139,5,2
k019,172,3,-139,5,31
k019,172,4,-139,6,30
k019,172,5,-139,7,29
k019,172,6,-139,8,27
k019,172,7,-139,9,26
k019,172,8,-139,10,25
k019,172,9,-139,11,24
k019,172,10,-139,12,23
k019,172,11,-138,1,22
k019,172,12,-138,2,20
k019,172,12.5,-138,3,22
k019,173,1,-138,4,21
k019,173,2,-138,5,20
k019,173,3,-138,6,19
k019,173,4,-138,7,18
k019,173,5,-138,8,17
k019,173,6,-138,9,15
k019,173,7,-138,10,15
k019,173,8,-138,11,13
k019,173,9,-138,12,13
k019,173,10,-137,1,11
k019,173,11,-137,2,10
k019,173,12,-137,3,11
k019,174,1,-137,4,10
k019,174,2,-137,5,9
k019,174,3,-137,6,8
k019,174,4,-137,7,8
k019,174,5,-137,8,6
k019,174,6,-137,9,5
k019,174,7,-137,10,5
k019,174,8,-137,11,3
k019,174,9,-137,12,3
k019,174,10,-136,1,1
k019,174,11,-136,1,30
k019,174,12,-136,2,29
k019,175,1,-136,3,29
k019,175,2,-136,4,27
k019,175,3,-136,5,27
k019,175,4,-136,6,26
k019,175,5,-136,7,25
k019,175,6,-136,8,24
k019,175,7,-136,9,23
k019,175,8,-136,10,23
k019,175,9,-136,11,21
k019,175,10,-136,12,20
k019,175,11,-135,1,19
k019,175,12,-135,2,17
k019,175,12.5,-135,3,19
k019,176,1,-135,4,17
k019,176,2,-135,5,16
k019,176,3,-135,6,15
k019,176,4,-135,7,14
k019,176,5,-135,8,13
k019,176,6,-135,9,12
k019,176,7,-135,10,12
k019,176,8,-135,11,11
k019,176,9,-135,12,10
k019,176,10,-134,1,9
k019,176,11,-134,2,7
k019,176,12,-134,3,8
k019,177,1,-134,4,7
k019,177,2,-134,5,6
k019,177,3,-134,6,4
k019,177,4,-134,7,4
k019,177,5,-134,8,2
k019,177,6,-134,9,1
k019,177,7,-134,10,1
k019,177,8,-134,10,31
k019,177,9,-134,11,30
k019,177,10,-134,12,29
k019,177,11,-133,1,27
k019,177,12,-133,2,26
k019,178,1,-133,3,27
k019,178,2,-133,4,25
k019,178,3,-133,5,25
k019,178,4,-133,6,23
k019,178,5,-133,7,23
k019,178,6,-133,8,21
k019,178,7,-133,9,20
k019,178,8,-133,10,20
k019,178,9,-133,11,19
k019,178,10,-133,12,18
k019,178,11,-132,1,17
k019,178,12,-132,2,15
k019,178,12.5,-132,3,16
k019,179,1,-132,4,14
k019,179,2,-132,5,14
k019,179,3,-132,6,12
k019,179,4,-132,7,11
k019,179,5,-132,8,10
k019,179,6,-132,9,8
k019,179,7,-132,10,8
k019,179,8,-132,11,7
k019,179,9,-132,12,6
k019,179,10,-131,1,5
k019,179,11,-131,2,3
k019,179,12,-131,3,5
k019,180,1,-131,4,4
k019,180,2,-131,5,3
k019,180,3,-131,6,2
k019,180,4,-131,7,1
k019,180,5,-131,7,31
k019,180,6,-131,8,29
k019,180,7,-131,9,28
k019,180,8,-131,10,27
k019,180,9,-131,11,25
k019,180,10,-131,12,25
k019,180,11,-130,1,23
k019,180,12,-130,2,22
k019,180,12.5,-130,3,24
k019,181,1,-130,4,22
k019,181,2,-130,5,22
k019,181,3,-130,6,21
k019,181,4,-130,7,20
k019,181,5,-130,8,19
k019,181,6,-130,9,17
k019,181,7,-130,10,17
k019,181,8,-130,11,15
k019,181,9,-130,12,14
k019,181,10,-129,1,13
k019,181,11,-129,2,11
k019,181,12,-129,3,13
k019,182,1,-129,4,11
k019,182,2,-129,5,11
k019,182,3,-129,6,10
k019,182,4,-129,7,10
k019,182,5,-129,8,8
k019,182,6,-129,9,7
k019,182,7,-129,10,6
k019,182,8,-129,11,5
k019,182,9,-129,12,4
k019,182,10,-128,1,2
k019,182,11,-128,1,31
k019,182,12,-128,3,1
k019,183,1,-128,3,31
k019,183,2,-128,4,29
k019,183,3,-128,5,29
k019,183,4,-128,6,28
k019,183,5,-128,7,27
k019,183,6,-128,8,26
k019,183,7,-128,9,25
k019,183,8,-128,10,24
k019,183,9,-128,11,22
k019,183,10,-128,12,22
k019,183,11,-127,1,20
k019,183,12,-127,2,18
k019,183,12.5,-127,3,20
k019,184,1,-127,4,18
k019,184,2,-127,5,18
k019,184,3,-127,6,17
k019,184,4,-127,7,16
k019,184,5,-127,8,15
k019,184,6,-127,9,14
k019,184,7,-127,10,13
k019,184,8,-127,11,12
k019,184,9,-127,12,11
k019,184,10,-126,1,10
k019,184,11,-126,2,8
k019,184,12,-126,3,10
k019,185,1,-126,4,8
k019,185,2,-126,5,7
k019,185,3,-126,6,6
k019,185,4,-126,7,5
k019,185,5,-126,8,4
k019,185,6,-126,9,3
k019,185,7,-126,10,3
k019,185,8,-126,11,1
k019,185,9,-126,12,1
k019,185,10,-126,12,30
k019,185,11,-125,1,29
k019,185,12,-125,2,27
k019,186,1,-125,3,29
k019,186,2,-125,4,27
k019,186,3,-125,5,26
k019,186,4,-125,6,25
k019,186,5,-125,7,24
k019,186,6,-125,8,23
k019,186,7,-125,9,21
k019,186,8,-125,10,21
k019,186,9,-125,11,20
k019,186,10,-125,12,20
k019,186,11,-124,1,18
k019,186,12,-124,2,17
k019,186,12.5,-124,3,17
k019,187,1,-124,4,16
k019,187,2,-124,5,15
k019,187,3,-124,6,13
k019,187,4,-124,7,13
k019,187,5,-124,8,11
k019,187,6,-124,9,10
k019,187,7,-124,10,9
k019,187,8,-124,11,8
k019,187,9,-124,12,8
k019,187,10,-123,1,6
k019,187,11,-123,2,5
k019,187,12,-123,3,7
k019,188,1,-123,4,5
k019,188,2,-123,5,5
k019,188,3,-123,6,3
k019,188,4,-123,7,2
k019,188,5,-123,8,1
k019,188,6,-123,8,30
k019,188,7,-123,9,28
k019,188,8,-123,10,28
k019,188,9,-123,11,27
k019,188,10,-123,12,26
k019,188,11,-122,1,25
k019,188,12,-122,2,24
k019,189,1,-122,3,26
k019,189,2,-122,4,24
k019,189,3,-122,5,24
k019,189,4,-122,6,22
k019,189,5,-122,7,21
k019,189,6,-122,8,20
k019,189,6.5,-122,9,18
k019,189,7,-122,10,17
k019,189,8,-122,11,16
k019,189,9,-122,12,16
k019,189,10,-121,1,14
k019,189,11,-121,2,13
k019,189,12,-121,3,15
k019,190,1,-121,4,13
k019,190,2,-121,5,13
k019,190,3,-121,6,11
k019,190,4,-121,7,11
k019,190,5,-121,8,9
k019,190,6,-121,9,8
k019,190,7,-121,10,7
k019,190,8,-121,11,6
k019,190,9,-121,12,5
k019,190,10,-120,1,4
k019,190,11,-120,2,2
k019,190,12,-120,3,3
k019,191,1,-120,4,1
k019,191,2,-120,5,1
k019,191,3,-120,5,31
k019,191,4,-120,6,29
k019,191,5,-120,7,29
k019,191,6,-120,8,27
k019,191,7,-120,9,26
k019,191,8,-120,10,25
k019,191,9,-120,11,24
k019,191,10,-120,12,23
k019,191,11,-119,1,22
k019,191,12,-119,2,20
k019,191,12.5,-119,3,21
k019,192,1,-119,4,20
k019,192,2,-119,5,20
k019,192,3,-119,6,18
k019,192,4,-119,7,18
k019,192,5,-119,8,16
k019,192,6,-119,9,15
k019,192,7,-119,10,15
k019,192,8,-119,11,13
k019,192,9,-119,12,13
k019,192,10,-118,1,11
k019,192,11,-118,2,10
k019,192,12,-118,3,11
k019,193,1,-118,4,9
k019,193,2,-118,5,9
k019,193,3,-118,6,7
k019,193,4,-118,7,7
k019,193,5,-118,8,5
k019,193,6,-118,9,4
k019,193,7,-118,10,4
k019,193,8,-118,11,3
k019,193,9,-118,12,3
k019,193,10,-117,1,1
k019,193,11,-117,1,30
k019,193,12,-117,3,1
k019,194,1,-117,3,30
k019,194,2,-117,4,28
k019,194,3,-117,5,28
k019,194,4,-117,6,26
k019,194,5,-117,7,26
k019,194,6,-117,8,24
k019,194,7,-117,9,23
k019,194,8,-117,10,23
k019,194,9,-117,11,22
k019,194,10,-117,12,22
k019,194,11,-116,1,20
k019,194,12,-116,2,18
k019,194,12.5,-116,3,19
k019,195,1,-116,4,17
k019,195,2,-116,5,16
k019,195,3,-116,6,14
k019,195,4,-116,7,14
k019,195,5,-116,8,12
k019,195,6,-116,9,11
k019,195,7,-116,10,11
k019,195,8,-116,11,10
k019,195,9,-116,12,10
k019,195,10,-115,1,8
k019,195,11,-115,2,7
k019,195,12,-115,3,8
k019,196,1,-115,4,7
k019,196,2,-115,5,6
k019,196,3,-115,6,4
k019,196,4,-115,7,3
k019,196,5,-115,8,2
k019,196,6,-115,9,1
k019,196,7,-115,9,30
k019,196,8,-115,10,30
k019,196,9,-115,11,29
k019,196,10,-115,12,28
k019,196,11,-114,1,27
k019,196,12,-114,2,26
k019,197,1,-114,3,27
k019,197,2,-114,4,26
k019,197,3,-114,5,25
k019,197,4,-114,6,23
k019,197,5,-114,7,23
k019,197,6,-114,8,21
k019,197,7,-114,9,20
k019,197,8,-114,10,19
k019,197,9,-114,11,18
k019,197,10,-114,12,17
k019,197,11,-113,1,16
k019,197,12,-113,2,15
k019,197,12.5,-113,3,16
k019,198,1,-113,4,15
k019,198,2,-113,5,14
k019,198,3,-113,6,13
k019,198,4,-113,7,12
k019,198,5,-113,8,11
k019,198,6,-113,9,9
k019,198,7,-113,10,9
k019,198,8,-113,11,7
k019,198,9,-113,12,7
k019,198,10,-112,1,5
k019,198,11,-112,2,4
k019,198,12,-112,3,4
k019,199,1,-112,4,3
k019,199,2,-112,5,2
k019,199,3,-112,6,1
k019,199,4,-112,7,1
k019,199,5,-112,7,30
k019,199,6,-112,8,29
k019,199,7,-112,9,28
k019,199,8,-112,10,27
k019,199,9,-112,11,25
k019,199,10,-112,12,24
k019,199,11,-111,1,23
k019,199,12,-111,2,21
k019,199,12.5,-111,3,23
k019,200,1,-111,4,22
k019,200,2,-111,5,21
k019,200,3,-111,6,20
k019,200,4,-111,7,20
k019,200,5,-111,8,19
k019,200,6,-111,9,17
k019,200,7,-111,10,17
k019,200,8,-111,11,15
k019,200,9,-111,12,14
k019,200,10,-110,1,12
k019,200,11,-110,2,11
k019,200,12,-110,3,12
k019,201,1,-110,4,11
k019,201,2,-110,5,10
k019,201,3,-110,6,9
k019,201,4,-110,7,9
k019,201,5,-110,8,8
k019,201,6,-110,9,7
k019,201,7,-110,10,6
k019,201,8,-110,11,5
k019,201,9,-110,12,4
k019,201,10,-109,1,2
k019,201,11,-109,2,1
k019,201,12,-109,3,2
k019,202,1,-109,3,31
k019,202,2,-109,4,30
k019,202,3,-109,5,29
k019,202,4,-109,6,28
k019,202,5,-109,7,28
k019,202,6,-109,8,27
k019,202,7,-109,9,25
k019,202,8,-109,10,25
k019,202,9,-109,11,23
k019,202,10,-109,12,23
k019,202,11,-108,1,21
k019,202,12,-108,2,19
k019,202,12.5,-108,3,20
k019,203,1,-108,4,18
k019,203,2,-108,5,18
k019,203,3,-108,6,16
k019,203,4,-108,7,16
k019,203,5,-108,8,15
k019,203,6,-108,9,13
k019,203,7,-108,10,13
k019,203,8,-108,11,11
k019,203,9,-108,12,11
k019,203,10,-107,1,10
k019,203,11,-107,2,8
k019,203,12,-107,3,10
k019,204,1,-107,4,8
k019,204,2,-107,5,7
k019,204,3,-107,6,6
k019,204,4,-107,7,5
k019,204,5,-107,8,4
k019,204,6,-107,9,2
k019,204,7,-107,10,2
k019,204,8,-107,10,31
k019,204,9,-107,11,30
k019,204,10,-107,12,30
k019,204,11,-106,1,29
k019,204,12,-106,2,27
k019,205,1,-106,3,29
k019,205,2,-106,4,27
k019,205,3,-106,5,26
k019,205,4,-106,6,25
k019,205,5,-106,7,24
k019,205,6,-106,8,23
k019,205,7,-106,9,21
k019,205,8,-106,10,20
k019,205,9,-106,11,19
k019,205,10,-106,12,19
k019,205,11,-105,1,18
k019,205,12,-105,2,16
k019,205,12.5,-105,3,18
k019,206,1,-105,4,17
k019,206,2,-105,5,16
k019,206,3,-105,6,14
k019,206,4,-105,7,14
k019,206,5,-105,8,12
k019,206,6,-105,9,10
k019,206,7,-105,10,10
k019,206,8,-105,11,8
k019,206,9,-105,12,8
k019,206,10,-104,1,7
k019,206,11,-104,2,5
k019,206,12,-104,3,6
k019,207,1,-104,4,5
k019,207,2,-104,5,4
k019,207,3,-104,6,3
k019,207,4,-104,7,2
k019,207,5,-104,8,1
k019,207,6,-104,8,30
k019,207,7,-104,9,28
k019,207,8,-104,10,28
k019,207,9,-104,11,26
k019,207,10,-104,12,26
k019,207,11,-103,1,24
k019,207,12,-103,2,23
k019,208,1,-103,3,25
k019,208,2,-103,4,24
k019,208,3,-103,5,23
k019,208,4,-103,6,22
k019,208,5,-103,7,21
k019,208,6,-103,8,20
k019,208,6.5,-103,9,18
k019,208,7,-103,10,17
k019,208,8,-103,11,16
k019,208,9,-103,12,15
k019,208,10,-102,1,14
k019,208,11,-102,2,12
k019,208,12,-102,3,14
k019,209,1,-102,4,13
k019,209,2,-102,5,12
k019,209,3,-102,6,11
k019,209,4,-102,7,10
k019,209,5,-102,8,9
k019,209,6,-102,9,8
k019,209,7,-102,10,7
k019,209,8,-102,11,6
k019,209,9,-102,12,5
k019,209,10,-101,1,4
k019,209,11,-101,2,2
k019,209,12,-101,3,3
k019,210,1,-101,4,2
k019,210,2,-101,5,1
k019,210,3,-101,5,31
k019,210,4,-101,6,29
k019,210,5,-101,7,29
k019,210,6,-101,8,28
k019,210,7,-101,9,27
k019,210,8,-101,10,26
k019,210,9,-101,11,25
k019,210,10,-101,12,24
k019,210,11,-100,1,23
k019,210,12,-100,2,21
k019,210,12.5,-100,3,21
k019,211,1,-100,4,20
k019,211,2,-100,5,19
k019,211,3,-100,6,18
k019,211,4,-100,7,17
k019,211,5,-100,8,16
k019,211,6,-100,9,15
k019,211,7,-100,10,15
k019,211,8,-100,11,13
k019,211,9,-100,12,13
k019,211,10,-99,1,11
k019,211,11,-99,2,10
k019,211,12,-99,3,11
k019,212,1,-99,4,9
k019,212,2,-99,5,9
k019,212,3,-99,6,7
k019,212,4,-99,7,6
k019,212,5,-99,8,5
k019,212,6,-99,9,4
k019,212,7,-99,10,4
k019,212,8,-99,11,3
k019,212,9,-99,12,2
k019,212,10,-98,1,1
k019,212,11,-98,1,30
k019,212,12,-98,3,1
k019,213,1,-98,3,30
k019,213,2,-98,4,28
k019,213,3,-98,5,27
k019,213,4,-98,6,26
k019,213,5,-98,7,25
k019,213,6,-98,8,24
k019,213,7,-98,9,23
k019,213,8,-98,10,23
k019,213,9,-98,11,21
k019,213,10,-98,12,21
k019,213,11,-97,1,20
k019,213,12,-97,2,18
k019,213,12.5,-97,3,20
k019,214,1,-97,4,18
k019,214,2,-97,5,17
k019,214,3,-97,6,15
k019,214,4,-97,7,15
k019,214,5,-97,8,14
k019,214,6,-97,9,12
k019,214,7,-97,10,12
k019,214,8,-97,11,10
k019,214,9,-97,12,10
k019,214,10,-96,1,9
k019,214,11,-96,2,7
k019,214,12,-96,3,8
k019,215,1,-96,4,6
k019,215,2,-96,5,6
k019,215,3,-96,6,4
k019,215,4,-96,7,3
k019,215,5,-96,8,2
k019,215,6,-96,8,31
k019,215,7,-96,9,30
k019,215,8,-96,10,30
k019,215,9,-96,11,28
k019,215,10,-96,12,28
k019,215,11,-95,1,26
k019,215,12,-95,2,25
k019,216,1,-95,3,27
k019,216,2,-95,4,25
k019,216,3,-95,5,25
k019,216,4,-95,6,23
k019,216,5,-95,7,23
k019,216,6,-95,8,21
k019,216,7,-95,9,20
k019,216,8,-95,10,19
k019,216,9,-95,11,18
k019,216,10,-95,12,17
k019,216,11,-94,1,15
k019,216,12,-94,2,14
k019,216,12.5,-94,3,16
k019,217,1,-94,4,14
k019,217,2,-94,5,14
k019,217,3,-94,6,13
k019,217,4,-94,7,12
k019,217,5,-94,8,11
k019,217,6,-94,9,9
k019,217,7,-94,10,9
k019,217,8,-94,11,7
k019,217,9,-94,12,6
k019,217,10,-93,1,5
k019,217,11,-93,2,3
k019,217,12,-93,3,5
k019,218,1,-93,4,3
k019,218,2,-93,5,3
k019,218,3,-93,6,2
k019,218,4,-93,7,1
k019,218,5,-93,7,31
k019,218,6,-93,8,30
k019,218,7,-93,9,29
k019,218,8,-93,10,28
k019,218,9,-93,11,26
k019,218,10,-93,12,25
k019,218,11,-92,1,24
k019,218,12,-92,2,22
k019,218,12.5,-92,3,23
k019,219,1,-92,4,21
k019,219,2,-92,5,21
k019,219,3,-92,6,19
k019,219,4,-92,7,19
k019,219,5,-92,8,18
k019,219,6,-92,9,17
k019,219,7,-92,10,16
k019,219,8,-92,11,15
k019,219,9,-92,12,14
k019,219,10,-91,1,12
k019,219,11,-91,2,11
k019,219,12,-91,3,12
k019,220,1,-91,4,11
k019,220,2,-91,5,10
k019,220,3,-91,6,9
k019,220,4,-91,7,8
k019,220,5,-91,8,7
k019,220,6,-91,9,6
k019,220,7,-91,10,6
k019,220,8,-91,11,4
k019,220,9,-91,12,4
k019,220,10,-90,1,2
k019,220,11,-90,1,31
k019,220,12,-90,3,2
k019,221,1,-90,3,31
k019,221,2,-90,4,30
k019,221,3,-90,5,29
k019,221,4,-90,6,28
k019,221,5,-90,7,27
k019,221,6,-90,8,26
k019,221,7,-90,9,25
k019,221,8,-90,10,24
k019,221,9,-90,11,23
k019,221,10,-90,12,22
k019,221,11,-89,1,21
k019,221,12,-89,2,19
k019,221,12.5,-89,3,21
k019,222,1,-89,4,19
k019,222,2,-89,5,19
k019,222,3,-89,6,17
k019,222,4,-89,7,16
k019,222,5,-89,8,15
k019,222,6,-89,9,14
k019,222,7,-89,10,13
k019,222,8,-89,11,12
k019,222,9,-89,12,11
k019,222,10,-88,1,10
k019,222,11,-88,2,9
k019,222,12,-88,3,9
k019,223,1,-88,4,8
k019,223,2,-88,5,7
k019,223,3,-88,6,6
k019,223,4,-88,7,5
k019,223,5,-88,8,3
k019,223,6,-88,9,2
k019,223,7,-88,10,1
k019,223,8,-88,10,31
k019,223,9,-88,11,29
k019,223,10,-88,12,29
k019,223,11,-87,1,28
k019,223,12,-87,2,27
k019,224,1,-87,3,28
k019,224,2,-87,4,27
k019,224,3,-87,5,26
k019,224,4,-87,6,25
k019,224,5,-87,7,24
k019,224,6,-87,8,22
k019,224,7,-87,9,21
k019,224,8,-87,10,20
k019,224,9,-87,11,19
k019,224,10,-87,12,18
k019,224,11,-86,1,17
k019,224,12,-86,2,16
k019,224,12.5,-86,3,17
k019,225,1,-86,4,16
k019,225,2,-86,5,16
k019,225,3,-86,6,14
k019,225,4,-86,7,14
k019,225,5,-86,8,12
k019,225,6,-86,9,10
k019,225,7,-86,10,10
k019,225,8,-86,11,8
k019,225,9,-86,12,8
k019,225,10,-85,1,6
k019,225,11,-85,2,5
k019,225,12,-85,3,7
k019,226,1,-85,4,5
k019,226,2,-85,5,5
k019,226,3,-85,6,4
k019,226,4,-85,7,3
k019,226,5,-85,8,2
k019,226,6,-85,8,31
k019,226,7,-85,9,29
k019,226,8,-85,10,29
k019,226,9,-85,11,27
k019,226,10,-85,12,27
k019,226,11,-84,1,25
k019,226,12,-84,2,24
k019,227,1,-84,3,24
k019,227,2,-84,4,23
k019,227,3,-84,5,23
k019,227,4,-84,6,21
k019,227,5,-84,7,21
k019,227,6,-84,8,19
k019,227,6.5,-84,9,18
k019,227,7,-84,10,17
k019,227,8,-84,11,16
k019,227,9,-84,12,15
k019,227,10,-83,1,14
k019,227,11,-83,2,12
k019,227,12,-83,3,14
k019,228,1,-83,4,12
k019,228,2,-83,5,12
k019,228,3,-83,6,10
k019,228,4,-83,7,10
k019,228,5,-83,8,9
k019,228,6,-83,9,7
k019,228,7,-83,10,7
k019,228,8,-83,11,6
k019,228,9,-83,12,5
k019,228,10,-82,1,4
k019,228,11,-82,2,2
k019,228,12,-82,3,3
k019,229,1,-82,4,2
k019,229,2,-82,5,1
k019,229,3,-82,5,30
k019,229,4,-82,6,29
k019,229,5,-82,7,28
k019,229,6,-82,8,27
k019,229,7,-82,9,26
k019,229,8,-82,10,26
k019,229,9,-82,11,25
k019,229,10,-82,12,24
k019,229,11,-81,1,23
k019,229,12,-81,2,21
k019,229,12.5,-81,3,22
k019,230,1,-81,4,21
k019,230,2,-81,5,20
k019,230,3,-81,6,18
k019,230,4,-81,7,18
k019,230,5,-81,8,16
k019,230,6,-81,9,15
k019,230,7,-81,10,15
k019,230,8,-81,11,14
k019,230,9,-81,12,14
k019,230,10,-80,1,12
k019,230,11,-80,2,11
k019,230,12,-80,3,11
k019,231,1,-80,4,9
k019,231,2,-80,5,9
k019,231,3,-80,6,7
k019,231,4,-80,7,6
k019,231,5,-80,8,5
k019,231,6,-80,9,3
k019,231,7,-80,10,3
k019,231,8,-80,11,2
k019,231,9,-80,12,2
k019,231,10,-80,12,31
k019,231,11,-79,1,30
k019,231,12,-79,2,28
k019,232,1,-79,3,30
k019,232,2,-79,4,28
k019,232,3,-79,5,27
k019,232,4,-79,6,26
k019,232,5,-79,7,25
k019,232,6,-79,8,24
k019,232,7,-79,9,22
k019,232,8,-79,10,22
k019,232,9,-79,11,21
k019,232,10,-79,12,20
k019,232,11,-78,1,19
k019,232,12,-78,2,18
k019,232,12.5,-78,3,19
k019,233,1,-78,4,18
k019,233,2,-78,5,17
k019,233,3,-78,6,15
k019,233,4,-78,7,15
k019,233,5,-78,8,13
k019,233,6,-78,9,12
k019,233,7,-78,10,12
k019,233,8,-78,11,10
k019,233,9,-78,12,10
k019,233,10,-77,1,8
k019,233,11,-77,2,7
k019,233,12,-77,3,8
k019,234,1,-77,4,7
k019,234,2,-77,5,6
k019,234,3,-77,6,5
k019,234,4,-77,7,4
k019,234,5,-77,8,3
k019,234,6,-77,9,2
k019,234,7,-77,10,1
k019,234,8,-77,10,31
k019,234,9,-77,11,29
k019,234,10,-77,12,28
k019,234,11,-76,1,27
k019,234,12,-76,2,25
k019,235,1,-76,3,26
k019,235,2,-76,4,25
k019,235,3,-76,5,24
k019,235,4,-76,6,23
k019,235,5,-76,7,22
k019,235,6,-76,8,21
k019,235,7,-76,9,20
k019,235,8,-76,10,19
k019,235,9,-76,11,18
k019,235,10,-76,12,17
k019,235,11,-75,1,15
k019,235,12,-75,2,14
k019,235,12.5,-75,3,15
k019,236,1,-75,4,14
k019,236,2,-75,5,13
k019,236,3,-75,6,12
k019,236,4,-75,7,12
k019,236,5,-75,8,11
k019,236,6,-75,9,9
k019,236,7,-75,10,9
k019,236,8,-75,11,7
k019,236,9,-75,12,6
k019,236,10,-74,1,5
k019,236,11,-74,2,3
k019,236,12,-74,3,4
k019,237,1,-74,4,3
k019,237,2,-74,5,2
k019,237,3,-74,6,1
k019,237,4,-74,7,1
k019,237,5,-74,7,31
k019,237,6,-74,8,29
k019,237,7,-74,9,28
k019,237,8,-74,10,28
k019,237,9,-74,11,26
k019,237,10,-74,12,25
k019,237,11,-73,1,24
k019,237,12,-73,2,22
k019,237,12.5,-73,3,23
k019,238,1,-73,4,22
k019,238,2,-73,5,21
k019,238,3,-73,6,20
k019,238,4,-73,7,20
k019,238,5,-73,8,18
k019,238,6,-73,9,17
k019,238,7,-73,10,17
k019,238,8,-73,11,15
k019,238,9,-73,12,15
k019,238,10,-72,1,13
k019,238,11,-72,2,12
k019,238,12,-72,3,12
k019,239,1,-72,4,11
k019,239,2,-72,5,10
k019,239,3,-72,6,8
k019,239,4,-72,7,8
k019,239,5,-72,8,7
k019,239,6,-72,9,5
k019,239,7,-72,10,5
k019,239,8,-72,11,4
k019,239,9,-72,12,3
k019,239,10,-71,1,2
k019,239,11,-71,1,31
k019,239,12,-71,3,2
k019,240,1,-71,3,31
k019,240,2,-71,4,30
k019,240,3,-71,5,29
k019,240,4,-71,6,27
k019,240,5,-71,7,27
k019,240,6,-71,8,25
k019,240,7,-71,9,24
k019,240,8,-71,10,23
k019,240,9,-71,11,22
k019,240,10,-71,12,22
k019,240,11,-70,1,20
k019,240,12,-70,2,19
k019,240,12.5,-70,3,21
k019,241,1,-70,4,19
k019,241,2,-70,5,19
k019,241,3,-70,6,17
k019,241,4,-70,7,16
k019,241,5,-70,8,15
k019,241,6,-70,9,13
k019,241,7,-70,10,13
k019,241,8,-70,11,11
k019,241,9,-70,12,11
k019,241,10,-69,1,9
k019,241,11,-69,2,8
k019,241,12,-69,3,10
k019,242,1,-69,4,9
k019,242,2,-69,5,8
k019,242,3,-69,6,7
k019,242,4,-69,7,6
k019,242,5,-69,8,4
k019,242,6,-69,9,3
k019,242,7,-69,10,2
k019,242,8,-69,10,31
k019,242,9,-69,11,30
k019,242,10,-69,12,30
k019,242,11,-68,1,28
k019,242,12,-68,2,27
k019,243,1,-68,3,28
k019,243,2,-68,4,26
k019,243,3,-68,5,26
k019,243,4,-68,6,25
k019,243,5,-68,7,24
k019,243,6,-68,8,22
k019,243,7,-68,9,21
k019,243,8,-68,10,20
k019,243,9,-68,11,18
k019,243,10,-68,12,18
k019,243,11,-67,1,16
k019,243,12,-67,2,15
k019,243,12.5,-67,3,17
k019,244,1,-67,4,15
k019,244,2,-67,5,15
k019,244,3,-67,6,14
k019,244,4,-67,7,13
k019,244,5,-67,8,12
k019,244,6,-67,9,10
k019,244,7,-67,10,10
k019,244,8,-67,11,8
k019,244,9,-67,12,8
k019,244,10,-66,1,6
k019,244,11,-66,2,5
k019,244,12,-66,3,6
k019,245,1,-66,4,5
k019,245,2,-66,5,4
k019,245,3,-66,6,3
k019,245,4,-66,7,3
k019,245,5,-66,8,1
k019,245,6,-66,8,31
k019,245,7,-66,9,29
k019,245,8,-66,10,29
k019,245,9,-66,11,27
k019,245,10,-66,12,27
k019,245,11,-65,1,25
k019,245,12,-65,2,24
k019,246,1,-65,3,25
k019,246,2,-65,4,23
k019,246,3,-65,5,23
k019,246,4,-65,6,21
k019,246,5,-65,7,21
k019,246,6,-65,8,20
k019,246,6.5,-65,9,18
k019,246,7,-65,10,18
k019,246,8,-65,11,17
k019,246,9,-65,12,16
k019,246,10,-64,1,15
k019,246,11,-64,2,13
k019,246,12,-64,3,14
k019,247,1,-64,4,12
k019,247,2,-64,5,11
k019,247,3,-64,6,10
k019,247,4,-64,7,9
k019,247,5,-64,8,8
k019,247,6,-64,9,6
k019,247,7,-64,10,6
k019,247,8,-64,11,5
k019,247,9,-64,12,5
k019,247,10,-63,1,4
k019,247,11,-63,2,2
k019,247,12,-63,3,3
k019,248,1,-63,4,2
k019,248,2,-63,5,1
k019,248,3,-63,5,30
k019,248,4,-63,6,28
k019,248,5,-63,7,28
k019,248,6,-63,8,27
k019,248,7,-63,9,25
k019,248,8,-63,10,25
k019,248,9,-63,11,24
k019,248,10,-63,12,24
k019,248,11,-62,1,22
k019,248,12,-62,2,21
k019,248,12.5,-62,3,22
k019,249,1,-62,4,21
k019,249,2,-62,5,20
k019,249,3,-62,6,18
k019,249,4,-62,7,17
k019,249,5,-62,8,16
k019,249,6,-62,9,15
k019,249,7,-62,10,14
k019,249,8,-62,11,13
k019,249,9,-62,12,13
k019,249,10,-61,1,12
k019,249,11,-61,2,10
k019,249,12,-61,3,12
k019,250,1,-61,4,10
k019,250,2,-61,5,10
k019,250,3,-61,6,8
k019,250,4,-61,7,7
k019,250,5,-61,8,5
k019,250,6,-61,9,4
k019,250,7,-61,10,4
k019,250,8,-61,11,2
k019,250,9,-61,12,2
k019,250,10,-60,1,1
k019,250,11,-60,1,30
k019,250,12,-60,2,28
k019,251,1,-60,3,29
k019,251,2,-60,4,28
k019,251,3,-60,5,27
k019,251,4,-60,6,26
k019,251,5,-60,7,25
k019,251,6,-60,8,24
k019,251,7,-60,9,22
k019,251,8,-60,10,22
k019,251,9,-60,11,20
k019,251,10,-60,12,20
k019,251,11,-59,1,18
k019,251,12,-59,2,17
k019,251,12.5,-59,3,18
k019,252,1,-59,4,17
k019,252,2,-59,5,17
k019,252,3,-59,6,15
k019,252,4,-59,7,15
k019,252,5,-59,8,13
k019,252,6,-59,9,12
k019,252,7,-59,10,12
k019,252,8,-59,11,10
k019,252,9,-59,12,9
k019,252,10,-58,1,8
k019,252,11,-58,2,6
k019,252,12,-58,3,8
k019,253,1,-58,4,6
k019,253,2,-58,5,6
k019,253,3,-58,6,4
k019,253,4,-58,7,4
k019,253,5,-58,8,3
k019,253,6,-58,9,2
k019,253,7,-58,10,1
k019,253,8,-58,10,30
k019,253,9,-58,11,29
k019,253,10,-58,12,28
k019,253,11,-57,1,26
k019,253,12,-57,2,25
k019,254,1,-57,3,26
k019,254,2,-57,4,25
k019,254,3,-57,5,24
k019,254,4,-57,6,23
k019,254,5,-57,7,23
k019,254,6,-57,8,22
k019,254,7,-57,9,21
k019,254,8,-57,10,20
k019,254,9,-57,11,19
k019,254,10,-57,12,18
k019,254,11,-56,1,16
k019,254,12,-56,2,14
k019,254,12.5,-56,3,15
k019,255,1,-56,4,13
k019,255,2,-56,5,13
k019,255,3,-56,6,11
k019,255,4,-56,7,11
k019,255,5,-56,8,10
k019,255,6,-56,9,9
k019,255,7,-56,10,9
k019,255,8,-56,11,7
k019,255,9,-56,12,6
k019,255,10,-55,1,5
k019,255,11,-55,2,3
k019,255,12,-55,3,4
k019,256,1,-55,4,3
k019,256,2,-55,5,2
k019,256,3,-55,6,1
k019,256,4,-55,6,30
k019,256,5,-55,7,30
k019,256,6,-55,8,29
k019,256,7,-55,9,28
k019,256,8,-55,10,27
k019,256,9,-55,11,26
k019,256,10,-55,12,25
k019,256,11,-54,1,24
k019,256,12,-54,2,22
k019,256,12.5,-54,3,24
k019,257,1,-54,4,22
k019,257,2,-54,5,21
k019,257,3,-54,6,20
k019,257,4,-54,7,19
k019,257,5,-54,8,18
k019,257,6,-54,9,17
k019,257,7,-54,10,16
k019,257,8,-54,11,15
k019,257,9,-54,12,14
k019,257,10,-53,1,13
k019,257,11,-53,2,12
k019,257,12,-53,3,13
k019,258,1,-53,4,12
k019,258,2,-53,5,11
k019,258,3,-53,6,9
k019,258,4,-53,7,9
k019,258,5,-53,8,7
k019,258,6,-53,9,6
k019,258,7,-53,10,5
k019,258,8,-53,11,4
k019,258,9,-53,12,3
k019,258,10,-52,1,2
k019,258,11,-52,2,1
k019,258,12,-52,3,1
k019,259,1,-52,3,31
k019,259,2,-52,4,30
k019,259,3,-52,5,29
k019,259,4,-52,6,27
k019,259,5,-52,7,27
k019,259,6,-52,8,25
k019,259,7,-52,9,24
k019,259,8,-52,10,23
k019,259,9,-52,11,21
k019,259,10,-52,12,21
k019,259,11,-51,1,20
k019,259,12,-51,2,19
k019,259,12.5,-51,3,20
k019,260,1,-51,4,19
k019,260,2,-51,5,18
k019,260,3,-51,6,17
k019,260,4,-51,7,16
k019,260,5,-51,8,15
k019,260,6,-51,9,13
k019,260,7,-51,10,12
k019,260,8,-51,11,11
k019,260,9,-51,12,10
k019,260,10,-50,1,9
k019,260,11,-50,2,8
k019,260,12,-50,3,9
k019,261,1,-50,4,8
k019,261,2,-50,5,8
k019,261,3,-50,6,6
k019,261,4,-50,7,6
k019,261,5,-50,8,4
k019,261,6,-50,9,3
k019,261,7,-50,10,2
k019,261,8,-50,10,31
k019,261,9,-50,11,30
k019,261,10,-50,12,29
k019,261,11,-49,1,28
k019,261,12,-49,2,27
k019,262,1,-49,3,28
k019,262,2,-49,4,27
k019,262,3,-49,5,26
k019,262,4,-49,6,25
k019,262,5,-49,7,25
k019,262,6,-49,8,23
k019,262,7,-49,9,22
k019,262,8,-49,10,21
k019,262,9,-49,11,19
k019,262,10,-49,12,19
k019,262,11,-48,1,17
k019,262,12,-48,2,16
k019,262,12.5,-48,3,16
k019,263,1,-48,4,15
k019,263,2,-48,5,14
k019,263,3,-48,6,13
k019,263,4,-48,7,13
k019,263,5,-48,8,11
k019,263,6,-48,9,10
k019,263,7,-48,10,10
k019,263,8,-48,11,8
k019,263,9,-48,12,8
k019,263,10,-47,1,6
k019,263,11,-47,2,5
k019,263,12,-47,3,6
k019,264,1,-47,4,4
k019,264,2,-47,5,4
k019,264,3,-47,6,2
k019,264,4,-47,7,2
k019,264,5,-47,7,31
k019,264,6,-47,8,30
k019,264,7,-47,9,29
k019,264,8,-47,10,28
k019,264,9,-47,11,27
k019,264,10,-47,12,27
k019,264,11,-46,1,25
k019,264,12,-46,2,24
k019,265,1,-46,3,25
k019,265,2,-46,4,23
k019,265,3,-46,5,23
k019,265,4,-46,6,21
k019,265,5,-46,7,20
k019,265,6,-46,8,19
k019,265,6.5,-46,9,18
k019,265,7,-46,10,18
k019,265,8,-46,11,17
k019,265,9,-46,12,16
k019,265,10,-45,1,15
k019,265,11,-45,2,13
k019,265,12,-45,3,15
k019,266,1,-45,4,13
k019,266,2,-45,5,12
k019,266,3,-45,6,10
k019,266,4,-45,7,10
k019,266,5,-45,8,8
k019,266,6,-45,9,7
k019,266,7,-45,10,7
k019,266,8,-45,11,6
k019,266,9,-45,12,5
k019,266,10,-44,1,4
k019,266,11,-44,2,3
k019,266,12,-44,3,3
k019,267,1,-44,4,2
k019,267,2,-44,5,1
k019,267,3,-44,5,30
k019,267,4,-44,6,28
k019,267,5,-44,7,28
k019,267,6,-44,8,26
k019,267,7,-44,9,25
k019,267,8,-44,10,25
k019,267,9,-44,11,23
k019,267,10,-44,12,23
k019,267,11,-43,1,22
k019,267,12,-43,2,20
k019,267,12.5,-43,3,22
k019,268,1,-43,4,20
k019,268,2,-43,5,20
k019,268,3,-43,6,18
k019,268,4,-43,7,17
k019,268,5,-43,8,16
k019,268,6,-43,9,14
k019,268,7,-43,10,14
k019,268,8,-43,11,13
k019,268,9,-43,12,12
k019,268,10,-42,1,11
k019,268,11,-42,2,9
k019,268,12,-42,3,11
k019,269,1,-42,4,10
k019,269,2,-42,5,9
k019,269,3,-42,6,8
k019,269,4,-42,7,7
k019,269,5,-42,8,6
k019,269,6,-42,9,4
k019,269,7,-42,10,4
k019,269,8,-42,11,2
k019,269,9,-42,12,2
k019,269,10,-42,12,31
k019,269,11,-41,1,30
k019,269,12,-41,2,28
k019,270,1,-41,3,30
k019,270,2,-41,4,28
k019,270,3,-41,5,28
k019,270,4,-41,6,27
k019,270,5,-41,7,26
k019,270,6,-41,8,25
k019,270,7,-41,9,23
k019,270,8,-41,10,23
k019,270,9,-41,11,21
k019,270,10,-41,12,21
k019,270,11,-40,1,19
k019,270,12,-40,2,17
k019,270,12.5,-40,3,18
k019,271,1,-40,4,16
k019,271,2,-40,5,16
k019,271,3,-40,6,15
k019,271,4,-40,7,14
k019,271,5,-40,8,13
k019,271,6,-40,9,12
k019,271,7,-40,10,12
k019,271,8,-40,11,10
k019,271,9,-40,12,9
k019,271,10,-39,1,7
k019,271,11,-39,2,6
k019,271,12,-39,3,7
k019,272,1,-39,4,6
k019,272,2,-39,5,5
k019,272,3,-39,6,4
k019,272,4,-39,7,3
k019,272,5,-39,8,2
k019,272,6,-39,9,1
k019,272,7,-39,10,1
k019,272,8,-39,10,31
k019,272,9,-39,11,29
k019,272,10,-39,12,28
k019,272,11,-38,1,26
k019,272,12,-38,2,25
k019,273,1,-38,3,26
k019,273,2,-38,4,25
k019,273,3,-38,5,24
k019,273,4,-38,6,23
k019,273,5,-38,7,22
k019,273,6,-38,8,21
k019,273,7,-38,9,20
k019,273,8,-38,10,20
k019,273,9,-38,11,18
k019,273,10,-38,12,18
k019,273,11,-37,1,16
k019,273,12,-37,2,14
k019,273,12.5,-37,3,16
k019,274,1,-37,4,14
k019,274,2,-37,5,13
k019,274,3,-37,6,12
k019,274,4,-37,7,12
k019,274,5,-37,8,10
k019,274,6,-37,9,9
k019,274,7,-37,10,9
k019,274,8,-37,11,8
k019,274,9,-37,12,7
k019,274,10,-36,1,6
k019,274,11,-36,2,4
k019,274,12,-36,3,4
k019,275,1,-36,4,3
k019,275,2,-36,5,2
k019,275,3,-36,6,1
k019,275,4,-36,6,30
k019,275,5,-36,7,30
k019,275,6,-36,8,28
k019,275,7,-36,9,27
k019,275,8,-36,10,26
k019,275,9,-36,11,25
k019,275,10,-36,12,25
k019,275,11,-35,1,23
k019,275,12,-35,2,22
k019,275,12.5,-35,3,23
k019,276,1,-35,4,22
k019,276,2,-35,5,21
k019,276,3,-35,6,20
k019,276,4,-35,7,19
k019,276,5,-35,8,18
k019,276,6,-35,9,16
k019,276,7,-35,10,16
k019,276,8,-35,11,14
k019,276,9,-35,12,14
k019,276,10,-34,1,12
k019,276,11,-34,2,11
k019,276,12,-34,3,13
k019,277,1,-34,4,11
k019,277,2,-34,5,11
k019,277,3,-34,6,9
k019,277,4,-34,7,9
k019,277,5,-34,8,7
k019,277,6,-34,9,6
k019,277,7,-34,10,5
k019,277,8,-34,11,3
k019,277,9,-34,12,3
k019,277,10,-33,1,1
k019,277,11,-33,1,31
k019,277,12,-33,3,2
k019,278,1,-33,4,1
k019,278,2,-33,4,30
k019,278,3,-33,5,30
k019,278,4,-33,6,28
k019,278,5,-33,7,28
k019,278,6,-33,8,26
k019,278,7,-33,9,25
k019,278,8,-33,10,24
k019,278,9,-33,11,22
k019,278,10,-33,12,22
k019,278,11,-32,1,20
k019,278,12,-32,2,19
k019,278,12.5,-32,3,20
k019,279,1,-32,4,18
k019,279,2,-32,5,18
k019,279,3,-32,6,17
k019,279,4,-32,7,16
k019,279,5,-32,8,15
k019,279,6,-32,9,13
k019,279,7,-32,10,12
k019,279,8,-32,11,11
k019,279,9,-32,12,10
k019,279,10,-31,1,9
k019,279,11,-31,2,7
k019,279,12,-31,3,9
k019,280,1,-31,4,7
k019,280,2,-31,5,7
k019,280,3,-31,6,6
k019,280,4,-31,7,5
k019,280,5,-31,8,4
k019,280,6,-31,9,3
k019,280,7,-31,10,2
k019,280,8,-31,10,31
k019,280,9,-31,11,30
k019,280,10,-31,12,29
k019,280,11,-30,1,28
k019,280,12,-30,2,26
k019,281,1,-30,3,28
k019,281,2,-30,4,26
k019,281,3,-30,5,26
k019,281,4,-30,6,24
k019,281,5,-30,7,24
k019,281,6,-30,8,23
k019,281,7,-30,9,21
k019,281,8,-30,10,20
k019,281,9,-30,11,19
k019,281,10,-30,12,19
k019,281,11,-29,1,17
k019,281,12,-29,2,16
k019,281,12.5,-29,3,17
k019,282,1,-29,4,16
k019,282,2,-29,5,15
k019,282,3,-29,6,14
k019,282,4,-29,7,13
k019,282,5,-29,8,12
k019,282,6,-29,9,10
k019,282,7,-29,10,10
k019,282,8,-29,11,9
k019,282,9,-29,12,9
k019,282,10,-28,1,7
k019,282,11,-28,2,6
k019,282,12,-28,3,6
k019,283,1,-28,4,4
k019,283,2,-28,5,4
k019,283,3,-28,6,2
k019,283,4,-28,7,1
k019,283,5,-28,7,31
k019,283,6,-28,8,29
k019,283,7,-28,9,28
k019,283,8,-28,10,28
k019,283,9,-28,11,27
k019,283,10,-28,12,27
k019,283,11,-27,1,25
k019,283,12,-27,2,24
k019,284,1,-27,3,25
k019,284,2,-27,4,23
k019,284,3,-27,5,23
k019,284,4,-27,6,21
k019,284,5,-27,7,20
k019,284,6,-27,8,19
k019,284,6.5,-27,9,17
k019,284,7,-27,10,17
k019,284,8,-27,11,16
k019,284,9,-27,12,16
k019,284,10,-26,1,14
k019,284,11,-26,2,13
k019,284,12,-26,3,14
k019,285,1,-26,4,13
k019,285,2,-26,5,12
k019,285,3,-26,6,10
k019,285,4,-26,7,10
k019,285,5,-26,8,8
k019,285,6,-26,9,7
k019,285,7,-26,10,6
k019,285,8,-26,11,5
k019,285,9,-26,12,5
k019,285,10,-25,1,3
k019,285,11,-25,2,2
k019,285,12,-25,3,4
k019,286,1,-25,4,2
k019,286,2,-25,5,2
k019,286,3,-25,5,31
k019,286,4,-25,6,29
k019,286,5,-25,7,29
k019,286,6,-25,8,27
k019,286,7,-25,9,26
k019,286,8,-25,10,25
k019,286,9,-25,11,24
k019,286,10,-25,12,24
k019,286,11,-24,1,22
k019,286,12,-24,2,21
k019,286,12.5,-24,3,21
k019,287,1,-24,4,20
k019,287,2,-24,5,20
k019,287,3,-24,6,18
k019,287,4,-24,7,17
k019,287,5,-24,8,16
k019,287,6,-24,9,14
k019,287,7,-24,10,14
k019,287,8,-24,11,13
k019,287,9,-24,12,12
k019,287,10,-23,1,10
k019,287,11,-23,2,9
k019,287,12,-23,3,10
k019,288,1,-23,4,9
k019,288,2,-23,5,9
k019,288,3,-23,6,7
k019,288,4,-23,7,7
k019,288,5,-23,8,5
k019,288,6,-23,9,4
k019,288,7,-23,10,4
k019,288,8,-23,11,2
k019,288,9,-23,12,1
k019,288,10,-23,12,31
k019,288,11,-22,1,29
k019,288,12,-22,2,28
k019,289,1,-22,3,29
k019,289,2,-22,4,28
k019,289,3,-22,5,27
k019,289,4,-22,6,26
k019,289,5,-22,7,26
k019,289,6,-22,8,24
k019,289,7,-22,9,23
k019,289,8,-22,10,23
k019,289,9,-22,11,21
k019,289,10,-22,12,21
k019,289,11,-21,1,19
k019,289,12,-21,2,17
k019,289,12.5,-21,3,18
k019,290,1,-21,4,17
k019,290,2,-21,5,16
k019,290,3,-21,6,15
k019,290,4,-21,7,15
k019,290,5,-21,8,14
k019,290,6,-21,9,13
k019,290,7,-21,10,12
k019,290,8,-21,11,11
k019,290,9,-21,12,10
k019,290,10,-20,1,8
k019,290,11,-20,2,7
k019,290,12,-20,3,7
k019,291,1,-20,4,5
k019,291,2,-20,5,5
k019,291,3,-20,6,3
k019,291,4,-20,7,3
k019,291,5,-20,8,2
k019,291,6,-20,9,1
k019,291,7,-20,10,1
k019,291,8,-20,10,30
k019,291,9,-20,11,29
k019,291,10,-20,12,28
k019,291,11,-19,1,26
k019,291,12,-19,2,25
k019,292,1,-19,3,26
k019,292,2,-19,4,24
k019,292,3,-19,5,24
k019,292,4,-19,6,22
k019,292,5,-19,7,22
k019,292,6,-19,8,21
k019,292,7,-19,9,20
k019,292,8,-19,10,19
k019,292,9,-19,11,18
k019,292,10,-19,12,17
k019,292,11,-18,1,16
k019,292,12,-18,2,14
k019,292,12.5,-18,3,16
k019,293,1,-18,4,14
k019,293,2,-18,5,13
k019,293,3,-18,6,12
k019,293,4,-18,7,11
k019,293,5,-18,8,10
k019,293,6,-18,9,9
k019,293,7,-18,10,8
k019,293,8,-18,11,7
k019,293,9,-18,12,7
k019,293,10,-17,1,5
k019,293,11,-17,2,4
k019,293,12,-17,3,5
k019,294,1,-17,4,4
k019,294,2,-17,5,3
k019,294,3,-17,6,2
k019,294,4,-17,7,1
k019,294,5,-17,7,30
k019,294,6,-17,8,29
k019,294,7,-17,9,27
k019,294,8,-17,10,27
k019,294,9,-17,11,25
k019,294,10,-17,12,25
k019,294,11,-16,1,24
k019,294,12,-16,2,22
k019,294,12.5,-16,3,23
k019,295,1,-16,4,22
k019,295,2,-16,5,21
k019,295,3,-16,6,20
k019,295,4,-16,7,19
k019,295,5,-16,8,18
k019,295,6,-16,9,16
k019,295,7,-16,10,15
k019,295,8,-16,11,14
k019,295,9,-16,12,13
k019,295,10,-15,1,12
k019,295,11,-15,2,10
k019,295,12,-15,3,12
k019,296,1,-15,4,11
k019,296,2,-15,5,11
k019,296,3,-15,6,9
k019,296,4,-15,7,9
k019,296,5,-15,8,7
k019,296,6,-15,9,6
k019,296,7,-15,10,5
k019,296,8,-15,11,3
k019,296,9,-15,12,3
k019,296,10,-14,1,1
k019,296,11,-14,1,31
k019,296,12,-14,3,1
k019,297,1,-14,3,31
k019,297,2,-14,4,30
k019,297,3,-14,5,29
k019,297,4,-14,6,28
k019,297,5,-14,7,28
k019,297,6,-14,8,26
k019,297,7,-14,9,25
k019,297,8,-14,10,24
k019,297,9,-14,11,22
k019,297,10,-14,12,22
k019,297,11,-13,1,20
k019,297,12,-13,2,19
k019,297,12.5,-13,3,20
k019,298,1,-13,4,19
k019,298,2,-13,5,18
k019,298,3,-13,6,17
k019,298,4,-13,7,17
k019,298,5,-13,8,15
k019,298,6,-13,9,14
k019,298,7,-13,10,13
k019,298,8,-13,11,12
k019,298,9,-13,12,11
k019,298,10,-12,1,10
k019,298,11,-12,2,8
k019,298,12,-12,3,8
k019,299,1,-12,4,7
k019,299,2,-12,5,6
k019,299,3,-12,6,5
k019,299,4,-12,7,5
k019,299,5,-12,8,4
k019,299,6,-12,9,2
k019,299,7,-12,10,2
k019,299,8,-12,10,31
k019,299,9,-12,11,30
k019,299,10,-12,12,29
k019,299,11,-11,1,28
k019,299,12,-11,2,26
k019,300,1,-11,3,28
k019,300,2,-11,4,26
k019,300,3,-11,5,26
k019,300,4,-11,6,24
k019,300,5,-11,7,23
k019,300,6,-11,8,22
k019,300,7,-11,9,21
k019,300,8,-11,10,20
k019,300,9,-11,11,19
k019,300,10,-11,12,19
k019,300,11,-10,1,17
k019,300,12,-10,2,16
k019,300,12.5,-10,3,17
k019,301,1,-10,4,16
k019,301,2,-10,5,15
k019,301,3,-10,6,13
k019,301,4,-10,7,13
k019,301,5,-10,8,11
k019,301,6,-10,9,10
k019,301,7,-10,10,9
k019,301,8,-10,11,8
k019,301,9,-10,12,8
k019,301,10,-9,1,7
k019,301,11,-9,2,5
k019,301,12,-9,3,7
k019,302,1,-9,4,5
k019,302,2,-9,5,4
k019,302,3,-9,6,3
k019,302,4,-9,7,2
k019,302,5,-9,7,31
k019,302,6,-9,8,30
k019,302,7,-9,9,29
k019,302,8,-9,10,28
k019,302,9,-9,11,27
k019,302,10,-9,12,27
k019,302,11,-8,1,26
k019,302,12,-8,2,24
k019,303,1,-8,3,25
k019,303,2,-8,4,23
k019,303,3,-8,5,23
k019,303,4,-8,6,21
k019,303,5,-8,7,20
k019,303,6,-8,8,18
k019,303,6.5,-8,9,17
k019,303,7,-8,10,17
k019,303,8,-8,11,15
k019,303,9,-8,12,15
k019,303,10,-7,1,14
k019,303,11,-7,2,12
k019,303,12,-7,3,14
k019,304,1,-7,4,13
k019,304,2,-7,5,12
k019,304,3,-7,6,10
k019,304,4,-7,7,10
k019,304,5,-7,8,8
k019,304,6,-7,9,7
k019,304,7,-7,10,6
k019,304,8,-7,11,4
k019,304,9,-7,12,4
k019,304,10,-6,1,3
k019,304,12,-6,2,1
k019,304,12.5,-6,3,3
k019,305,1,-6,4,2
k019,305,2,-6,5,1
k019,305,3,-6,5,31
k019,305,4,-6,6,29
k019,305,5,-6,7,29
k019,305,6,-6,8,27
k019,305,7,-6,9,26
k019,305,8,-6,10,25
k019,305,9,-6,11,24
k019,305,10,-6,12,23
k019,305,11,-5,1,22
k019,305,12,-5,2,20
k019,305,12.5,-5,3,22
k019,306,1,-5,4,20
k019,306,2,-5,5,20
k019,306,3,-5,6,19
k019,306,4,-5,7,18
k019,306,5,-5,8,17
k019,306,6,-5,9,15
k019,306,7,-5,10,15
k019,306,8,-5,11,14
k019,306,9,-5,12,13
k019,306,10,-4,1,11
k019,306,11,-4,2,10
k019,306,12,-4,3,10
k019,307,1,-4,4,8
k019,307,2,-4,5,8
k019,307,3,-4,6,7
k019,307,4,-4,7,6
k019,307,5,-4,8,5
k019,307,6,-4,9,4
k019,307,7,-4,10,4
k019,307,8,-4,11,2
k019,307,9,-4,12,2
k019,307,10,-4,12,31
k019,307,11,-3,1,29
k019,307,12,-3,2,27
k019,308,1,-3,3,29
k019,308,2,-3,4,27
k019,308,3,-3,5,27
k019,308,4,-3,6,25
k019,308,5,-3,7,25
k019,308,6,-3,8,24
k019,308,7,-3,9,23
k019,308,8,-3,10,23
k019,308,9,-3,11,21
k019,308,10,-3,12,21
k019,308,11,-2,1,19
k019,308,12,-2,2,17
k019,308,12.5,-2,3,18
k019,309,1,-2,4,17
k019,309,2,-2,5,16
k019,309,3,-2,6,15
k019,309,4,-2,7,14
k019,309,5,-2,8,13
k019,309,6,-2,9,12
k019,309,7,-2,10,12
k019,309,8,-2,11,11
k019,309,9,-2,12,10
k019,309,10,-1,1,8
k019,309,11,-1,2,7
k019,309,12,-1,3,8
k019,310,1,-1,4,6
k019,310,2,-1,5,6
k019,310,3,-1,6,4
k019,310,4,-1,7,4
k019,310,5,-1,8,2
k019,310,6,-1,9,1
k019,310,7,-1,10,1
k019,310,8,-1,10,31
k019,310,9,-1,11,29
k019,310,10,-1,12,29
k019,310,11,0,1,27
k019,310,12,0,2,26
k019,311,1,0,3,26
k019,311,2,0,4,24
k019,311,3,0,5,24
k019,311,4,0,6,22
k019,311,5,0,7,22
k019,311,6,0,8,20
k019,311,7,0,9,19
k019,311,8,0,10,19
k019,311,9,0,11,17
k019,311,10,0,12,17
k019,311,11,1,1,15
k019,311,12,1,2,14
k019,311,12.5,1,3,16
k019,312,1,1,4,14
k019,312,2,1,5,13
k019,312,3,1,6,12
k019,312,4,1,7,11
k019,312,5,1,8,10
k019,312,6,1,9,9
k019,312,7,1,10,8
k019,312,8,1,11,6
k019,312,9,1,12,6
k019,312,10,2,1,4
k019,312,11,2,2,3
k019,312,12,2,3,5
k019,313,1,2,4,3
k019,313,2,2,5,3
k019,313,3,2,6,2
k019,313,4,2,7,1
k019,313,5,2,7,30
k019,313,6,2,8,29
k019,313,7,2,9,27
k019,313,8,2,10,27
k019,313,9,2,11,25
k019,313,10,2,12,24
k019,313,11,3,1,23
k019,313,12,3,2,22
k019,313,12.5,3,3,23
k019,314,1,3,4,22
k019,314,2,3,5,22
k019,314,3,3,6,20
k019,314,4,3,7,20
k019,314,5,3,8,18
k019,314,6,3,9,17
k019,314,7,3,10,16
k019,314,8,3,11,15
k019,314,9,3,12,14
k019,314,10,4,1,12
k019,314,11,4,2,11
k019,314,12,4,3,12
k019,315,1,4,4,10
k019,315,2,4,5,10
k019,315,3,4,6,9
k019,315,4,4,7,8
k019,315,5,4,8,7
k019,315,6,4,9,6
k019,315,7,4,10,5
k019,315,8,4,11,3
k019,315,9,4,12,2
k019,315,10,5,1,1
k019,315,11,5,1,30
k019,315,12,5,3,1
k019,316,1,5,3,30
k019,316,2,5,4,29
k019,316,3,5,5,29
k019,316,4,5,6,27
k019,316,5,5,7,27
k019,316,6,5,8,26
k019,316,7,5,9,24
k019,316,8,5,10,24
k019,316,9,5,11,22
k019,316,10,5,12,22
k019,316,11,6,1,20
k019,316,12,6,2,18
k019,316,12.5,6,3,20
k019,317,1,6,4,18
k019,317,2,6,5,18
k019,317,3,6,6,16
k019,317,4,6,7,16
k019,317,5,6,8,15
k019,317,6,6,9,13
k019,317,7,6,10,13
k019,317,8,6,11,12
k019,317,9,6,12,11
k019,317,10,7,1,10
k019,317,11,7,2,8
k019,317,12,7,3,10
k019,318,1,7,4,8
k019,318,2,7,5,7
k019,318,3,7,6,6
k019,318,4,7,7,6
k019,318,5,7,8,4
k019,318,6,7,9,2
k019,318,7,7,10,2
k019,318,8,7,11,1
k019,318,9,7,12,1
k019,318,10,7,12,30
k019,318,11,8,1,29
k019,318,12,8,2,27
k019,319,1,8,3,28
k019,319,2,8,4,26
k019,319,3,8,5,25
k019,319,4,8,6,24
k019,319,5,8,7,23
k019,319,6,8,8,21
k019,319,7,8,9,20
k019,319,8,8,10,20
k019,319,9,8,11,19
k019,319,10,8,12,18
k019,319,11,9,1,17
k019,319,12,9,2,16
k019,319,12.5,9,3,17
k019,320,1,9,4,16
k019,320,2,9,5,15
k019,320,3,9,6,13
k019,320,4,9,7,12
k019,320,5,9,8,11
k019,320,6,9,9,9
k019,320,7,9,10,9
k019,320,8,9,11,8
k019,320,9,9,12,7
k019,320,10,10,1,6
k019,320,11,10,2,5
k019,320,12,10,3,7
k019,321,1,10,4,5
k019,321,2,10,5,5
k019,321,3,10,6,3
k019,321,4,10,7,2
k019,321,5,10,8,1
k019,321,6,10,8,30
k019,321,7,10,9,28
k019,321,8,10,10,28
k019,321,9,10,11,27
k019,321,10,10,12,26
k019,321,11,11,1,25
k019,321,12,11,2,24
k019,322,1,11,3,25
k019,322,2,11,4,23
k019,322,3,11,5,23
k019,322,4,11,6,22
k019,322,5,11,7,21
k019,322,6,11,8,19
k019,322,6.5,11,9,18
k019,322,7,11,10,17
k019,322,8,11,11,16
k019,322,9,11,12,16
k019,322,10,12,1,14
k019,322,11,12,2,13
k019,322,12,12,3,13
k019,323,1,12,4,12
k019,323,2,12,5,12
k019,323,3,12,6,10
k019,323,4,12,7,10
k019,323,5,12,8,8
k019,323,6,12,9,7
k019,323,7,12,10,6
k019,323,8,12,11,5
k019,323,9,12,12,4
k019,323,10,13,1,3
k019,323,11,13,2,1
k019,323,12,13,3,3
k019,324,1,13,4,1
k019,324,2,13,5,1
k019,324,3,13,5,30
k019,324,4,13,6,29
k019,324,5,13,7,28
k019,324,6,13,8,27
k019,324,7,13,9,26
k019,324,8,13,10,25
k019,324,9,13,11,24
k019,324,10,13,12,23
k019,324,11,14,1,21
k019,324,12,14,2,20
k019,324,12.5,14,3,21
k019,325,1,14,4,20
k019,325,2,14,5,19
k019,325,3,14,6,18
k019,325,4,14,7,18
k019,325,5,14,8,16
k019,325,6,14,9,15
k019,325,7,14,10,15
k019,325,8,14,11,14
k019,325,9,14,12,13
k019,325,10,15,1,11
k019,325,11,15,2,9
k019,325,12,15,3,11
k019,326,1,15,4,9
k019,326,2,15,5,9
k019,326,3,15,6,7
k019,326,4,15,7,7
k019,326,5,15,8,5
k019,326,6,15,9,4
k019,326,7,15,10,4
k019,326,8,15,11,3
k019,326,9,15,12,3
k019,326,10,16,1,1
k019,326,11,16,1,30
k019,326,12,16,2,28
k019,327,1,16,3,29
k019,327,2,16,4,27
k019,327,3,16,5,26
k019,327,4,16,6,25
k019,327,5,16,7,24
k019,327,6,16,8,23
k019,327,7,16,9,22
k019,327,8,16,10,22
k019,327,9,16,11,21
k019,327,10,16,12,20
k019,327,11,17,1,19
k019,327,12,17,2,17
k019,327,12.5,17,3,19
k019,328,1,17,4,17
k019,328,2,17,5,16
k019,328,3,17,6,14
k019,328,4,17,7,14
k019,328,5,17,8,13
k019,328,6,17,9,11
k019,328,7,17,10,11
k019,328,8,17,11,10
k019,328,9,17,12,9
k019,328,10,18,1,8
k019,328,11,18,2,7
k019,328,12,18,3,8
k019,329,1,18,4,6
k019,329,2,18,5,6
k019,329,3,18,6,4
k019,329,4,18,7,4
k019,329,5,18,8,2
k019,329,6,18,9,1
k019,329,7,18,9,30
k019,329,8,18,10,30
k019,329,9,18,11,28
k019,329,10,18,12,28
k019,329,11,19,1,27
k019,329,12,19,2,25
k019,330,1,19,3,27
k019,330,2,19,4,25
k019,330,3,19,5,25
k019,330,4,19,6,23
k019,330,5,19,7,23
k019,330,6,19,8,21
k019,330,7,19,9,20
k019,330,8,19,10,19
k019,330,9,19,11,18
k019,330,10,19,12,17
k019,330,11,20,1,16
k019,330,12,20,2,14
k019,330,12.5,20,3,15
k019,331,1,20,4,14
k019,331,2,20,5,13
k019,331,3,20,6,12
k019,331,4,20,7,11
k019,331,5,20,8,10
k019,331,6,20,9,8
k019,331,7,20,10,8
k019,331,8,20,11,6
k019,331,9,20,12,5
k019,331,10,21,1,4
k019,331,11,21,2,2
k019,331,12,21,3,4
k019,332,1,21,4,3
k019,332,2,21,5,2
k019,332,3,21,6,1
k019,332,4,21,7,1
k019,332,5,21,7,30
k019,332,6,21,8,29
k019,332,7,21,9,27
k019,332,8,21,10,27
k019,332,9,21,11,25
k019,332,10,21,12,24
k019,332,11,22,1,23
k019,332,12,22,2,21
k019,332,12.5,22,3,23
k019,333,1,22,4,21
k019,333,2,22,5,21
k019,333,3,22,6,20
k019,333,4,22,7,20
k019,333,5,22,8,18
k019,333,6,22,9,17
k019,333,7,22,10,16
k019,333,8,22,11,15
k019,333,9,22,12,14
k019,333,10,23,1,12
k019,333,11,23,2,11
k019,333,12,23,3,12
k019,334,1,23,4,11
k019,334,2,23,5,10
k019,334,3,23,6,9
k019,334,4,23,7,9
k019,334,5,23,8,8
k019,334,6,23,9,6
k019,334,7,23,10,6
k019,334,8,23,11,4
k019,334,9,23,12,3
k019,334,10,24,1,2
k019,334,11,24,1,31
k019,334,12,24,3,1
k019,335,1,24,3,30
k019,335,2,24,4,29
k019,335,3,24,5,28
k019,335,4,24,6,27
k019,335,5,24,7,26
k019,335,6,24,8,25
k019,335,7,24,9,24
k019,335,8,24,10,23
k019,335,9,24,11,22
k019,335,10,24,12,21
k019,335,11,25,1,20
k019,335,12,25,2,18
k019,335,12.5,25,3,20
k019,336,1,25,4,18
k019,336,2,25,5,18
k019,336,3,25,6,16
k019,336,4,25,7,16
k019,336,5,25,8,14
k019,336,6,25,9,13
k019,336,7,25,10,12
k019,336,8,25,11,11
k019,336,9,25,12,11
k019,336,10,26,1,10
k019,336,11,26,2,8
k019,336,12,26,3,10
k019,337,1,26,4,8
k019,337,2,26,5,7
k019,337,3,26,6,6
k019,337,4,26,7,5
k019,337,5,26,8,3
k019,337,6,26,9,2
k019,337,7,26,10,1
k019,337,8,26,10,31
k019,337,9,26,11,30
k019,337,10,26,12,30
k019,337,11,27,1,28
k019,337,12,27,2,27
k019,338,1,27,3,28
k019,338,2,27,4,27
k019,338,3,27,5,26
k019,338,4,27,6,24
k019,338,5,27,7,24
k019,338,6,27,8,22
k019,338,7,27,9,21
k019,338,8,27,10,20
k019,338,9,27,11,19
k019,338,10,27,12,19
k019,338,11,28,1,18
k019,338,12,28,2,16
k019,338,12.5,28,3,17
k019,339,1,28,4,15
k019,339,2,28,5,15
k019,339,3,28,6,13
k019,339,4,28,7,12
k019,339,5,28,8,11
k019,339,6,28,9,9
k019,339,7,28,10,9
k019,339,8,28,11,7
k019,339,9,28,12,7
k019,339,10,29,1,6
k019,339,11,29,2,4
k019,339,12,29,3,6
k019,340,1,29,4,5
k019,340,2,29,5,4
k019,340,3,29,6,3
k019,340,4,29,7,2
k019,340,5,29,7,31
k019,340,6,29,8,30
k019,340,7,29,9,28
k019,340,8,29,10,28
k019,340,9,29,11,26
k019,340,10,29,12,26
k019,340,11,30,1,24
k019,340,12,30,2,23
k019,341,1,30,3,25
k019,341,2,30,4,23
k019,341,3,30,5,23
k019,341,4,30,6,21
k019,341,5,30,7,21
k019,341,6,30,8,19
k019,341,6.5,30,9,18
k019,341,7,30,10,17
k019,341,8,30,11,16
k019,341,9,30,12,15
k019,341,10,31,1,14
k019,341,11,31,2,12
k019,341,12,31,3,14
k019,342,1,31,4,12
k019,342,2,31,5,12
k019,342,3,31,6,11
k019,342,4,31,7,10
k019,342,5,31,8,9
k019,342,6,31,9,7
k019,342,7,31,10,7
k019,342,8,31,11,6
k019,342,9,31,12,5
k019,342,10,32,1,3
k019,342,11,32,2,2
k019,342,12,32,3,2
k019,343,1,32,4,1
k019,343,2,32,4,30
k019,343,3,32,5,30
k019,343,4,32,6,28
k019,343,5,32,7,28
k019,343,6,32,8,27
k019,343,7,32,9,26
k019,343,8,32,10,25
k019,343,9,32,11,24
k019,343,10,32,12,23
k019,343,11,33,1,21
k019,343,12,33,2,20
k019,343,12.5,33,3,21
k019,344,1,33,4,19
k019,344,2,33,5,19
k019,344,3,33,6,17
k019,344,4,33,7,17
k019,344,5,33,8,16
k019,344,6,33,9,15
k019,344,7,33,10,15
k019,344,8,33,11,13
k019,344,9,33,12,13
k019,344,10,34,1,11
k019,344,11,34,2,9
k019,344,12,34,3,11
k019,345,1,34,4,9
k019,345,2,34,5,8
k019,345,3,34,6,7
k019,345,4,34,7,6
k019,345,5,34,8,5
k019,345,6,34,9,4
k019,345,7,34,10,4
k019,345,8,34,11,2
k019,345,9,34,12,2
k019,345,10,35,1,1
k019,345,11,35,1,30
k019,345,12,35,2,28
k019,346,1,35,3,30
k019,346,2,35,4,28
k019,346,3,35,5,27
k019,346,4,35,6,26
k019,346,5,35,7,25
k019,346,6,35,8,24
k019,346,7,35,9,23
k019,346,8,35,10,22
k019,346,9,35,11,21
k019,346,10,35,12,21
k019,346,11,36,1,19
k019,346,12,36,2,18
k019,346,12.5,36,3,18
k019,347,1,36,4,17
k019,347,2,36,5,16
k019,347,3,36,6,14
k019,347,4,36,7,14
k019,347,5,36,8,12
k019,347,6,36,9,11
k019,347,7,36,10,11
k019,347,8,36,11,9
k019,347,9,36,12,9
k019,347,10,37,1,7
k019,347,11,37,2,6
k019,347,12,37,3,8
k019,348,1,37,4,6
k019,348,2,37,5,6
k019,348,3,37,6,4
k019,348,4,37,7,4
k019,348,5,37,8,2
k019,348,6,37,8,31
k019,348,7,37,9,30
k019,348,8,37,10,30
k019,348,9,37,11,28
k019,348,10,37,12,27
k019,348,11,38,1,26
k019,348,12,38,2,25
k019,349,1,38,3,26
k019,349,2,38,4,25
k019,349,3,38,5,25
k019,349,4,38,6,23
k019,349,5,38,7,23
k019,349,6,38,8,21
k019,349,7,38,9,20
k019,349,8,38,10,19
k019,349,9,38,11,17
k019,349,10,38,12,17
k019,349,11,39,1,15
k019,349,12,39,2,14
k019,349,12.5,39,3,15
k019,350,1,39,4,14
k019,350,2,39,5,14
k019,350,3,39,6,12
k019,350,4,39,7,12
k019,350,5,39,8,11
k019,350,6,39,9,9
k019,350,7,39,10,9
k019,350,8,39,11,7
k019,350,9,39,12,6
k019,350,10,40,1,5
k019,350,11,40,2,3
k019,350,12,40,3,4
k019,351,1,40,4,2
k019,351,2,40,5,2
k019,351,3,40,5,31
k019,351,4,40,6,30
k019,351,5,40,7,30
k019,351,6,40,8,29
k019,351,7,40,9,27
k019,351,8,40,10,27
k019,351,9,40,11,25
k019,351,10,40,12,24
k019,351,11,41,1,23
k019,351,12,41,2,21
k019,351,12.5,41,3,22
k019,352,1,41,4,21
k019,352,2,41,5,21
k019,352,3,41,6,19
k019,352,4,41,7,19
k019,352,5,41,8,18
k019,352,6,41,9,17
k019,352,7,41,10,16
k019,352,8,41,11,14
k019,352,9,41,12,14
k019,352,10,42,1,12
k019,352,11,42,2,11
k019,352,12,42,3,12
k019,353,1,42,4,10
k019,353,2,42,5,10
k019,353,3,42,6,8
k019,353,4,42,7,8
k019,353,5,42,8,7
k019,353,6,42,9,5
k019,353,7,42,10,5
k019,353,8,42,11,4
k019,353,9,42,12,3
k019,353,10,43,1,1
k019,353,11,43,1,31
k019,353,12,43,3,2
k019,354,1,43,3,31
k019,354,2,43,4,29
k019,354,3,43,5,29
k019,354,4,43,6,27
k019,354,5,43,7,27
k019,354,6,43,8,25
k019,354,7,43,9,24
k019,354,8,43,10,24
k019,354,9,43,11,22
k019,354,10,43,12,22
k019,354,11,44,1,21
k019,354,12,44,2,19
k019,354,12.5,44,3,20
k019,355,1,44,4,18
k019,355,2,44,5,18
k019,355,3,44,6,16
k019,355,4,44,7,15
k019,355,5,44,8,14
k019,355,6,44,9,12
k019,355,7,44,10,12
k019,355,8,44,11,10
k019,355,9,44,12,10
k019,355,10,45,1,9
k019,355,11,45,2,8
k019,355,12,45,3,9
k019,356,1,45,4,8
k019,356,2,45,5,7
k019,356,3,45,6,6
k019,356,4,45,7,5
k019,356,5,45,8,3
k019,356,6,45,9,2
k019,356,7,45,10,1
k019,356,8,45,10,31
k019,356,9,45,11,29
k019,356,10,45,12,29
k019,356,11,46,1,28
k019,356,12,46,2,27
k019,357,1,46,3,28
k019,357,2,46,4,27
k019,357,3,46,5,26
k019,357,4,46,6,25
k019,357,5,46,7,24
k019,357,6,46,8,22
k019,357,7,46,9,20
k019,357,8,46,10,20
k019,357,9,46,11,19
k019,357,10,46,12,18
k019,357,11,47,1,17
k019,357,12,47,2,16
k019,357,12.5,47,3,17
k019,358,1,47,4,16
k019,358,2,47,5,16
k019,358,3,47,6,14
k019,358,4,47,7,13
k019,358,5,47,8,12
k019,358,6,47,9,10
k019,358,7,47,10,10
k019,358,8,47,11,8
k019,358,9,47,12,8
k019,358,10,48,1,6
k019,358,11,48,2,5
k019,358,12,48,3,5
k019,359,1,48,4,4
k019,359,2,48,5,4
k019,359,3,48,6,2
k019,359,4,48,7,2
k019,359,5,48,7,31
k019,359,6,48,8,30
k019,359,7,48,9,28
k019,359,8,48,10,28
k019,359,9,48,11,26
k019,359,10,48,12,26
k019,359,11,49,1,24
k019,359,12,49,2,23
k019,360,1,49,3,24
k019,360,2,49,4,23
k019,360,3,49,5,22
k019,360,4,49,6,21
k019,360,5,49,7,20
k019,360,6,49,8,19
k019,360,6.5,49,9,18
k019,360,7,49,10,18
k019,360,8,49,11,16
k019,360,9,49,12,15
k019,360,10,50,1,14
k019,360,11,50,2,12
k019,360,12,50,3,13
k019,361,1,50,4,12
k019,361,2,50,5,11
k019,361,3,50,6,10
k019,361,4,50,7,9
k019,361,5,50,8,8
k019,361,6,50,9,7
k019,361,7,50,10,7
k019,361,8,50,11,6
k019,361,9,50,12,5
k019,361,10,51,1,4
k019,361,11,51,2,2
k019,361,12,51,3,3
k019,362,1,51,4,1
k019,362,2,51,5,1
k019,362,3,51,5,30
k019,362,4,51,6,29
k019,362,5,51,7,28
k019,362,6,51,8,27
k019,362,7,51,9,26
k019,362,8,51,10,26
k019,362,9,51,11,25
k019,362,10,51,12,24
k019,362,11,52,1,22
k019,362,12,52,2,21
k019,362,12.5,52,3,21
k019,363,1,52,4,19
k019,363,2,52,5,19
k019,363,3,52,6,17
k019,363,4,52,7,16
k019,363,5,52,8,15
k019,363,6,52,9,14
k019,363,7,52,10,14
k019,363,8,52,11,13
k019,363,9,52,12,12
k019,363,10,53,1,11
k019,363,11,53,2,9
k019,363,12,53,3,11
k019,364,1,53,4,9
k019,364,2,53,5,8
k019,364,3,53,6,7
k019,364,4,53,7,6
k019,364,5,53,8,5
k019,364,6,53,9,3
k019,364,7,53,10,3
k019,364,8,53,11,2
k019,364,9,53,12,1
k019,364,10,53,12,31
k019,364,11,54,1,30
k019,364,12,54,2,28
k019,365,1,54,3,30
k019,365,2,54,4,28
k019,365,3,54,5,27
k019,365,4,54,6,26
k019,365,5,54,7,25
k019,365,6,54,8,24
k019,365,7,54,9,22
k019,365,8,54,10,22
k019,365,9,54,11,20
k019,365,10,54,12,20
k019,365,11,55,1,19
k019,365,12,55,2,17
k019,365,12.5,55,3,19
k019,366,1,55,4,17
k019,366,2,55,5,17
k019,366,3,55,6,15
k019,366,4,55,7,15
k019,366,5,55,8,13
k019,366,6,55,9,12
k019,366,7,55,10,11
k019,366,8,55,11,10
k019,366,9,55,12,9
k019,366,10,56,1,8
k019,366,11,56,2,6
k019,366,12,56,3,7
k019,367,1,56,4,6
k019,367,2,56,5,5
k019,367,3,56,6,4
k019,367,4,56,7,4
k019,367,5,56,8,2
k019,367,6,56,9,1
k019,367,7,56,9,30
k019,367,8,56,10,29
k019,367,9,56,11,28
k019,367,10,56,12,27
k019,367,11,57,1,25
k019,367,12,57,2,24
k019,368,1,57,3,26
k019,368,2,57,4,24
k019,368,3,57,5,24
k019,368,4,57,6,23
k019,368,5,57,7,23
k019,368,6,57,8,21
k019,368,7,57,9,20
k019,368,8,57,10,19
k019,368,9,57,11,17
k019,368,10,57,12,17
k019,368,11,58,1,15
k019,368,12,58,2,13
k019,368,12.5,58,3,15
k019,369,1,58,4,13
k019,369,2,58,5,13
k019,369,3,58,6,12
k019,369,4,58,7,12
k019,369,5,58,8,10
k019,369,6,58,9,9
k019,369,7,58,10,9
k019,369,8,58,11,7
k019,369,9,58,12,6
k019,369,10,59,1,5
k019,369,11,59,2,3
k019,369,12,59,3,4
k019,370,1,59,4,3
k019,370,2,59,5,2
k019,370,3,59,6,1
k019,370,4,59,7,1
k019,370,5,59,7,30
k019,370,6,59,8,29
k019,370,7,59,9,28
k019,370,8,59,10,27
k019,370,9,59,11,26
k019,370,10,59,12,25
k019,370,11,60,1,24
k019,370,12,60,2,22
k019,370,12.5,60,3,22
k019,371,1,60,4,21
k019,371,2,60,5,20
k019,371,3,60,6,19
k019,371,4,60,7,18
k019,371,5,60,8,17
k019,371,6,60,9,16
k019,371,7,60,10,15
k019,371,8,60,11,14
k019,371,9,60,12,14
k019,371,10,61,1,12
k019,371,11,61,2,11
k019,371,12,61,3,12
k019,372,1,61,4,10
k019,372,2,61,5,10
k019,372,3,61,6,8
k019,372,4,61,7,8
k019,372,5,61,8,6
k019,372,6,61,9,5
k019,372,7,61,10,4
k019,372,8,61,11,3
k019,372,9,61,12,3
k019,372,10,62,1,1
k019,372,11,62,1,31
k019,372,12,62,3,1
k019,373,1,62,3,31
k019,373,2,62,4,30
k019,373,3,62,5,29
k019,373,4,62,6,27
k019,373,5,62,7,27
k019,373,6,62,8,25
k019,373,7,62,9,23
k019,373,8,62,10,23
k019,373,9,62,11,22
k019,373,10,62,12,22
k019,373,11,63,1,20
k019,373,12,63,2,19
k019,373,12.5,63,3,21
k019,374,1,63,4,19
k019,374,2,63,5,19
k019,374,3,63,6,17
k019,374,4,63,7,16
k019,374,5,63,8,15
k019,374,6,63,9,13
k019,374,7,63,10,12
k019,374,8,63,11,11
k019,374,9,63,12,11
k019,374,10,64,1,9
k019,374,11,64,2,8
k019,374,12,64,3,9
k019,375,1,64,4,7
k019,375,2,64,5,7
k019,375,3,64,6,5
k019,375,4,64,7,5
k019,375,5,64,8,3
k019,375,6,64,9,1
k019,375,7,64,10,1
k019,375,8,64,10,30
k019,375,9,64,11,29
k019,375,10,64,12,29
k019,375,11,65,1,28
k019,375,12,65,2,26
k019,376,1,65,3,27
k019,376,2,65,4,26
k019,376,3,65,5,26
k019,376,4,65,6,24
k019,376,5,65,7,24
k019,376,6,65,8,22
k019,376,7,65,9,21
k019,376,8,65,10,20
k019,376,9,65,11,18
k019,376,10,65,12,18
k019,376,11,66,1,17
k019,376,12,66,2,15
k019,376,12.5,66,3,16
k019,377,1,66,4,15
k019,377,2,66,5,15
k019,377,3,66,6,13
k019,377,4,66,7,13
k019,377,5,66,8,12
k019,377,6,66,9,10
k019,377,7,66,10,10
k019,377,8,66,11,8
k019,377,9,66,12,8
k019,377,10,67,1,6
k019,377,11,67,2,4
k019,377,12,67,3,6
k019,378,1,67,4,4
k019,378,2,67,5,4
k019,378,3,67,6,2
k019,378,4,67,7,2
k019,378,5,67,8,1
k019,378,6,67,8,30
k019,378,7,67,9,29
k019,378,8,67,10,29
k019,378,9,67,11,27
k019,378,10,67,12,27
k019,378,11,68,1,25
k019,378,12,68,2,23
k019,379,1,68,3,24
k019,379,2,68,4,22
k019,379,3,68,5,22
k019,379,4,68,6,20
k019,379,5,68,7,20
k019,379,6,68,8,18
k019,379,6.5,68,9,17
k019,379,7,68,10,17
k019,379,8,68,11,16
k019,379,9,68,12,15
k019,379,10,69,1,14
k019,379,11,69,2,12
k019,379,12,69,3,13
k019,380,1,69,4,12
k019,380,2,69,5,11
k019,380,3,69,6,9
k019,380,4,69,7,9
k019,380,5,69,8,7
k019,380,6,69,9,6
k019,380,7,69,10,6
k019,380,8,69,11,5
k019,380,9,69,12,5
k019,380,10,70,1,3
k019,380,11,70,2,2
k019,380,12,70,3,3
k019,381,1,70,4,1
k019,381,2,70,5,1
k019,381,3,70,5,30
k019,381,4,70,6,28
k019,381,5,70,7,28
k019,381,6,70,8,26
k019,381,7,70,9,25
k019,381,8,70,10,25
k019,381,9,70,11,24
k019,381,10,70,12,24
k019,381,11,71,1,22
k019,381,12,71,2,21
k019,381,12.5,71,3,22
k019,382,1,71,4,20
k019,382,2,71,5,20
k019,382,3,71,6,18
k019,382,4,71,7,17
k019,382,5,71,8,16
k019,382,6,71,9,15
k019,382,7,71,10,14
k019,382,8,71,11,13
k019,382,9,71,12,12
k019,382,10,72,1,11
k019,382,11,72,2,10
k019,382,12,72,3,10
k019,383,1,72,4,9
k019,383,2,72,5,8
k019,383,3,72,6,7
k019,383,4,72,7,6
k019,383,5,72,8,5
k019,383,6,72,9,3
k019,383,7,72,10,3
k019,383,8,72,11,1
k019,383,9,72,12,1
k019,383,10,72,12,30
k019,383,11,73,1,29
k019,383,12,73,2,28
k019,384,1,73,3,29
k019,384,2,73,4,28
k019,384,3,73,5,27
k019,384,4,73,6,26
k019,384,5,73,7,25
k019,384,6,73,8,24
k019,384,7,73,9,22
k019,384,8,73,10,22
k019,384,9,73,11,20
k019,384,10,73,12,19
k019,384,11,74,1,18
k019,384,12,74,2,17
k019,384,12.5,74,3,18
k019,385,1,74,4,17
k019,385,2,74,5,17
k019,385,3,74,6,15
k019,385,4,74,7,15
k019,385,5,74,8,14
k019,385,6,74,9,12
k019,385,7,74,10,11
k019,385,8,74,11,10
k019,385,9,74,12,9
k019,385,10,75,1,7
k019,385,11,75,2,6
k019,385,12,75,3,7
k019,386,1,75,4,6
k019,386,2,75,5,5
k019,386,3,75,6,4
k019,386,4,75,7,4
k019,386,5,75,8,3
k019,386,6,75,9,2
k019,386,7,75,10,1
k019,386,8,75,10,31
k019,386,9,75,11,29
k019,386,10,75,12,28
k019,386,11,76,1,26
k019,386,12,76,2,25
